Batman Returns (USA, Europe)|Action|277F82C2
Battle Wheels (USA, Europe)|Action|779FAECE
Battlezone 2000 (USA, Europe)|Action|30FEE726
Bill & Ted's Excellent Adventure (USA, Europe)|Action|143A313E
Block Out (USA, Europe)|Action|3CD75DF3
Bubble Trouble (USA, Europe)|Action|333DAECE
Desert Strike - Return to the Gulf (USA, Europe)|Action|B9AC1FE5
Dirty Larry - Renegade Cop (USA, Europe)|Action|D565FBB7
Double Dragon (USA, Europe)|Action|FBFC0F05
Dracula the Undead (USA, Europe)|Action|33BB74C7
Electrocop (USA, Europe)|Action|BD97116B
European Soccer Challenge (USA, Europe)|Action|F83397F9
Fat Bobby (USA, Europe)|Action|9034EE27
Gates of Zendocon, The (USA, Europe)|Action|494CC568
Gauntlet - The Third Encounter (USA, Europe)|Action|7F0EC7AD
Gordo 106 - The Mutated Lab Monkey (USA, Europe)|Action|D20A85FC
Kung Food (USA, Europe)|Action|CD1BD405
Lynx Casino (USA, Europe)|Action|1091A268
Ms. Pac-Man (USA, Europe)|Action|7DE3783A
Paperboy (USA, Europe)|Action|4CDFBD57
Pinball Jam (USA, Europe)|Action|14D38CA7
Pit Fighter - The Ultimate Competition (USA, Europe)|Action|2393135F
Power Factor (USA, Europe)|Action|99C42034
Rampage (USA, Europe)|Action|B10B7C8E
Rampart (USA, Europe)|Action|139F301D
Robo-Squash (USA, Europe)|Action|D1DFF2B2
Rygar - Legendary Warrior (USA, Europe)|Action|67E5BDBA
S.T.U.N. Runner (USA, Europe)|Action|8595C40B
Steel Talons (USA, Europe)|Action|5B2308ED
Super Skweek (USA, Europe)|Action|DFA61571
Todd's Adventures in Slime World (USA, Europe)|Action|AE267E29
Tournament Cyberball (USA, Europe)|Action|0590A9E3
Turbo Sub (USA, Europe)|Action|A4B924D6
Viking Child (USA, Europe)|Action|8D56828B
Warbirds (USA, Europe)|Action|B946BA49
Xenophobe (USA, Europe)|Action|9BED736D
Xybots (USA, Europe)|Action|89E2A595
Zarlor Mercenary (USA, Europe)|Action|CB27199D
