Alchemist Marie & Elie - Futari no Atelier (Japan)|Strategy|B18CDC0D
Arc the Lad - Kishin Fukkatsu (Japan)|Strategy|E2317345
Dark Eyes - Battle Gate (Japan)|Strategy|12AE932C
Digital Monster Card Game - Ver. WonderSwan Color (Japan)|Strategy|603CB5E6
Dokodemo Hamster 3 - Odekake Saffron (Japan)|Strategy|93E19F13
Front Mission (Japan)|Strategy|2F9E2560
Kidou Senshi Gundam - Giren no Yabou - Tokubetsu Hen - Aoki Hoshi no Hasha (Japan)|Strategy|D4061551
Kidou Senshi Gundam Vol. 1 - Side 7 (Japan)|Strategy|08C0247B
Kidou Senshi Gundam Vol. 2 - Jaburo (Japan)|Strategy|39A1391A
Kidou Senshi Gundam Vol. 3 - A Baoa Qu (Japan)|Strategy|A9F5BF54
Namco Super Wars (Japan)|Strategy|8CE4652F
Pocket no Naka no Doraemon (Japan)|Strategy|2B61BB2B
SD Gundam G Generation - Gather Beat 2 (Japan)|Strategy|4D21A347
SD Gundam G Generation - Mono-Eye Gundams (Japan)|Strategy|6ACA1F04
Super Robot Taisen Compact 3 (Japan) (v1.5)|Strategy|6918C824
Super Robot Taisen Compact 3 (Japan) (v1.6)|Strategy|188CA644
Super Robot Taisen Compact for WonderSwan Color (Japan)|Strategy|16E0D929
Uchuu Senkan Yamato (Japan)|Strategy|5793BDDA
X - Card of Fate (Japan)|Strategy|66B617D5
