Chou Denki Card Battle - Youfu Makai (Japan)|Miscellaneous|56E2C069
Fever - Sankyo Koushiki Pachinko Simulation for WonderSwan (Japan)|Miscellaneous|8922DD0B
Gomoku Narabe & Reversi - Touryuumon (Japan)|Miscellaneous|6CD1411E
Hanafuda Shiyouyo (Japan)|Miscellaneous|8E027330
Kosodate Quiz Dokodemo - My Angel (Japan)|Miscellaneous|4C48624C
Mahjong Touryuumon (Japan)|Miscellaneous|E7E7FD4C
Morita Shougi for WonderSwan (Japan)|Miscellaneous|B159C30D
Nihon Pro Mahjong Renmei Kounin - Tetsuman (Japan)|Miscellaneous|44B3E67C
Pro Mahjong Kiwame for WonderSwan (Japan)|Miscellaneous|90F7E6D6
Ring Infinity (Japan)|Miscellaneous|14ADBD4B
Robot Works (Asia) (En,Ja)|Miscellaneous|BE6BE690
Robot Works (Japan)|Miscellaneous|6ADF0E32
Shougi Touryuumon (Japan)|Miscellaneous|FFF1C0D6
Taikyoku Igo - Heisei Kiin (Japan)|Miscellaneous|9597F37F
Trump Collection - Bottom-Up Teki Trump Seikatsu (Japan)|Miscellaneous|07A3B862
