2010 - Street Fighter (Japan)|Action|18A885B0
3-D WorldRunner (USA)|Action|E6A477B2
Advanced Dungeons & Dragons - DragonStrike (USA)|Action|2C5908A7
Adventures in the Magic Kingdom (Europe)|Action|6B761858
Adventures in the Magic Kingdom (USA)|Action|5DBD6099
Adventures in the Magic Kingdom (USA) (Beta 1)|Action|3CF749DE
Adventures in the Magic Kingdom (USA) (Beta 2)|Action|4FBBE319
Adventures of Bayou Billy, The (Europe)|Action|BC9BFFCB
Adventures of Bayou Billy, The (USA)|Action|67751094
Adventures of Gilligan's Island, The (USA)|Action|55773880
Adventures of Tom Sawyer (USA)|Action|6E85D8DD
Air Fortress (Europe)|Action|A1F90826
Air Fortress (Japan)|Action|3E785DC3
Air Fortress (USA)|Action|35C41CD4
Airball (Unknown) (Proto 1)|Action|0143EEB4
Airball (Unknown) (Proto 2)|Action|240863B9
Airwolf (Europe)|Action|4D345422
Airwolf (Japan)|Action|FB8A9B80
Airwolf (USA)|Action|489EF6A2
Arkanoid (Japan)|Action|D89E5A67
Arkanoid (USA)|Action|32FB0583
Arkanoid II (Japan)|Action|0F141525
Arkanoid II (Japan) (Beta)|Action|FC8DEBEF
Arkista's Ring (USA)|Action|1425D7F4
Armadillo (Japan)|Action|78B657AC
Attack of the Killer Tomatoes (Europe)|Action|A6153536
Attack of the Killer Tomatoes (USA)|Action|7C6F615F
Back to the Future (USA)|Action|A55FA397
Bad Dudes (USA)|Action|161D717B
Bad Dudes vs. Dragon Ninja (Europe)|Action|8C252AC4
Bad Street Brawler (USA)|Action|1AE7B933
Balloon Fight (Europe)|Action|E54138A9
Balloon Fight (Japan)|Action|2B462010
Balloon Fight (USA)|Action|401349A8
Batman Returns (Europe)|Action|79D48F34
Batman Returns (USA)|Action|C247A23D
Batman Returns (Unknown) (Beta)|Action|78CC796B
Batsu & Terry - Makyou no Tetsujin Race (Japan)|Action|F989296C
Battletoads (Europe)|Action|524A5A32
Battletoads (Japan)|Action|9806CB84
Battletoads (USA)|Action|279710DC
Battletoads-Double Dragon (Europe)|Action|23D7D48F
Battletoads-Double Dragon (USA)|Action|CEB65B06
Bee 52 (USA) (Unl)|Action|6C93377C
Bill & Ted's Excellent Video Game Adventure (USA)|Action|C4B6ED3C
Binary Land (Japan)|Action|F5F435B1
Bird Week (Japan)|Action|A8A9B982
Bird Week (Japan) (Beta)|Action|F278E465
Bomber King (Japan)|Action|BD9D0E85
Bomber Man (Japan)|Action|F2FC8212
Bomberman (USA)|Action|DB9DCF89
Booby Kids (Japan)|Action|4178497A
Captain America and the Avengers (Australia)|Action|5A62F17F
Captain America and the Avengers (USA)|Action|58C7DDAF
Captain Silver (Japan)|Action|CB0A3AF4
Castelian (Europe)|Action|CF7CA9BD
Castelian (USA)|Action|0AE6C9E2
Castle of Dragon (USA)|Action|2F2D1FA9
Chack'n Pop (Japan)|Action|622F059D
Challenge of the Dragon (Asia) (PAL) (Unl)|Action|7DD0AFC8
Challenge of the Dragon (USA) (Unl)|Action|D188963D
Challenger (Japan)|Action|73418721
Cheetahmen II (USA) (Unl)|Action|9AB274AE
Chester Field - Ankoku Shin e no Chousen (Japan)|Action|6C70A17B
Chester Field - Ankoku Shin e no Chousen (Japan) (Beta)|Action|53328FC4
Chinese KungFu (Asia) (Unl)|Action|91440AAB
Chip's Challenge (USA) (v0.924B) (Proto)|Action|6ED31CCD
Chubby Cherub (USA)|Action|77833016
City Adventure Touch - Mystery of Triangle (Japan)|Action|B834EB30
Cliffhanger (USA)|Action|57C2AE4E
Clu Clu Land (USA) (GameCube Edition)|Action|DFEFE8CD
Clu Clu Land (World)|Action|48F68D40
Cobra Triangle (Europe)|Action|898E4232
Cobra Triangle (USA)|Action|C8AD4F32
Code Name - Viper (USA)|Action|E2313813
Colorful Dragon (Asia) (PAL) (Unl)|Action|F283CF58
Conquest of the Crystal Palace (USA)|Action|20A5219B
Cool World (USA)|Action|D73AA04C
Cosmo Genesis (Japan)|Action|0CD79B71
Cosmo Police Galivan (Japan)|Action|E53F7A55
Cowboy Kid (USA)|Action|D18E6BE3
Crackout (Europe)|Action|81AF4AF9
Crackout (USA) (Proto)|Action|7E9BCA05
Daiva - Imperial of Nirsartia (Japan)|Action|721B5217
Dancing Blocks (Asia) (PAL) (Unl)|Action|BD018F0F
Darkman (Europe)|Action|CFE02ADA
Darkman (USA)|Action|398B8182
Dash Galaxy in the Alien Asylum (USA)|Action|67811DA6
Datach - Battle Rush - Build Up Robot Tournament (Japan)|Action|983D8175
Datach - Yu Yu Hakusho - Bakutou Ankoku Bujutsukai (Japan)|Action|F51A7F46
Datsugoku (Japan)|Action|360AA8B4
Dead Fox (Japan)|Action|2E1E7FD8
Deathbots (USA) (Rev 1) (Unl)|Action|8EAB381C
Deathbots (USA) (Unl)|Action|BEE54426
Defenders of Dynatron City (USA)|Action|A725B2D3
Demon Sword (USA)|Action|4681691A
Devil Man (Japan)|Action|D1691028
Devil World (Europe)|Action|0C783F0C
Devil World (Japan)|Action|5FAB6BCE
Devil World (Japan) (Rev A)|Action|145A9A6C
Dick Tracy (USA)|Action|D738C059
Die Hard (Europe)|Action|607BD020
Die Hard (Japan)|Action|28C2DFCE
Die Hard (USA)|Action|085DE7C9
Dig Dug (Japan)|Action|B174B680
Dig Dug II (Japan)|Action|2BE254E9
Dig Dug II - Trouble in Paradise (USA)|Action|DBB06A25
Dirty Harry (USA)|Action|0C2E7863
Donald Land (Japan)|Action|D17B76DA
Doraemon (Japan)|Action|BDE3AE9B
Doraemon (Japan) (Rev A)|Action|336093EF
Double Dragon (Europe)|Action|A1A0C13F
Double Dragon (USA)|Action|0F1CC048
Double Dragon II - The Revenge (Europe)|Action|AEB2D754
Double Dragon II - The Revenge (USA)|Action|13C774DD
Double Dragon II - The Revenge (USA) (Rev A)|Action|8A640AEF
Double Dragon III - The Sacred Stones (Europe)|Action|E9D352EB
Double Dragon III - The Sacred Stones (USA)|Action|50FD0CC6
Dough Boy (Japan)|Action|F760F1CB
Downtown - Nekketsu Koushinkyoku - Soreyuke Daiundoukai (Japan)|Action|3E470FE0
Downtown - Nekketsu Monogatari (Japan)|Action|2A3CA509
Downtown Special - Kunio-kun no Jidaigeki Da yo Zenin Shuugou! (Japan)|Action|DC45A886
Drac's Night Out (USA) (Proto)|Action|4232C609
Dragon Ball - Le Secret du Dragon (France)|Action|4F3B2E57
Dragon Ball - Le Secret du Dragon (France) (Rev A)|Action|B0BC46D1
Dragon Ball - Shen Long no Nazo (Japan)|Action|9552E8DF
Dragon Fighter (Japan)|Action|4B0DACCE
Dragon Fighter (USA)|Action|A166548F
Dragon Ninja (Japan)|Action|2A7D3ADF
Dragon Ninja (Japan) (Rev A)|Action|2AE535CA
Dragon Power (USA)|Action|811F06D9
Dragon Unit (Japan)|Action|804F898A
Druaga no Tou (Japan)|Action|EB764567
Dudes with Attitude (USA) (Rev 1) (Unl)|Action|0955B54C
Dudes with Attitude (USA) (Unl)|Action|BD29178A
Dynowarz - Destruction of Spondylus (USA)|Action|BDE93999
Eggerland - Meikyuu no Fukkatsu (Japan)|Action|77DCBBA3
Elevator Action (Japan)|Action|FCDACA80
Elevator Action (Japan) (Rev A)|Action|7A3A49ED
Elevator Action (USA)|Action|2AC87283
Elnark no Zaihou (Japan)|Action|F450DB3A
Escape from Atlantis, The (USA) (Proto 1) (Unl)|Action|BD139BE7
Escape from Atlantis, The (USA) (Proto 2) (Unl)|Action|0AEA38F7
Exodus - Journey to the Promised Land (USA) (v4.0) (Unl)|Action|0AB26DB6
Exodus - Journey to the Promised Land (USA) (v5.0) (Unl)|Action|5F5BFA54
Family Block (Japan)|Action|0BB5B3A0
Family Pinball (Japan)|Action|491D8CDB
Family Trainer 6 - Manhattan Police (Japan)|Action|BBA58BE5
Family Trainer 8 - Totsugeki! Fuuun Takeshi-jou (Japan)|Action|8A12A7D9
Final Combat (Asia) (NTSC) (Unl)|Action|3E170708
Final Combat (Asia) (PAL) (Unl)|Action|58D1F46A
Fisher-Price - Firehouse Rescue (USA)|Action|38946C43
Fist of the North Star (USA)|Action|06D72C83
Flight of the Intruder (USA)|Action|F92BE7F2
Flying Dragon - The Secret Scroll (USA)|Action|F1FED9B8
Flying Hero (Japan)|Action|F6751D3D
Flying Warriors (USA)|Action|10180072
Flying Warriors (USA) (Beta)|Action|92DD67EA
Frankenstein - The Monster Returns (USA)|Action|E943EC4D
Free Fall (USA) (Proto)|Action|A781FFAA
Fudou Myouou Den (Japan)|Action|7678F1D5
Fun House (USA)|Action|576A0DE8
Ganbare Goemon! - Karakuri Douchuu (Japan)|Action|4FC2F673
Garfield - A Week of Garfield (Japan)|Action|B4FF91E7
Garfield - A Week of Garfield (Japan) (Sample)|Action|FB77099E
Gauntlet (USA)|Action|EC968C51
Gauntlet (USA) (Unl)|Action|CD50A092
Gauntlet II (Europe)|Action|79F688BC
Gauntlet II (USA)|Action|1B71CCDB
Ghostbusters (Japan)|Action|4057C51B
Ghostbusters (Japan) (Beta)|Action|C8BD1908
Ghostbusters (USA)|Action|6A154B68
Ghostbusters II (Europe)|Action|7B55D481
Ghostbusters II (USA)|Action|2AE97660
Ghoul School (USA)|Action|2BC25D5A
Godzilla - Monster of Monsters! (Europe)|Action|46480432
Godzilla - Monster of Monsters! (USA)|Action|74386F15
Gojira (Japan)|Action|8A36D2B7
Golgo 13 - Daiisshou - Kamigami no Tasogare (Japan)|Action|A0006B26
Golgo 13 - Dainishou - Icarus no Nazo (Japan)|Action|27D34A57
Golgo 13 - Top Secret Episode (USA)|Action|F532F09A
Grand Master (Japan)|Action|C060ED0A
Great Battle Cyber (Japan)|Action|1D89610E
Great Tank (Japan)|Action|D09B74DC
Gun-Dec (Japan)|Action|619BEA12
Heisei Tensai Bakabon (Japan)|Action|81B7F1A8
Hello Kitty World (Japan)|Action|67D5C3F9
Hello Kitty no Ohanabatake (Japan)|Action|26BB1C8C
Higemaru - Makai-jima - Nanatsu no Shima Daibouken (Japan)|Action|F7893859
High Speed (Europe)|Action|1C212E9D
High Speed (USA)|Action|383CABBF
Hiryuu no Ken - Ougi no Sho (Japan)|Action|0B8E8649
Hiryuu no Ken II - Dragon no Tsubasa (Japan)|Action|74663267
Hiryuu no Ken III - 5 Nin no Dragon (Japan)|Action|8F628D51
Hokuto no Ken (Japan)|Action|60A3B803
Hokuto no Ken (Japan) (Beta)|Action|2337F45E
Hokuto no Ken 2 (Japan)|Action|D1F7DF3A
Home Alone (USA)|Action|CA5EDBFC
Home Alone (USA) (Rev A)|Action|F31D36A3
Hottarman no Chitei Tanken (Japan)|Action|3275FD7E
Hottarman no Chitei Tanken (Japan) (Beta)|Action|B96F8321
Hyokkori Hyoutan-jima - Nazo no Kaizokusen (Japan)|Action|0B13658B
Ikari III (Japan)|Action|F7D20181
Ikari III - The Rescue (USA)|Action|567E1620
Ikki (Japan)|Action|821FEB7A
Indiana Jones and the Last Crusade (Europe)|Action|8D9AD3BF
Indiana Jones and the Last Crusade (USA) (Taito)|Action|8BCA5146
Indiana Jones and the Last Crusade (USA) (UBI Soft)|Action|2EA8CC16
Iron Tank - The Invasion of Normandy (Europe)|Action|DF6D0CE8
Iron Tank - The Invasion of Normandy (USA)|Action|B14EA4D2
Jaws (USA)|Action|27D14A54
Joshua & the Battle of Jericho (USA) (v5.0) (Unl)|Action|51C70247
Joshua & the Battle of Jericho (USA) (v6.0) (Unl)|Action|99083B3A
Jumpin' Kid - Jack to Mame no Ki Monogatari (Japan)|Action|B976219A
Juuouki (Japan)|Action|6772CA86
Juuryoku Soukou Metal Storm (Japan)|Action|FDB8AA9A
Kaiketsu Yancha Maru 2 - Karakuri Land (Japan)|Action|B979CAD5
Kamen Rider Club (Japan)|Action|DD8ED0F7
Karate Kid, The (USA)|Action|983948A5
Karateka (Japan)|Action|8BA75848
Karateka (Japan) (Beta)|Action|E9EDBA24
Kero Kero Keroppi no Daibouken (Japan)|Action|EB465156
Kero Kero Keroppi no Daibouken 2 - Donuts Ike wa Oosawagi! (Japan)|Action|41F5D38D
Keroppi to Keroriinu no Splash Bomb! (Japan)|Action|4156A3CD
Kick Master (USA)|Action|5104833E
King Neptune's Adventure (USA) (Beta) (Unl)|Action|4BC75F16
King Neptune's Adventure (USA) (Unl)|Action|CB53C523
Kitty's Catch (USA) (Proto) (Unl)|Action|536E5200
Kung Fu (Europe)|Action|464A67AB
Kung Fu (Japan, USA)|Action|D5C64257
Kung-Fu Heroes (USA)|Action|AA74A4D8
Kyoro-chan Land (Japan)|Action|5229FCDD
Labyrinth (Japan)|Action|F6139EE9
Last Action Hero (USA)|Action|E7DA8A04
Law of the West (Japan)|Action|AE128FAC
Lethal Weapon (Europe)|Action|E043C6A5
Lethal Weapon (USA)|Action|7077B075
Locksmith (Asia) (PAL) (Unl)|Action|7CF6B30A
Mad City (Japan)|Action|DF3E45D2
Mad City (Japan) (Beta)|Action|AA9F9765
Mad Max (USA)|Action|026E41C5
Mafat Conspiracy, The (USA)|Action|8A043CD6
Makai Island (USA) (Proto)|Action|55B4052B
Mappy Kids (Japan)|Action|35D8C961
Matendouji (Japan)|Action|F2594374
Mendel Palace (USA)|Action|12078AFD
Metal Flame Psybuster (Japan)|Action|BF93112A
Metal Mech - Man & Machine (USA)|Action|05378607
Metal Storm (USA)|Action|BCACBBF4
Mighty Final Fight (Europe)|Action|7653103A
Mighty Final Fight (Japan)|Action|2B160BF0
Mighty Final Fight (USA)|Action|3F78037C
Miracle Ropit's - 2100 Nen no Daibouken (Japan)|Action|9F8336DB
Mission Cobra (USA) (Unl)|Action|5DA9CEC8
Mission Impossible (Europe)|Action|1353A134
Mission Impossible (France)|Action|4ECD4624
Mission Impossible (USA)|Action|E3C5BB3D
Mito Koumon - Sekai Manyuu Ki (Japan)|Action|CA24A1A2
Mitsume ga Tooru (Japan)|Action|C8EDC97E
Moon Crystal (Japan)|Action|26E39935
Moon Ranger (USA) (Unl)|Action|14A81635
Mottomo Abunai Deka (Japan)|Action|F89300FB
Ms. Pac-Man (USA)|Action|B6D2D300
Ms. Pac-Man (USA) (Unl)|Action|43D30C2F
Muppet Adventure - Chaos at the Carnival (USA)|Action|7156CB4D
Mutant Virus, The - Crisis in a Computer World (USA)|Action|7DCB4C18
Nangoku Shirei!! - Spy vs Spy (Japan)|Action|10D62149
Nekketsu Kakutou Densetsu (Japan)|Action|37E24797
Nekketsu Kouha Kunio-kun (Japan)|Action|A7D3635E
New Ghostbusters II (Europe)|Action|F0C198FF
New Ghostbusters II (Japan)|Action|5931BE01
New Ghostbusters II (USA) (Proto)|Action|5ABBF861
Ninja Jajamaru - Ginga Daisakusen (Japan)|Action|06F9C714
Ninja Jajamaru - Ginga Daisakusen (Japan) (Beta)|Action|965834BD
Ninja-kun - Ashura no Shou (Japan)|Action|219DFABF
Obake no Q Tarou - Wanwan Panic (Japan)|Action|330DE468
Onyanko Town (Japan)|Action|270EAED5
Operation Secret Storm (USA) (Unl)|Action|EA113128
Orb 3D (USA)|Action|958E4BAE
P'Radikus Conflict (USA) (Unl)|Action|42749A95
P.O.W. - Prisoners of War (Europe)|Action|073A0EBE
P.O.W. - Prisoners of War (USA)|Action|75255F88
Pac-Man (Europe)|Action|81210F63
Pac-Man (Japan)|Action|3E95BA25
Pac-Man (Japan) (En) (Rev B)|Action|2C7D68F3
Pac-Man (Japan) (Rev A)|Action|5CDB2823
Pac-Man (USA) (Namco)|Action|9E4E9CC2
Pac-Man (USA) (Tengen)|Action|A9BBF44F
Pac-Man (USA) (Tengen) (Unl)|Action|9D38F8F9
Pac-Mania (USA) (Unl)|Action|E73E7260
Paperboy (Europe)|Action|EE219A49
Paperboy (Japan)|Action|2C043781
Paperboy (USA)|Action|32086826
Paperboy 2 (Europe)|Action|509E6032
Paperboy 2 (USA)|Action|3A0965B1
Parasol Henbee (Japan)|Action|C769BB34
Penguin-kun Wars (Japan)|Action|02D7976B
Perman (Japan)|Action|FE387FE5
Perman Part 2 - Himitsu Kessha Madoodan o Taose! (Japan)|Action|CA094848
Phantom Air Mission (Europe)|Action|18027A1F
Phantom Fighter (USA)|Action|CC37094C
Pin Bot (Europe)|Action|9247C38D
Pin Bot (USA)|Action|D19ADDEB
Pinball (Europe) (Rev A)|Action|D6AD4E9D
Pinball (USA) (GameCube Edition)|Action|E8000BF7
Pinball (World)|Action|035DC2E9
Pinball Quest (Australia)|Action|9F119033
Pinball Quest (Japan)|Action|475CDBFE
Pinball Quest (USA)|Action|2538D860
Plasma Ball (Japan)|Action|0DB4B382
Platoon (USA)|Action|B3769A51
Platoon (USA) (Rev A)|Action|695515A2
Popo Team (Asia) (Unl)|Action|A20B4983
Power Blazer (Japan)|Action|AEB7FCE9
Pyokotan no Daimeiro (Japan)|Action|4339865C
Q-bert (USA)|Action|C0B23520
Quinty (Japan)|Action|13DA2122
Racermate Challenge II (Europe) (v9.03.128) (Unl)|Action|F6A9CB75
Racermate Challenge II (USA) (v3.11.088) (Unl)|Action|74920C13
Racermate Challenge II (USA) (v5.01.033) (Unl)|Action|AAEF2264
Racermate Challenge II (USA) (v6.02.002) (Unl)|Action|3E59E951
Raid 2020 (USA) (Unl)|Action|61253D1C
Rampage (USA)|Action|263AC8A0
Reigen Doushi (Japan)|Action|0021ED29
Ren & Stimpy Show, The - Buckeroo$! (USA)|Action|E98AB943
Renegade (USA)|Action|A0568E1D
River City Ransom (USA)|Action|E9C387EC
Road Runner (USA) (Unl)|Action|B19A55DD
Robo Warrior (Europe)|Action|99A28276
Robo Warrior (USA)|Action|810B7AB9
Robocco Wars (Japan)|Action|36584C96
Robodemons (USA) (Unl)|Action|10124E09
Rock 'n' Ball (USA)|Action|476E022B
Rockball (Asia) (Unl)|Action|E2265BF4
Rocket Ranger (USA)|Action|67F77118
Rollerball (Australia)|Action|A99016C6
Rollerball (Japan)|Action|E2A79A57
Rollerball (USA)|Action|69635A6E
Rollergames (Europe)|Action|BED47813
Rollergames (USA)|Action|AA4997C1
Sakigake!! Otoko Juku - Shippuu Ichi Gou Sei (Japan)|Action|9C04C8D5
Scarabeus (USA) (Sample)|Action|6866A989
Seikima II - Akuma no Gyakushuu! (Japan)|Action|FA6D4281
Sherlock Holmes - Hakushaku Reijou Yuukai Jiken (Japan)|Action|2BB6A0F8
Sidewinder (Asia) (PAL) (Unl)|Action|80D63472
Sidewinder (Australia) (Unl)|Action|F5350410
Simpsons, The - Bart vs. the World (Europe)|Action|E9F8EF15
Simpsons, The - Bart vs. the World (USA)|Action|7416903F
Skull & Crossbones (USA) (Unl)|Action|B422A67A
Solar Jetman - Hunt for the Golden Warpship (Europe)|Action|8904149E
Solar Jetman - Hunt for the Golden Warpship (USA)|Action|8111BA08
Sou Setsu Ryuu (Japan) (Beta)|Action|41462D21
Sou Setsu Ryuu - Double Dragon (Japan)|Action|6DCE4B23
Sou Setsu Ryuu II - The Revenge (Japan)|Action|A66596D9
Sou Setsu Ryuu II - The Revenge (Japan) (Beta)|Action|E56AA5E8
Sou Setsu Ryuu III - The Rosetta Stone (Japan)|Action|6AE69227
Space Hunter (Japan)|Action|684AFCCD
Space Shuttle Project (USA)|Action|2220E14A
Spartan X (Japan)|Action|6058C65D
Spartan X 2 (Japan)|Action|6F6686B0
Spiritual Warfare (USA) (Beta) (Unl)|Action|2AAF0804
Spiritual Warfare (USA) (v5.1) (Unl)|Action|1948810E
Spiritual Warfare (USA) (v6.0) (Unl)|Action|B786C2AC
Spiritual Warfare (USA) (v6.1) (Unl)|Action|14105C13
Splatter House - Wanpaku Graffiti (Japan)|Action|46FD7843
Spy vs Spy (Europe)|Action|C1E91D3F
Spy vs Spy (Japan)|Action|CF0C9D97
Spy vs Spy (USA)|Action|C4A02712
Squashed (USA) (Proto)|Action|F03E6D72
Stack-Up (World)|Action|DF67DAA1
Star Voyager (USA)|Action|B1723338
Street Cop (USA)|Action|61D86167
Street Fighter 2010 - The Final Fight (USA)|Action|8DA651D4
Street Gangs (Europe)|Action|F5A1B8FB
Super Chinese (Japan)|Action|711C2B0E
Super Glove Ball (USA)|Action|EFCF375D
Super Pang (Asia) (PAL) (Unl)|Action|4185ADA1
Super Pang II (Asia) (Unl)|Action|198F1C37
Super Pinball (Japan)|Action|1A2EA6B9
Super Pinball (Japan) (Beta)|Action|E14F0A3F
Tagin' Dragon (USA) (Unl)|Action|4D527D4A
Takahashi Meijin no Bugutte Honey (Japan)|Action|2526C943
Target Renegade (USA)|Action|93B49582
Teenage Mutant Hero Turtles II - The Arcade Game (Europe)|Action|C5657C12
Teenage Mutant Ninja Turtles (Japan)|Action|4A601A2C
Teenage Mutant Ninja Turtles II - The Arcade Game (Australia)|Action|7BCCAFBB
Teenage Mutant Ninja Turtles II - The Arcade Game (USA)|Action|A9217EA2
Teenage Mutant Ninja Turtles II - The Arcade Game (Unknown) (Beta)|Action|BDA183BB
Teenage Mutant Ninja Turtles II - The Manhattan Project (Japan)|Action|490E8A4C
Teenage Mutant Ninja Turtles III - The Manhattan Project (USA)|Action|BB6D7949
Terminator 2 (Japan)|Action|D27B9D50
Terminator 2 - Judgment Day (Europe)|Action|18A04825
Terminator 2 - Judgment Day (USA)|Action|EA27B477
Terminator 2 - Judgment Day (USA) (Beta)|Action|01934171
Thunder & Lightning (USA)|Action|D80B44BC
Time Lord (Europe)|Action|9198279E
Time Lord (USA)|Action|13D5B1A4
Titan (Japan)|Action|75901B18
Tom Sawyer no Bouken (Japan)|Action|6800C5B3
Toobin' (USA) (Unl)|Action|5800BE2D
Town & Country Surf Designs - Thrilla's Surfari (USA)|Action|7E57FBEC
Toxic Crusaders (USA)|Action|F009DDD2
Treasure Master (USA)|Action|B918580C
Trog! (Europe)|Action|B6B5C372
Trog! (USA)|Action|EE6892EB
Ultimate Stuntman, The (USA) (Unl)|Action|892434DD
Uncanny X-Men, The (USA)|Action|2D41EF92
Untouchables, The (Japan)|Action|DA8F65AE
Untouchables, The (USA)|Action|209F3587
Untouchables, The (USA) (Rev A)|Action|588A31FE
Untouchables, The (USA) (Rev B)|Action|20C795EB
Vice - Project Doom (USA)|Action|753768A6
Vindicators (USA) (Unl)|Action|A8F5C2AB
Wally Bear and the No! Gang (USA) (Beta) (Unl)|Action|6025C660
Wally Bear and the No! Gang (USA) (Unl)|Action|81ECDA0D
Warpman (Japan)|Action|64BBCB77
Western Kids (Japan)|Action|0FD6BFC8
Wolverine (USA)|Action|35476E87
Xenophobe (USA)|Action|711896B8
Xybots (USA) (Proto) (Unl)|Action|2C624B5F
Youkai Douchuuki (Japan)|Action|C811DC7A
Young Indiana Jones Chronicles, The (USA)|Action|35C6F574
Zoids - Chuuou Tairiku no Tatakai (Japan)|Action|D0DF726E
Zoids - Chuuou Tairiku no Tatakai (Japan) (Rev A)|Action|E0B6B7BB
