Arcade Hits - Joust & Defender (USA, Europe)|Miscellaneous|4C1ECECB
Arcade Hits - Moon Patrol & Spy Hunter (USA, Europe)|Miscellaneous|F40199C9
Backgammon (Europe) (En,Fr,De,Es)|Miscellaneous|D33D6F7B
Backgammon (Japan)|Miscellaneous|712A49B3
Battleship (USA, Europe)|Miscellaneous|8E6F8037
Beauty and the Beast - A Board Game Adventure (Europe) (En,Fr,De,Es,It) (SGB Enhanced)|Miscellaneous|E4C410F0
Beauty and the Beast - A Board Game Adventure (USA) (SGB Enhanced)|Miscellaneous|6DE1D581
Burger Burger Pocket (Japan) (SGB Enhanced)|Miscellaneous|1ABCEDBE
Caesars Palace II (USA, Europe)|Miscellaneous|351BA5EA
Checkmate (Japan) (En,Ja)|Miscellaneous|1AAB415D
Chessmaster (USA, Europe)|Miscellaneous|1C13DBB0
Cool Hand (Europe) (En,Fr,De)|Miscellaneous|E6C91FB8
DX Jinsei Game (Japan)|Miscellaneous|7E15B3DD
DX Monopoly GB (Japan) (SGB Enhanced)|Miscellaneous|3F1E076C
Daa! Daa! Daa! - Totsuzen Card de Battle de Uranai de! (Japan)|Miscellaneous|F41BB392
Daikaijuu Monogatari - The Miracle of the Zone II (Japan) (SGB Enhanced)|Miscellaneous|692D6794
Dejiko no Mahjong Party (Japan)|Miscellaneous|C5501FCE
Doraemon no Quiz Boy (Japan)|Miscellaneous|3BBF9EA8
Doraemon no Quiz Boy (Japan) (Rev A)|Miscellaneous|915356E3
Doraemon no Quiz Boy 2 (Japan)|Miscellaneous|9E80199A
Doraemon no Study Boy - Gakushuu Kanji Game (Japan)|Miscellaneous|67413F65
Doraemon no Study Boy - Kuku Game (Japan)|Miscellaneous|A8A353D8
Dragon Quest I & II (Japan) (SGB Enhanced)|Miscellaneous|A053B42E
Dragon Warrior I & II (USA) (SGB Enhanced)|Miscellaneous|71D693DA
E.T. - The Extra-Terrestrial - Digital Companion (USA)|Miscellaneous|84872999
Fairy Kitty no Kaiun Jiten - Yousei no Kuni no Uranai Shugyou (Japan) (Rev A) (SGB Enhanced)|Miscellaneous|C4D3628F
Fairy Kitty no Kaiun Jiten - Yousei no Kuni no Uranai Shugyou (Japan) (SGB Enhanced)|Miscellaneous|B59A51C4
Fort Boyard (Europe) (En,Fr,De,Es,It,Nl,Pt)|Miscellaneous|06C8E50A
GB Karan Koron Gakuen - Hanafuda Mahjong (Japan)|Miscellaneous|AABA1EA4
Gaiamaster Duel - Card Attackers (Japan)|Miscellaneous|78206460
Gambler Densetsu Tetsuya - Shinjuku Tenun Hen (Japan)|Miscellaneous|28356950
Game & Watch Gallery 2 (USA, Europe) (SGB Enhanced)|Miscellaneous|969C8961
Game & Watch Gallery 3 (USA, Europe) (SGB Enhanced)|Miscellaneous|1AC625DA
Game Boy Gallery 3 (Australia) (SGB Enhanced)|Miscellaneous|6935FEA1
Game Boy Gallery 3 (Japan) (SGB Enhanced)|Miscellaneous|149F807E
Game Boy Gallery 4 (Australia) (SGB Enhanced)|Miscellaneous|2549FDDE
Games Frenzy (Europe) (En,Fr,De)|Miscellaneous|308A4CCB
Gobs of Games (USA) (En,Fr,De)|Miscellaneous|2E61C391
Great Battle Pocket, The (Japan) (SGB Enhanced)|Miscellaneous|B471C095
Guruguru Town Hanamaru-kun (Japan)|Miscellaneous|03FBFC9E
Gute Zeiten Schlechte Zeiten Quiz (Germany)|Miscellaneous|5F13A2D4
Hissatsu Pachinko Boy - CR Monster House (Japan)|Miscellaneous|70F10315
Honkaku Hanafuda GB (Japan)|Miscellaneous|05DCBD55
Honkaku Shougi - Shougi Ou (Japan) (SGB Enhanced)|Miscellaneous|3A96E868
Honkaku Taisen Shougi Ayumu (Japan)|Miscellaneous|89140949
Honkaku Yonin Uchi Mahjong - Mahjong Ou (Japan) (SGB Enhanced)|Miscellaneous|8ED4BBBA
Hoyle Card Games (USA)|Miscellaneous|DD5D3713
Hoyle Casino (USA)|Miscellaneous|413473B0
Ide Yousuke no Mahjong Kyoushitsu GB (Japan)|Miscellaneous|61DF88CA
Itsudemo Pachinko GB - CR Monster House (Japan)|Miscellaneous|834091BA
Jankyuusei - Cosplay Paradise (Japan)|Miscellaneous|D60E1C0A
Jinsei Game - Tomodachi Takusan Tsukurou yo! (Japan) (SGB Enhanced)|Miscellaneous|C8D46E99
Jissen ni Yakudatsu Tsumego (Japan) (Rev A)|Miscellaneous|55EFA05E
Joryuu Janshi ni Chousen GB - Watashi-tachi ni Chousen Shitene! (Japan) (SGB Enhanced)|Miscellaneous|9FA5CDB5
Kanji Boy (Japan) (SGB Enhanced)|Miscellaneous|18CAA513
Kanji Boy 3 (Japan)|Miscellaneous|2D4D8597
Katou Hifumi Kudan - Shougi Kyoushitsu (Japan) (SGB Enhanced)|Miscellaneous|A262269F
Kidou Senkan Nadesico - Ruri Ruri Mahjong (Japan)|Miscellaneous|6427CD7A
Kisekae Series 2 - Oshare Nikki (Japan)|Miscellaneous|948F4A96
Kisekae Series 2 - Oshare Nikki (Japan) (Rev A)|Miscellaneous|E915337C
Koguru Guruguru - Guruguru to Nakayoshi (Japan) (NP, SGB Enhanced)|Miscellaneous|D6050F64
Konami GB Collection Vol.1 (Europe)|Miscellaneous|203F8727
Konami GB Collection Vol.2 (Europe)|Miscellaneous|A6499792
Konami GB Collection Vol.3 (Europe)|Miscellaneous|D4D6243D
Konami GB Collection Vol.4 (Europe)|Miscellaneous|8800F1C9
Las Vegas Cool Hand (USA)|Miscellaneous|BEF1CDE4
Lodoss-tou Senki - Eiyuu Kishiden GB (Japan) (SGB Enhanced)|Miscellaneous|66E166BB
Mahjong Joou (Japan) (SGB Enhanced)|Miscellaneous|7D83A5E8
Mahjong Quest (Japan) (SGB Enhanced)|Miscellaneous|C870B88F
Mario Family (Japan)|Miscellaneous|AB3F3CEF
Mary-Kate and Ashley - Pocket Planner (USA, Europe)|Miscellaneous|84A880B9
Micro Machines 1 and 2 - Twin Turbo (USA, Europe)|Miscellaneous|5DD337EB
Minna no Shougi - Shokyuu Hen (Japan)|Miscellaneous|5CB4FC8A
Monopoly (Japan) (SGB Enhanced)|Miscellaneous|0503E567
Monopoly (USA)|Miscellaneous|E559A717
Ms. Pac-Man - Special Color Edition (USA) (SGB Enhanced)|Miscellaneous|103E212D
Ms. Pac-Man - Special Colour Edition (Europe)|Miscellaneous|F2335DA9
Nakayoshi Cooking Series 1 - Oishii Cake-ya-san (Japan)|Miscellaneous|E5C9569A
Nakayoshi Cooking Series 3 - Tanoshii Obentou (Japan)|Miscellaneous|DD7666CE
Nakayoshi Cooking Series 4 - Tanoshii Dessert (Japan)|Miscellaneous|7E5C8542
Net de Get - Minigame @ 100 (Japan)|Miscellaneous|6E33D509
Ojarumaru - Tsukiyo ga Ike no Takaramono (Japan)|Miscellaneous|ED7461D2
Othello Millennium (Japan)|Miscellaneous|C7800576
Pachinko CR Mouretsu Genshijin T (Japan)|Miscellaneous|F75E269E
Pachinko Hisshou Guide - Data no Ousama (Japan)|Miscellaneous|1A631BAB
Pachipachi Pachisurou - New Pulsar Hen (Japan) (SGB Enhanced)|Miscellaneous|1E443D1B
Pocket Color Billiards (Japan)|Miscellaneous|911007E1
Pocket Color Mahjong (Japan)|Miscellaneous|08DC0AF4
Pocket Color Trump (Japan)|Miscellaneous|C73EB10E
Pocket Hanafuda (Japan)|Miscellaneous|AF0C51B8
Pocket Music (Europe) (En,Fr,De,Es,It)|Miscellaneous|1BFB531E
Pro Mahjong Kiwame GB II (Japan) (SGB Enhanced)|Miscellaneous|14F91F86
Pro Mahjong Tsuwamono GB (Japan) (SGB Enhanced)|Miscellaneous|1461D8D8
Pro Mahjong Tsuwamono GB2 (Japan)|Miscellaneous|F03016F5
Sakata Gorou Kudan no Renju Kyoushitsu (Japan) (SGB Enhanced)|Miscellaneous|B5412C6F
Scrabble (Europe)|Miscellaneous|998657B7
Sei Hai Densetsu (Japan) (SGB Enhanced)|Miscellaneous|612F0529
Shanghai Pocket (USA) (SGB Enhanced)|Miscellaneous|9401BA47
Shanghai Pocket (USA, Europe) (Rev A) (SGB Enhanced)|Miscellaneous|D8FAC36C
Shin Megami Tensei Trading Card - Card Summoner (Japan)|Miscellaneous|85264877
Shinseiki Evangelion - Mahjong Hokan Keikaku (Japan)|Miscellaneous|5337FF55
Shougi 2 (Japan)|Miscellaneous|A7748D2B
Shougi 3 (Japan)|Miscellaneous|64B479FA
Super Me-Mail GB - Me-Mail Bear no Happy Mail Town (Japan)|Miscellaneous|315CAA18
Taisen Tsumeshougi (Japan) (NP)|Miscellaneous|95310C8B
Tootuff (Europe) (En,Fr,De,Es,It,Nl)|Miscellaneous|1972CBF7
Uno (Europe) (En,Fr,De,Es,It,Nl)|Miscellaneous|70760CCE
Uno (USA)|Miscellaneous|F026D509
Vegas Games (Europe) (En,Fr,De)|Miscellaneous|81B2BB8D
Vegas Games (USA)|Miscellaneous|40B5EA96
Warau Inu no Bouken - Silly Go Lucky! (Japan)|Miscellaneous|E93F1582
Who Wants to Be a Millionaire - 2nd Edition (USA)|Miscellaneous|6830B7AF
