007 - The World Is Not Enough (USA, Europe)|Shooter|E038E666
1942 (USA, Europe)|Shooter|87431672
Armorines - Project S.W.A.R.M. (USA, Europe) (En,De)|Shooter|EA3B9C73
Asteroids (USA, Europe)|Shooter|89D5D936
Burai Senshi Color (Japan)|Shooter|E52FBD12
Centipede (Europe) (En,Fr,De,Es,It,Nl)|Shooter|255DB8BE
Centipede (USA)|Shooter|13AD07B1
Dropzone (Europe)|Shooter|1E71B67E
Galaga - Destination Earth (USA)|Shooter|E3C4ABC6
Magical Chase GB - Minarai Mahoutsukai Kenja no Tani e (Japan)|Shooter|15E5D499
Men in Black - The Series (USA, Europe) (SGB Enhanced)|Shooter|65B8B343
Missile Command (Europe)|Shooter|18216E26
Missile Command (USA) (Rumble Version)|Shooter|47543C51
Original Moorhuhn Jagd, Die (Germany)|Shooter|714EC204
Project S-11 (USA)|Shooter|20CEE2E8
R-Type DX (Japan)|Shooter|3623EBB6
R-Type DX (USA, Europe)|Shooter|FC1D4089
RoboCop (Europe) (En,Fr,De,Es,It,Nl)|Shooter|6C6423E2
SWIV (Europe) (En,Fr,De,Es,It)|Shooter|44D30B7A
Space Invaders (USA, Europe)|Shooter|DAB7460C
Space Invaders X (Japan)|Shooter|C016BC79
Space Invasion & Karate Joe (Europe) (Unl)|Shooter|6A184C55
Space Invasion & Painter (Europe) (Unl)|Shooter|BD4C1065
Space Invasion (Europe) (Unl)|Shooter|2B2D9868
Space Marauder (USA)|Shooter|4F83B35E
Tom Clancy's Rainbow Six (USA, Europe) (En,Fr,De)|Shooter|E72F2683
Turok 3 - Shadow of Oblivion (USA, Europe) (En,Fr,De,Es)|Shooter|6D48765E
Tyrannosaurus Tex (USA) (Proto)|Shooter|1BD4E588
Tyrian 2000 (USA) (Proto)|Shooter|1FB6B290
Yars' Revenge (USA, Europe)|Shooter|D6A26444
