Ai Senshi Nicol (Japan)|RPG|21A1AD6E
Aspic - Majaou no Noroi (Japan)|RPG|0028FB11
Bodycon Quest I - Abakareshi Musume Tachi (Japan) (Disk 1) (Unl)|RPG|6E59EC4F
Bodycon Quest I - Abakareshi Musume Tachi (Japan) (Disk 2) (Unl)|RPG|DD80EA36
Cleopatra no Mahou (Japan) [b]|RPG|B65E1335
Dandy - Zeuon no Fukkatsu (Japan) [b]|RPG|45BC7D70
Druid - Kyoufu no Tobira (Japan)|RPG|054B3627
Esper Dream (Japan) (Rev 1) [b]|RPG|4BBC69D0
Esper Dream (Japan) [b]|RPG|9DDD66AE
Fire Bam (Japan)|RPG|2EC381AC
Ginga Denshou - Galaxy Odyssey (Japan)|RPG|631D9FA8
Kalin no Tsurugi (Japan)|RPG|C63A0059
Lutter (Japan) (Disk Writer) [b]|RPG|E39A4EEA
Maerchen Veil (Japan)|RPG|D112CFD0
Magma Project - Hacker (Japan) [b]|RPG|E94ACE67
Seiken Psychocalibur - Majuu no Mori Densetsu (Japan)|RPG|AEA5691A
Ultraman Club - Chikyuu Dakkan Sakusen (Japan)|RPG|AD5183DB
Ultraman Club - Chikyuu Dakkan Sakusen (Japan) (Rev 1)|RPG|FD150E81
