Addams Family, The (Europe) (En,Fr,De)|Platform|28FA451E
Addams Family, The (Japan)|Platform|4C749C14
Addams Family, The (USA)|Platform|C170A732
Addams Family, The - Pugsley's Scavenger Hunt (USA, Europe)|Platform|7E054A88
Adventure Island (USA, Europe)|Platform|64F4FA44
Adventure Island II - Aliens in Paradise (USA, Europe)|Platform|783066CF
Adventures of Pinocchio, The (Unknown) (Proto)|Platform|0B9DE1DC
Adventures of Rocky and Bullwinkle and Friends, The (USA)|Platform|74C700A4
Adventures of Star Saver, The (USA, Europe)|Platform|5D461374
Agro Soar (Australia)|Platform|9B7945EA
Akumajou Dracula - Shikkoku Taru Zensoukyoku - Dark Night Prelude (Japan) (SGB Enhanced)|Platform|4825B25F
Akumajou Special - Boku Dracula-kun (Japan)|Platform|E8335398
Aladdin (Europe) (SGB Enhanced)|Platform|283C58B7
Aladdin (USA) (SGB Enhanced)|Platform|AF6BDC50
Alfred Chicken (Europe)|Platform|3CAB28D9
Alfred Chicken (Japan) (SGB Enhanced)|Platform|1089098F
Alfred Chicken (USA)|Platform|3B9C3BC6
Alien 3 (Japan)|Platform|E59049B2
Alien 3 (USA, Europe)|Platform|EFFB960B
Amazing Spider-Man, The (USA, Europe)|Platform|2A4EAFE4
Animaniacs (Europe) (SGB Enhanced)|Platform|7B23E05C
Animaniacs (USA) (SGB Enhanced)|Platform|673C815D
Asterix & Obelix (Europe) (En,Es) (SGB Enhanced)|Platform|B1FD41D0
Asterix & Obelix (Europe) (Fr,De) (SGB Enhanced)|Platform|5143E227
Asterix (Europe) (En,Fr,De,Es,It)|Platform|097FFE2C
Avenging Spirit (USA, Europe)|Platform|CF2BA5F7
B.C. Kid (Europe)|Platform|373343E6
B.C. Kid 2 (Europe) (SGB Enhanced)|Platform|C28EF062
Baby T-Rex (Europe)|Platform|3F73FE7A
Bamse (Sweden)|Platform|1B713DE0
Banishing Racer (Japan)|Platform|3D13EC6A
Barbie - Game Girl (USA, Europe)|Platform|94C26CDF
Bart Simpson's Escape from Camp Deadly (USA, Europe)|Platform|5546A382
Bart no Survival Camp (Japan)|Platform|0FD66B1A
Batman - Return of the Joker (Japan)|Platform|DE459A47
Batman - Return of the Joker (USA, Europe)|Platform|5124BBEC
Batman - The Animated Series (USA, Europe)|Platform|C8E578BF
Batman - The Video Game (World)|Platform|6C41D3CD
Beethoven (Europe) (SGB Enhanced)|Platform|637E54E3
Beetlejuice (USA)|Platform|33574ECB
Bill & Ted's Excellent Game Boy Adventure (USA, Europe)|Platform|5E8F656A
Bionic Commando (Europe)|Platform|4C5B4547
Bionic Commando (Japan)|Platform|3F4D5C84
Bionic Commando (USA)|Platform|41DBB5FB
Blues Brothers, The (USA, Europe)|Platform|ADB66EFF
Blues Brothers, The - Jukebox Adventure (Europe)|Platform|F1C0FB1D
Bonk's Adventure (USA)|Platform|A7CDBB96
Bonk's Revenge (USA) (SGB Enhanced)|Platform|F1344B78
Bram Stoker's Dracula (USA, Europe)|Platform|00CD1876
Bubble Bobble (Japan)|Platform|AD9B300C
Bubble Bobble (USA, Europe)|Platform|D516841D
Bubble Bobble Junior (Japan)|Platform|39E261B9
Bubble Bobble Part 2 (USA, Europe)|Platform|4106D781
Bubsy II (Europe)|Platform|A3164516
Bubsy II (USA)|Platform|600A6AD5
Bugs Bunny Crazy Castle 2, The (USA)|Platform|A973E604
Bugs Bunny Crazy Castle, The (USA, Europe)|Platform|403E1B7E
BurgerTime Deluxe (World)|Platform|88219A49
Castlevania - The Adventure (Europe)|Platform|6977C265
Castlevania - The Adventure (USA)|Platform|216E6AA1
Castlevania II - Belmont's Revenge (USA, Europe)|Platform|8875C8FE
Castlevania Legends (USA, Europe) (SGB Enhanced)|Platform|AD9C17FB
Chuck Rock (USA, Europe)|Platform|C5951D9E
Cool Spot (Europe)|Platform|1987EACC
Cool Spot (USA)|Platform|ABA1DAC9
Daffy Duck (Europe)|Platform|13DD647D
Daffy Duck (USA, Europe) (SGB Enhanced)|Platform|C47671F3
Daiku no Gen-san - Ghost Building Company (Japan)|Platform|9E0D2B45
Daiku no Gen-san - Robot Teikoku no Yabou (Japan)|Platform|70819E03
Darkwing Duck (Europe)|Platform|BE975B4F
Darkwing Duck (Germany)|Platform|176C1FA2
Darkwing Duck (Spain)|Platform|A1D4C544
Darkwing Duck (USA)|Platform|238B9646
Dennis (Europe)|Platform|896A30A8
Dennis the Menace (USA)|Platform|7EB0CD32
Donkey Kong (Japan, USA) (SGB Enhanced)|Platform|EDAB3378
Donkey Kong (World) (Rev A) (SGB Enhanced)|Platform|F777A5D8
Donkey Kong Land (Japan) (SGB Enhanced)|Platform|9AECA05C
Donkey Kong Land (USA, Europe) (SGB Enhanced)|Platform|49DC0D37
Donkey Kong Land 2 (USA, Europe) (SGB Enhanced)|Platform|2827E5D4
Donkey Kong Land III (USA, Europe) (Beta)|Platform|872BBD5E
Donkey Kong Land III (USA, Europe) (Rev A) (SGB Enhanced)|Platform|A19ACDB6
Donkey Kong Land III (USA, Europe) (SGB Enhanced)|Platform|B40C159C
Dr. Franken (Europe) (En,Fr,De,Es,It,Nl,Sv)|Platform|F13A60B8
Dr. Franken (Japan)|Platform|3D04B8E7
Dr. Franken (USA)|Platform|D409375B
Dr. Franken II (USA, Europe) (En,Fr,De,Es,It,Nl,Sv)|Platform|0D62473D
Dracula Densetsu (Japan)|Platform|A35B9EF5
Dracula Densetsu II (Japan)|Platform|7582AE14
DuckTales (Europe)|Platform|AC6483DC
DuckTales (Japan)|Platform|5B5410F5
DuckTales (USA)|Platform|2BBBB54D
DuckTales 2 (Europe)|Platform|169B00C1
DuckTales 2 (Japan)|Platform|2B693CDE
DuckTales 2 (USA)|Platform|B151509D
Earthworm Jim (Europe)|Platform|B1A7A008
Earthworm Jim (USA)|Platform|259FF267
Felix the Cat (USA, Europe)|Platform|F53F7F00
Fire Fighter (Europe)|Platform|C46BBD49
Flash, The (USA, Europe)|Platform|6DEB1F06
Flintstones, The (USA, Europe)|Platform|503D3613
Flintstones, The - King Rock Treasure Island (USA, Europe)|Platform|508282D0
GB Genjin (Japan)|Platform|690227F6
GB Genjin 2 (Japan) (SGB Enhanced)|Platform|6F7AD5D9
Ganbare Goemon - Kurofunetou no Nazo (Japan) (SGB Enhanced)|Platform|910AFE24
Ganbare Goemon - Sarawareta Ebisumaru (Japan)|Platform|33261C11
Ganso!! Yancha Maru (Japan)|Platform|004443E6
Go Go Ackman (Japan) (SGB Enhanced)|Platform|61D80946
Gremlins 2 - The New Batch (World)|Platform|3579E297
Hammerin' Harry - Ghost Building Company (Europe)|Platform|9F09AFE8
Hercules (USA, Europe) (SGB Enhanced)|Platform|00A9001E
Home Alone 2 - Lost In New York (USA, Europe)|Platform|E8E430F1
Hook (Europe)|Platform|370A2C2F
Hook (Japan)|Platform|62D8173C
Hook (USA)|Platform|6765B61B
Hoshi no Kirby (Japan)|Platform|21035F95
Hoshi no Kirby (Japan) (Rev A)|Platform|04342C83
Hoshi no Kirby 2 (Japan) (SGB Enhanced)|Platform|4BEDF22C
Hudson Hawk (Japan)|Platform|1CB6158C
Hudson Hawk (USA)|Platform|ADFF7BBD
Hugo (Europe) (SGB Enhanced)|Platform|74AA5E0F
Incredible Crash Dummies, The (USA, Europe)|Platform|D81C08FA
Indiana Jones - Saigo no Seisen (Japan)|Platform|8F234F49
Indiana Jones and the Last Crusade (USA, Europe)|Platform|9189921A
Indien dans la Ville, Un (France) (SGB Enhanced)|Platform|E37E1832
Iron Man X-O Manowar in Heavy Metal (USA, Europe) (SGB Enhanced)|Platform|173232E5
Jelly Boy (Europe)|Platform|7E6598BB
Jetsons, The - Robot Panic (USA, Europe)|Platform|6386C870
Joe & Mac (USA)|Platform|5DA86ED4
Joe & Mac - Caveman Ninja (Europe) (En,Fr,De,Es,It,Nl,Sv)|Platform|9BD7F196
Judge Dredd (Japan)|Platform|951B9907
Judge Dredd (USA, Europe)|Platform|B9D11656
Jungle Book, The (USA, Europe)|Platform|B64D27EE
Jurassic Park Part 2 - The Chaos Continues (USA, Europe) (En,Fr,De,It)|Platform|AF3D2E95
Kid Dracula (USA, Europe)|Platform|F27294B7
Kid Icarus - Of Myths and Monsters (USA, Europe)|Platform|0C042862
Kirby's Dream Land (USA, Europe)|Platform|40F25740
Kirby's Dream Land 2 (USA, Europe) (SGB Enhanced)|Platform|8DC07C35
Lion King, The (Europe)|Platform|8FC3CA73
Lion King, The (USA)|Platform|3430D261
Little Mermaid, The (Europe)|Platform|00DEF37A
Little Mermaid, The (USA)|Platform|D7C517E5
Looney Tunes (USA, Europe)|Platform|A662A8EF
Looney Tunes - Bugs Bunny to Yukai na Nakama-tachi (Japan)|Platform|40E47DA3
Looney Tunes Series - Daffy Duck (Japan) (SGB Enhanced)|Platform|798D9489
Lucky Luke (Europe) (En,Fr,De,Es)|Platform|538E0591
Lucky Monkey (Japan)|Platform|A2234EB1
Maru's Mission (USA)|Platform|6E4F1EB3
Maui Mallard (USA)|Platform|6F30A43A
McDonaldland (Europe)|Platform|81DE6C13
Mega Man - Dr. Wily's Revenge (Europe)|Platform|2EA4B976
Mega Man - Dr. Wily's Revenge (USA)|Platform|47E70E08
Mega Man II (Europe)|Platform|5E90CB48
Mega Man II (USA)|Platform|E496F686
Mega Man III (Europe)|Platform|03B0D4EC
Mega Man III (USA)|Platform|5175D761
Mega Man IV (Europe)|Platform|060B89E6
Mega Man IV (USA)|Platform|ABCEA00D
Mega Man V (Europe) (SGB Enhanced)|Platform|D12AC4FE
Mega Man V (USA) (SGB Enhanced)|Platform|72E6D21D
Mickey Mouse (Europe)|Platform|FC50DEE7
Mickey Mouse (Japan)|Platform|4CA75D4D
Mickey Mouse - Magic Wands (USA, Europe) (SGB Enhanced)|Platform|F0482567
Mickey Mouse II (Japan)|Platform|DFEE8BCC
Mickey Mouse V (Japan)|Platform|44CD01DD
Mickey's Chase (Japan)|Platform|0AB490C8
Mickey's Dangerous Chase (Europe)|Platform|E72DB762
Mickey's Dangerous Chase (USA)|Platform|7B822D8F
Milon no Meikyuu Kumikyoku (Japan)|Platform|F188C94C
Milon's Secret Castle (USA, Europe)|Platform|62B4CC8C
Miner 2049er Starring Bounty Bob (USA)|Platform|1A6BD577
Monster Max (Europe) (En,Fr,De,Es,It,Nl)|Platform|300B1D2D
Mr. Chin's Gourmet Paradise (USA)|Platform|D03E59AA
Mr. Nutz (Europe)|Platform|03B64A35
Mulan (USA, Europe) (SGB Enhanced)|Platform|E285CF30
Mystical Ninja Starring Goemon (Europe) (SGB Enhanced)|Platform|A1813CD5
Mystical Ninja Starring Goemon (USA) (SGB Enhanced)|Platform|FAFB343C
Navy SEALs (USA, Europe)|Platform|296CEACB
Ninja Gaiden Shadow (USA)|Platform|D3741A3A
Ninja Ryuuken Den - Matenrou Kessen (Japan)|Platform|D2BE3397
Noobow (Japan)|Platform|8BBCC8BB
Oddworld Adventures (USA, Europe)|Platform|6510C0E2
Oira Jajamaru! Sekai Daibouken (Japan)|Platform|2D08D27F
Otto's Ottifanten - Baby Bruno's Nightmare (Europe) (En,Fr,De,Es)|Platform|0C228A78
P-Man GB (Japan)|Platform|727D5509
Pac-In-Time (Europe) (SGB Enhanced)|Platform|8690B691
Pac-In-Time (Japan) (SGB Enhanced)|Platform|1A5A38DA
Pac-In-Time (USA) (SGB Enhanced)|Platform|50A15DC8
Pagemaster, The (Europe) (SGB Enhanced)|Platform|C9BE96D3
Pagemaster, The (USA) (SGB Enhanced)|Platform|CDFA71E5
Parasol Stars - Rainbow Islands II (Europe)|Platform|C35AD128
Phantasm (Japan)|Platform|E742561E
Pierre le Chef Is... Out to Lunch (Europe)|Platform|0145BB6C
Pinocchio (Europe)|Platform|085C4A02
Pinocchio (USA)|Platform|2D924E46
Pocahontas (USA, Europe) (SGB Enhanced)|Platform|CE58C63D
Popeye (Japan)|Platform|2FB4DA21
Popeye 2 (Europe)|Platform|C07ED722
Popeye 2 (Japan)|Platform|4372ED68
Popeye 2 (USA)|Platform|729C2E40
Prehistorik Man (USA, Europe)|Platform|C5204156
Prince of Persia (Europe) (En,Fr,De,Es,It)|Platform|B2CBF20F
Prince of Persia (Japan)|Platform|1D16D689
Prince of Persia (USA)|Platform|2BD995F1
Prophecy - The Viking Child (Europe) (En,Fr,De,Es,It)|Platform|590F5FB1
Prophecy - The Viking Child (USA)|Platform|80F62F9A
Ren & Stimpy Show, The - Space Cadet Adventures (USA)|Platform|2085AAD9
Ren & Stimpy Show, The - Veediots! (USA, Europe)|Platform|504CBD1D
Reservoir Rat (Europe) (En,Fr,De,Es,It)|Platform|2D33E175
RoboCop 2 (Japan)|Platform|157CE6E5
RoboCop 2 (USA, Europe)|Platform|4365A789
RoboCop vs. The Terminator (Europe)|Platform|9E3B05C4
RoboCop vs. The Terminator (USA)|Platform|F82D7223
Rockman World (Japan)|Platform|3BE6AC04
Rockman World (Japan) (En) (Beta)|Platform|D7356A4F
Rockman World 2 (Japan)|Platform|C34D265E
Rockman World 3 (Japan)|Platform|E904484F
Rockman World 4 (Japan)|Platform|16AEC559
Rockman World 5 (Japan) (SGB Enhanced)|Platform|EEABD3C6
Rodland (Europe)|Platform|6093F4EC
Rubble Saver (Japan)|Platform|E8AEA452
Shadow Warriors (Europe)|Platform|BCC18E24
Shippo de Bun (Japan)|Platform|56410442
Simpsons, The - Bart & the Beanstalk (USA, Europe)|Platform|517A614C
Simpsons, The - Bart no Jack to Mame no Ki (Japan)|Platform|7AA4E0BB
Smurfs Nightmare, The (Europe) (En,Fr,De,Es)|Platform|8EF938C4
Smurfs Travel the World, The (Europe) (En,Fr,De,Es)|Platform|CB2C7198
Smurfs, The (Europe) (En,Fr,De,Es)|Platform|CDFF161F
Smurfs, The (USA, Europe) (En,Fr,De) (Rev A) (SGB Enhanced)|Platform|8B5BCDE7
Sneaky Snakes (USA, Europe)|Platform|7BF40D7D
Snow Bros. Jr. (Europe)|Platform|9014B3D8
Snow Bros. Jr. (Japan)|Platform|E5A22F5A
Snow Bros. Jr. (USA)|Platform|D45A1DAA
Soreyuke! Speedy Gonzales (Japan)|Platform|B2E6A1C5
Spanky's Quest (Europe)|Platform|E9EF8136
Spanky's Quest (USA)|Platform|6EE7CA79
Speedy Gonzales (USA, Europe)|Platform|27CDE8D6
Spider-Man 3 - Invasion of the Spider-Slayers (USA, Europe)|Platform|CBB2F22C
Spirou (Europe) (En,Fr,De,Es) (Beta) (SGB Enhanced)|Platform|35415A00
Spirou (Europe) (En,Fr,De,Es) (SGB Enhanced)|Platform|735B29E2
Spot - The Cool Adventure (Japan)|Platform|552A53B9
Spot - The Cool Adventure (USA)|Platform|76F67428
Star Wars (Europe)|Platform|7E3F6BBE
Star Wars (USA)|Platform|B01DA1AE
Star Wars (USA, Europe) (Rev A)|Platform|5D8DEB5B
Star Wars - The Empire Strikes Back (Europe)|Platform|240C589D
Star Wars - The Empire Strikes Back (USA)|Platform|A0FFF8E7
Stargate (USA, Europe)|Platform|4789295C
Sumo Fighter (USA)|Platform|BADC7CEE
Sumou Fighter - Toukaidou Basho (Japan)|Platform|A6905FB2
Super Donkey Kong GB (Japan) (SGB Enhanced)|Platform|695F4600
Super Hunchback (Europe)|Platform|2359D61E
Super Hunchback (Japan)|Platform|F20078C2
Super Hunchback (USA)|Platform|1A45706E
Super James Pond (Europe)|Platform|6DC1BB2C
Super Mario Land (World)|Platform|90776841
Super Mario Land (World) (Rev A)|Platform|2C27EC70
Super Mario Land 2 - 6 Golden Coins (USA, Europe)|Platform|D5EC24E4
Super Mario Land 2 - 6 Golden Coins (USA, Europe) (Rev A)|Platform|E6F886E5
Super Mario Land 2 - 6 Golden Coins (USA, Europe) (Rev B)|Platform|635A9112
Super Mario Land 2 - 6-tsu no Kinka (Japan)|Platform|A715DAF5
Super Mario Land 2 - 6-tsu no Kinka (Japan) (Rev 1)|Platform|BF733E10
Super Mario Land 2 - 6-tsu no Kinka (Japan) (Rev 2)|Platform|29E0911A
Super Star Wars - Return of the Jedi (USA, Europe) (SGB Enhanced)|Platform|6CB73DC7
Superman (USA, Europe) (SGB Enhanced)|Platform|358E0091
Swamp Thing (USA, Europe)|Platform|76AE62C8
Tail 'Gator (USA, Europe)|Platform|C5ACCE7C
Takahashi Meijin no Bouken-jima II (Japan)|Platform|F1071E08
Takahashi Meijin no Bouken-jima III (Japan)|Platform|F8FC0B41
Tarzan (USA, Europe)|Platform|C2F50FB3
Taz-Mania (Europe)|Platform|0860B667
Taz-Mania (USA, Europe)|Platform|22D07CF6
Taz-Mania 2 (USA)|Platform|4CCB65E0
Teenage Mutant Hero Turtles - Fall of the Foot Clan (Europe)|Platform|ED8A73FB
Teenage Mutant Hero Turtles II - Back from the Sewers (Europe)|Platform|CF24506C
Teenage Mutant Hero Turtles III - Radical Rescue (Europe)|Platform|9F3245F3
Teenage Mutant Ninja Turtles (Japan)|Platform|74078236
Teenage Mutant Ninja Turtles - Fall of the Foot Clan (USA)|Platform|5A6984C3
Teenage Mutant Ninja Turtles 2 (Japan)|Platform|84E6FB25
Teenage Mutant Ninja Turtles 3 - Turtles Kikiippatsu (Japan)|Platform|55153BB5
Teenage Mutant Ninja Turtles II - Back from the Sewers (USA)|Platform|44F51C73
Teenage Mutant Ninja Turtles III - Radical Rescue (USA)|Platform|58832BBC
Tintin - Prisoners of the Sun (Europe) (En,Fr,De)|Platform|55FC585F
Tintin in Tibet (Europe) (En,Fr,De,Nl) (SGB Enhanced)|Platform|5D2BD778
Tiny Toon Adventures (Japan)|Platform|FB13462B
Tiny Toon Adventures - Babs' Big Break (USA, Europe)|Platform|9B5E6219
Tiny Toon Adventures 2 (Japan)|Platform|0FD47F8A
Tiny Toon Adventures 2 - Montana's Movie Madness (USA, Europe)|Platform|C5C7868D
Tom & Jerry (USA, Europe)|Platform|0636D89E
Tom and Jerry - Frantic Antics! (USA, Europe)|Platform|C2DBD1AA
Tom to Jerry (Japan)|Platform|CA836E6D
Tom to Jerry Part 2 (Japan)|Platform|DD19A9EC
Toy Story (Europe) (SGB Enhanced)|Platform|D8E5060F
Toy Story (USA) (Rev A) (SGB Enhanced)|Platform|6F36B6ED
Toy Story (USA) (SGB Enhanced)|Platform|D34287CC
Trip World (Europe)|Platform|85D910B9
Trip World (Japan)|Platform|11568E64
Turok - Battle of the Bionosaurs (Japan)|Platform|C88E751D
Turok - Battle of the Bionosaurs (USA, Europe) (En,Fr,De,Es)|Platform|518C2D2F
Turrican (USA, Europe)|Platform|2359BF0C
Universal Soldier (USA, Europe)|Platform|99AE9D06
Wario Land - Super Mario Land 3 (World)|Platform|40BE3889
Wario Land II (USA, Europe) (SGB Enhanced)|Platform|9C54358D
Wayne's World (USA)|Platform|829EA425
We're Back! - A Dinosaur's Story (USA, Europe)|Platform|C811560B
Yogi Bear in Yogi Bear's Goldrush (Europe)|Platform|6E7BB436
Yogi Bear in Yogi Bear's Goldrush (USA)|Platform|A86BD81B
Yousei Monogatari - Rod Land (Japan)|Platform|2355BE94
Zen - Intergalactic Ninja (Europe)|Platform|642C7EBE
Zen - Intergalactic Ninja (USA)|Platform|88190730
Zool - Ninja of the 'Nth' Dimension (Europe)|Platform|AE13E227
Zool - Ninja of the 'Nth' Dimension (USA)|Platform|EF54B46E
