Baseball (Japan)|Sports|23BD2653
Big Challenge! Go! Go! Bowling (Japan)|Sports|A1CE4038
Big Challenge! Juudou Senshuken (Japan)|Sports|16C8CDD5
Exciting Baseball (Japan)|Sports|3C42814F
Exciting Basket (Japan)|Sports|C601BD65
Exciting Billiard (Japan)|Sports|F7E359C3
Exciting Soccer - Konami Cup (Japan)|Sports|F3530BC8
Golf (Japan)|Sports|B15026A5
Golf (Japan) (Rev 1)|Sports|A9451981
Golf - Japan Course (Japan)|Sports|6B3325D8
Golf - Japan Course (Japan) (Prize Card)|Sports|C1BD72F2
Golf - Special Course (Japan) (Prize Card)|Sports|528DA81F
Golf - US Course (Japan)|Sports|9944329A
Golf, The - Bishoujo Classic (Japan) (Unl)|Sports|6781C413
Ice Hockey (Japan)|Sports|8C845C81
Kattobi! Douji (Japan) [b]|Sports|D584E77F
Kick and Run (Japan)|Sports|13E293F7
Kobayashi Hitomi Shocking Tennis (Japan) (Unl)|Sports|187EC24C
Konamic Ice Hockey (Japan)|Sports|FEF5125F
Konamic Tennis (Japan) [b]|Sports|1CD10D73
Pro Golfer Saru - Kage no Tournament (Japan)|Sports|32FE4E7C
Pro Wres (Japan)|Sports|D6CE8AC6
Putt Putt Golf (Japan) [b]|Sports|805F5166
Smash Ping Pong (Japan)|Sports|2A001165
Soccer (Japan)|Sports|638B6903
Tennis (Japan)|Sports|E45BA8B2
Volleyball (Japan)|Sports|F2040D16
Winter Games (Japan)|Sports|6AB5E1D6
