Animal Breeder 3 (Japan) (SGB Enhanced)|RPG|C62A4C30
Animastar GB (Japan)|RPG|B14920F0
Arle no Bouken - Mahou no Jewel (Japan) (SGB Enhanced)|RPG|8EE043EA
Azure Dreams (Europe) (En,Fr,De) (SGB Enhanced)|RPG|F9CCAB09
Azure Dreams (USA) (SGB Enhanced)|RPG|71D52876
B-Daman Bakugaiden - Victory e no Michi (Japan) (SGB Enhanced)|RPG|DDCE76D6
B-Daman Bakugaiden V - Final Mega Tune (Japan)|RPG|547A9A69
Bakukyuu Renpatsu!! Super B-Daman - Gekitan! Rising Valkyrie!! (Japan) (SGB Enhanced)|RPG|5C95D5A2
Bakusou Senki Metal Walker GB - Koutetsu no Yuujou (Japan)|RPG|D514C9A0
Barcode Taisen Bardigun (Japan) (SGB Enhanced)|RPG|DDFCF4B7
Bikkuriman 2000 - Charging Card GB (Japan) (SGB Enhanced)|RPG|5BE2517C
Black Onyx, The (Japan)|RPG|582FE338
Bomber Man Max - Hikari no Yuusha (Japan)|RPG|7A44CE88
Bomber Man Max - Yami no Senshi (Japan)|RPG|48B60E8E
Bomber Man Quest (Japan) (SGB Enhanced)|RPG|55210934
Bomberman Max - Blue Champion (USA)|RPG|5CCB66CF
Bomberman Max - Red Challenger (USA)|RPG|4853F586
Bomberman Quest (Europe) (En,Fr,De) (SGB Enhanced)|RPG|5A9B9AE6
Bomberman Quest (USA) (SGB Enhanced)|RPG|A089C656
Brave Saga - Shinshou Astaria (Japan)|RPG|5D5D294A
Choro Q - Hyper Customable GB (Japan) (SGB Enhanced)|RPG|65610CA4
Command Master (Japan)|RPG|D10B5645
Crystalis (USA)|RPG|909BB02D
Daikaijuu Monogatari - Poyon no Dungeon Room (Japan) (SGB Enhanced)|RPG|2F368DA6
Daikaijuu Monogatari - Poyon no Dungeon Room 2 (Japan)|RPG|5E312730
Daikatana (Europe) (En,Fr,It)|RPG|D9062E49
Daikatana (Europe) (Fr,De,Es)|RPG|F7E83313
Daikatana (USA) (Proto) (2000-04-19)|RPG|351862BB
Daikatana GB (Japan) (NP)|RPG|2BB01AAD
Dinosaur (Europe) (En,Fr,De,Es,It)|RPG|0AA8D0CC
Dinosaur (USA)|RPG|276ECAAE
Dinosaur (USA) (Beta)|RPG|0B087FE7
Dinosaur'us (Europe) (En,Fr,De,Es,It,Nl)|RPG|F4609FE3
Dokapon! - Millennium Quest (Japan) (SGB Enhanced)|RPG|4FE9E966
Dokidoki Densetsu - Mahoujin Guruguru (Japan)|RPG|83E47A1A
Doraemon - Kimi to Pet no Monogatari (Japan)|RPG|2FA46211
Dragon Ball Z - Densetsu no Chou Senshi-tachi (Japan)|RPG|7D28689A
Dragon Ball Z - Guerreros de Leyenda (Spain)|RPG|9DAD6E23
Dragon Ball Z - I Leggendari Super Guerrieri (Italy)|RPG|A888A049
Dragon Ball Z - Legendaere Superkaempfer (Germany)|RPG|EC7DFDC1
Dragon Ball Z - Legendary Super Warriors (Europe)|RPG|7BF836DB
Dragon Ball Z - Legendary Super Warriors (USA)|RPG|025AA88A
Dragon Ball Z - Les Guerriers Legendaires (France)|RPG|C07E9438
Dragon Quest III - Soshite Densetsu e... (Japan)|RPG|21078C16
Dragon Quest Monsters (Germany) (SGB Enhanced)|RPG|2A82B63B
Dragon Quest Monsters - Terry no Wonderland (Japan) (Rev A) (SGB Enhanced)|RPG|D263D88D
Dragon Quest Monsters - Terry no Wonderland (Japan) (SGB Enhanced)|RPG|4702C4F1
Dragon Quest Monsters 2 - Maruta no Fushigi na Kagi - Iru no Bouken (Japan) (SGB Enhanced)|RPG|68BA18D7
Dragon Quest Monsters 2 - Maruta no Fushigi na Kagi - Ruka no Tabidachi (Japan) (SGB Enhanced)|RPG|2C428A87
Dragon Warrior III (USA)|RPG|0FD9C59C
Dragon Warrior Monsters (USA, Europe) (SGB Enhanced)|RPG|E56C35B1
Dragon Warrior Monsters 2 - Cobi's Journey (USA) (SGB Enhanced)|RPG|AB7BFDD5
Dragon Warrior Monsters 2 - Tara's Adventure (USA) (SGB Enhanced)|RPG|35EC5FB2
Dungeon Savior (Japan) (SGB Enhanced)|RPG|2BCB5F78
Elie no Atelier GB (Japan) (SGB Enhanced)|RPG|7967320E
Estpolis Denki - Yomigaeru Densetsu (Japan)|RPG|54617416
From TV Animation One Piece - Maboroshi no Grand Line Boukenki! (Japan) (SGB Enhanced)|RPG|A7317BB8
From TV Animation One Piece - Yume no Luffy Kaizokudan Tanjou! (Japan) (Rev A) (SGB Enhanced)|RPG|A4DDE805
From TV Animation One Piece - Yume no Luffy Kaizokudan Tanjou! (Japan) (SGB Enhanced)|RPG|C693AA37
Fushigi no Dungeon - Fuurai no Shiren GB2 - Sabaku no Majou (Japan)|RPG|2C97E90F
GB Harobots (Japan)|RPG|1C0368FA
Gakkyuu Ou Yamazaki (Japan) (Rev A)|RPG|EF2CFD99
Ganbare Goemon - Tengutou no Gyakushuu (Japan)|RPG|D829EB2F
Gensou Maden Saiyuuki - Sabaku no Shijin (Japan)|RPG|918A40E7
Grandia - Parallel Trippers (Japan)|RPG|23223670
Granduel - Shinki Dungeon no Hihou (Japan)|RPG|D589C501
Granduel - Shinki Dungeon no Hihou (Japan) (Sample)|RPG|7122136D
Guruguru Garakutas (Japan) (SGB Enhanced)|RPG|7EAEEEAC
Gyouten Ningen Batseelor - Doctor Guy no Yabou (Japan)|RPG|B17DC263
Hamtaro - Ham-Hams Unite! (Europe) (En,Fr,De,Es,It)|RPG|45BE9D9B
Hamtaro - Ham-Hams Unite! (USA)|RPG|1271117F
Hercules - The Legendary Journeys (Europe) (En,Fr,De,Es,It,Nl)|RPG|C0EDE71F
Jack no Daibouken - Daimaou no Gyakushuu (Japan) (SGB Enhanced)|RPG|CFF5325A
Jisedai Begoma Battle Beyblade (Japan)|RPG|9C56977E
Juukou Senki Bullet Battlers (Japan) (SGB Enhanced)|RPG|4039C187
Kakurenbo Battle Monster Tactics (Japan)|RPG|9CFA76C3
Kakutou Ryouri Densetsu Bistro Recipe - Gekitou Foodon Battle Hen (Japan) (SGB Enhanced)|RPG|459A126B
Kakutou Ryouri Densetsu Bistro Recipe - Kettou Bistgarm Hen (Japan) (SGB Enhanced)|RPG|4FBEC464
Kaseki Sousei Reborn II - Monster Digger (Japan) (SGB Enhanced)|RPG|BF80C897
Kawaii Pet Shop Monogatari (Japan) (SGB Enhanced)|RPG|44767443
Kawaii Pet Shop Monogatari 2 (Japan)|RPG|3791DCA1
Keitai Denjuu Telefang - Power Version (Japan)|RPG|8B61CFCC
Keitai Denjuu Telefang - Speed Version (Japan)|RPG|FB528F66
Konchuu Fighters (Japan)|RPG|C6758B0B
Konchuu Hakase 2 (Japan) (SGB Enhanced)|RPG|B6381744
Koto Battle - Tengai no Moribito (Japan)|RPG|430EB1E1
Lufia - The Legend Returns (Europe) (En,De)|RPG|470DCB1D
Lufia - The Legend Returns (USA)|RPG|5BAE3C04
Magi Nation (USA)|RPG|5042450B
Majokko Mari-chan no Kisekae Monogatari (Japan) (Rev A) (SGB Enhanced)|RPG|0D16A545
Majokko Mari-chan no Kisekae Monogatari (Japan) (SGB Enhanced)|RPG|934F4B0A
Marie no Atelier GB (Japan) (SGB Enhanced)|RPG|6144FC66
Medarot 2 - Kabuto Version (Japan) (SGB Enhanced)|RPG|BF6BD446
Medarot 2 - Kuwagata Version (Japan) (SGB Enhanced)|RPG|5B8FFD37
Medarot 2 - Parts Collection (Japan) (SGB Enhanced)|RPG|159673DB
Medarot 3 - Kabuto Version (Japan)|RPG|E655632C
Medarot 3 - Kuwagata Version (Japan)|RPG|BC617834
Medarot 3 - Parts Collection - Z kara no Chousenjou (Japan)|RPG|EE2D977F
Medarot 4 - Kabuto Version (Japan)|RPG|C192A368
Medarot 4 - Kuwagata Version (Japan)|RPG|6A29B9D8
Medarot 5 - Susutake Mura no Tenkousei - Kabuto (Japan)|RPG|A3C1756E
Medarot 5 - Susutake Mura no Tenkousei - Kuwagata (Japan)|RPG|014083A8
Megami Tensei Gaiden - Last Bible (Japan) (SGB Enhanced)|RPG|BD9BA639
Megami Tensei Gaiden - Last Bible II (Japan) (SGB Enhanced)|RPG|9CAA00B5
Metal Walker (USA)|RPG|3BE68391
Metamode (Japan)|RPG|A76EED5B
Momotarou Densetsu 1-2 (Japan)|RPG|DA7FB08F
Monster Race 2 (Japan) (SGB Enhanced)|RPG|B985F0D8
Network Boukenki Bugsite - Alpha Version (Japan)|RPG|D65C8BA1
Network Boukenki Bugsite - Beta Version (Japan)|RPG|56F52663
Other Life - Azure Dreams GB (Japan) (SGB Enhanced)|RPG|C6F1ABD4
Ou Dorobou Jing - Angel Version (Japan) (SGB Enhanced)|RPG|D47C0DCF
Ou Dorobou Jing - Devil Version (Japan) (SGB Enhanced)|RPG|2A39A874
Pocket Lure Boy (Japan)|RPG|35A29628
Pocket Monsters - Crystal Version (Japan)|RPG|270C4ECC
Pocket Monsters Eun (Korea)|RPG|9CC1F90F
Pocket Monsters Geum (Korea)|RPG|249A7A66
Pocket Monsters Gin (Japan) (Rev A) (SGB Enhanced)|RPG|0AEA5383
Pocket Monsters Gin (Japan) (SGB Enhanced)|RPG|BE1B928A
Pocket Monsters Kin (Japan) (Rev A) (SGB Enhanced)|RPG|4EF7F2A5
Pocket Monsters Kin (Japan) (SGB Enhanced)|RPG|524478D4
Pokemon - Crystal Version (USA, Europe)|RPG|EE6F5188
Pokemon - Crystal Version (USA, Europe) (Rev A)|RPG|3358E30A
Pokemon - Edicion Cristal (Spain)|RPG|FF0A6F8A
Pokemon - Edicion Oro (Spain) (SGB Enhanced)|RPG|3434A92B
Pokemon - Edicion Plata (Spain) (SGB Enhanced)|RPG|1D9FAAC5
Pokemon - Gold Version (USA, Europe) (SGB Enhanced)|RPG|6BDE3C3E
Pokemon - Goldene Edition (Germany) (SGB Enhanced)|RPG|4889DFAA
Pokemon - Kristall-Edition (Germany)|RPG|616D85DE
Pokemon - Silberne Edition (Germany) (SGB Enhanced)|RPG|96C9DB95
Pokemon - Silver Version (USA, Europe) (SGB Enhanced)|RPG|8AD48636
Pokemon - Version Argent (France) (SGB Enhanced)|RPG|E0C216EA
Pokemon - Version Cristal (France)|RPG|878B2AA7
Pokemon - Version Or (France) (SGB Enhanced)|RPG|37A70702
Pokemon - Versione Argento (Italy) (SGB Enhanced)|RPG|CBA6D2D4
Pokemon - Versione Cristallo (Italy)|RPG|D45AC039
Pokemon - Versione Oro (Italy) (SGB Enhanced)|RPG|4C184CE3
Quest RPG - Brian's Journey (USA)|RPG|9AC27645
RPG Tsukuru GB (Japan)|RPG|0B614307
Revelations - The Demon Slayer (USA) (SGB Enhanced)|RPG|D1A65D74
Robopon - Sun Version (USA) (SGB Enhanced)|RPG|32CAEF11
Robot Poncots - Comic Bom Bom Special Version (Japan) (SGB Enhanced)|RPG|4AA209CD
Robot Poncots - Moon Version (Japan) (SGB Enhanced)|RPG|87A29030
Robot Poncots - Star Version (Japan) (SGB Enhanced)|RPG|B28F32AC
Robot Poncots - Sun Version (Japan) (SGB Enhanced)|RPG|CB0B8003
Rokumon Tengai Mon-Colle-Knight GB (Japan)|RPG|E48ADF8D
Sanrio Timenet - Kako Hen (Japan) (SGB Enhanced)|RPG|458B579D
Sanrio Timenet - Mirai Hen (Japan) (SGB Enhanced)|RPG|EFE51E17
Seme COM Dungeon - Drururuaga (Japan)|RPG|0B1B928C
Senkai Ibunroku Juntei Taisen - TV Animation Senkaiden Houshin Engi Yori (Japan) (SGB Enhanced)|RPG|23FA5F53
Shin Megami Tensei Devil Children - Aka no Sho (Japan) (SGB Enhanced)|RPG|F90C4977
Shin Megami Tensei Devil Children - Kuro no Sho (Japan) (SGB Enhanced)|RPG|55B9AF51
Shin Megami Tensei Devil Children - Shiro no Sho (Japan)|RPG|39A10855
Soreike! Anpanman - Fushigi na Nikoniko Album (Japan) (SGB Enhanced)|RPG|A80EEEAD
Soul Getter - Houkago Bouken RPG (Japan)|RPG|3FFCD45B
Space-Net - Cosmo Blue (Japan)|RPG|F606D369
Space-Net - Cosmo Red (Japan)|RPG|01F96353
Star Ocean - Blue Sphere (Japan) (SGB Enhanced)|RPG|8C7DDBDA
Stranded Kids (Europe) (En,Fr,De) (SGB Enhanced)|RPG|816A4D94
Survival Kids (USA) (SGB Enhanced)|RPG|C46ABA56
Survival Kids - Kotou no Boukensha (Japan) (SGB Enhanced)|RPG|19C2BD07
Survival Kids 2 - Dasshutsu!! Futago-Jima! (Japan) (SGB Enhanced)|RPG|AB8B25D8
Sylvanian Families - Otogi no Kuni no Pendant (Japan) (SGB Enhanced)|RPG|C6FE4497
Sylvanian Families 2 - Irozuku Mori no Fantasy (Japan)|RPG|F82D391F
Sylvanian Families 3 - Hoshi Furu Yoru no Sunadokei (Japan)|RPG|ABF32B8B
Tabaluga (Germany)|RPG|F09F92D7
Tales of Phantasia - Narikiri Dungeon (Japan) (SGB Enhanced)|RPG|725CF31C
Tottoko Hamutarou 2 - Hamu-chan Zu Daishuugou Dechu (Japan)|RPG|F1FBCF84
Towers - Lord Baniff's Deceit (USA, Europe)|RPG|7B9B2468
Tsuri Sensei 2 (Japan) (SGB Enhanced)|RPG|1BE00A6E
Uchuujin Tanaka Tarou de RPG Tsuku-ru GB 2 (Japan)|RPG|219E42E3
Wizardry Empire (Japan)|RPG|7ADC90E1
Wizardry Empire (Japan) (Rev A)|RPG|FA82620F
Wizardry Empire - Fukkatsu no Tsue (Japan)|RPG|1A10552B
Wizardry I - Proving Grounds of the Mad Overlord (Japan)|RPG|A99A33DC
Wizardry II - Llylgamyn no Isan (Japan)|RPG|DD727F1A
Wizardry III - Diamond no Kishi (Japan)|RPG|D44D3596
Yu-Gi-Oh! - Monster Capsule GB (Japan) (SGB Enhanced)|RPG|1371E872
Zoids - Jashin Fukkatsu! Genobreaker Hen (Japan) (Rev A) (SGB Enhanced)|RPG|96461918
Zoids - Jashin Fukkatsu! Genobreaker Hen (Japan) (SGB Enhanced)|RPG|F36C874D
Zoids - Shirogane no Juukishin Liger Zero (Japan)|RPG|530705A1
Zok Zok Heroes (Japan)|RPG|C09F9E1B
