Andre' Panza Kick Boxing (USA)|Sports|A980E0E9
Appare Gateball (Japan)|Sports|2B54CBA2
Battle Royale (USA)|Sports|E70B01AF
Break In (Japan)|Sports|C9D7426A
Bull Fight - Ring no Haja (Japan)|Sports|5C4D1991
Champion Wrestler (Japan)|Sports|9EDC0AEA
Champions Forever Boxing (USA)|Sports|15EE889A
Cyber Dodge (Japan)|Sports|C1139BD3
Davis Cup Tennis (USA)|Sports|9EDAB596
Digital Champ (Japan)|Sports|17BA3032
Final Match Tennis (Japan)|Sports|560D2305
Fire Pro Wrestling - Combination Tag (Japan)|Sports|90ED6575
Fire Pro Wrestling 2 - 2nd Bout (Japan)|Sports|E88987BB
Fire Pro Wrestling 3 - Legend Bout (Japan)|Sports|534E8808
Formation Soccer - Human Cup '90 (Japan)|Sports|85A1E7B6
Formation Soccer - On J. League (Japan)|Sports|7146027C
Ganbare! Golf Boys (Japan)|Sports|27A4D11A
Hit the Ice - VHL - The Official Video Hockey League (Japan)|Sports|7ACB60C8
Hit the Ice - VHL - The Official Video Hockey League (USA)|Sports|8B29C3AA
Honoo no Toukyuuji - Dodge Danpei (Japan)|Sports|B01EE703
J. League Greatest Eleven (Japan)|Sports|0AD97B04
Jack Nicklaus' Greatest 18 Holes of Major Championship Golf (Japan)|Sports|EA751E82
Jack Nicklaus' Turbo Golf (USA)|Sports|83384572
Kore ga Pro Yakyuu '89 (Japan)|Sports|44F60137
Kore ga Pro Yakyuu '90 (Japan)|Sports|1772B229
Maniac Pro Wres - Asu e no Tatakai (Japan)|Sports|99F2865C
Monster Pro Wres (Japan)|Sports|F2E46D25
Naxat Open (Japan)|Sports|60ECAE22
Naxat Stadium (Japan)|Sports|20A7D128
Nekketsu Koukou Dodgeball-bu - PC Bangai Hen (Japan)|Sports|65FDB863
Nekketsu Koukou Dodgeball-bu - Soccer PC Hen (Japan)|Sports|F2285C6D
Power Eleven (Japan)|Sports|3E647D8B
Power Golf (Japan)|Sports|EA324F07
Power Golf (USA)|Sports|ED1D3843
Power League '93 (Japan)|Sports|7D3E6F33
Power League (Japan)|Sports|69180984
Power League (Japan) (All Star Version)|Sports|04A85769
Power League 4 (Japan)|Sports|30CC3563
Power League 5 (Japan)|Sports|8B61E029
Power League II (Japan)|Sports|C5FDFA89
Power League III (Japan)|Sports|8AA4B220
Power Sports (Japan)|Sports|29EEC024
Power Tennis (Japan)|Sports|8DEF5AA1
Pro Tennis World Court (Japan)|Sports|11A36745
Pro Yakyuu World Stadium '91 (Japan)|Sports|66B167A9
Pro Yakyuu World Stadium (Japan)|Sports|34E089A9
Sonic Spike - World Championship Beach Volleyball (USA)|Sports|F74E5EB3
Super Volleyball (Japan)|Sports|CE2E4F9F
Super Volleyball (USA)|Sports|245040B3
TV Sports Basketball (Japan)|Sports|10B60601
TV Sports Basketball (USA)|Sports|EA54D653
TV Sports Football (Japan)|Sports|968D908A
TV Sports Football (USA)|Sports|5E25B557
TV Sports Hockey (Japan)|Sports|E7529890
TV Sports Hockey (USA)|Sports|97FE5BCF
Takin' It to the Hoop (USA)|Sports|E9D51797
Tsuppari Oozumou - Heisei Ban (Japan)|Sports|61A6E210
USA Pro Basketball (Japan)|Sports|1CAD4B7F
Winning Shot (Japan)|Sports|9B5EBC58
World Beach Volley (Japan)|Sports|BE850530
World Class Baseball (USA)|Sports|4186D0C0
World Court Tennis (USA)|Sports|A4457DF0
World Jockey (Japan)|Sports|A9AB2954
World Sports Competition (USA)|Sports|4B93F0AC
