Ayrton Senna's Super Monaco GP II (Europe)|Racing / Driving|E890331D
Battle Out Run (Europe)|Racing / Driving|C19430CE
Buggy Run (Europe)|Racing / Driving|B0FC4577
Circuit, The (Japan)|Racing / Driving|8FB75994
Enduro Racer (Japan)|Racing / Driving|5D5C50B3
Enduro Racer (USA, Europe)|Racing / Driving|00E73541
F-1 Spirit - The Way to Formula-1 (Korea) (Unl) (Pirate)|Racing / Driving|06965ED9
F1 (Europe)|Racing / Driving|EC788661
GP Rider (Europe)|Racing / Driving|EC2DA554
Hang-On (Europe)|Racing / Driving|071B045E
Hang-On (Japan)|Racing / Driving|5C01ADF9
Micro Machines (Europe)|Racing / Driving|A577CE46
Out Run (World)|Racing / Driving|5589D8D2
Out Run 3-D (Europe)|Racing / Driving|D6F43DDA
Out Run Europa (Europe)|Racing / Driving|3932ADBC
R.C. Grand Prix (USA, Europe)|Racing / Driving|54316FEA
R.C. Grand Prix (USA, Europe) (Beta)|Racing / Driving|767F11B8
Road Rash (Europe)|Racing / Driving|B876FC74
Special Criminal Investigation (Europe)|Racing / Driving|FA8E4CA0
Special Criminal Investigation (Europe) (Beta)|Racing / Driving|1B7D2A20
Super Monaco GP (Europe)|Racing / Driving|55BF81A0
Super Monaco GP (USA)|Racing / Driving|3EF12BAA
Super Monaco GP (USA) (Beta 1)|Racing / Driving|A1D6D963
Super Monaco GP (USA) (Beta 2)|Racing / Driving|DD7ADBCC
Super Off Road (Europe)|Racing / Driving|54F68C2A
Super Racing (Japan)|Racing / Driving|7E0EF8CB
Taito Chase H.Q. (Europe)|Racing / Driving|85CFC9C9
World Grand Prix (Europe)|Racing / Driving|4AAAD0D6
World Grand Prix (USA)|Racing / Driving|7B369892
World Grand Prix (USA) (Beta)|Racing / Driving|B5A9F824
