Beavis and Butt-Head (USA, Europe)|Adventure|A6BF865E
Beavis and Butt-Head (USA, Europe) (Beta)|Adventure|3858F14F
Cosmic Spacehead (Europe)|Adventure|6CAA625B
Fantastic Dizzy (Europe) (En,Fr,De,Es,It)|Adventure|C888222B
Jurassic Park (Japan)|Adventure|2F536AE3
Jurassic Park (USA, Europe)|Adventure|BD6F2321
Monster World II - Dragon no Wana (Japan)|Adventure|EA89E0E7
Phantasy Star Adventure (Japan)|Adventure|1A51579D
Spider-Man vs. The Kingpin (USA, Europe)|Adventure|2651024E
Wonder Boy - The Dragon's Trap (Europe)|Adventure|A74C97A7
Wonder Boy III - The Dragon's Trap (Europe) (Beta)|Adventure|DB1B5B44
