Addams Family, The (Europe)|Platform|72420F38
Alex Kidd - High-Tech World (USA, Europe)|Platform|013C0A94
Alex Kidd - The Lost Stars (World)|Platform|C13896D5
Alex Kidd in Miracle World (USA, Europe)|Platform|17A40E29
Alex Kidd in Miracle World (USA, Europe) (Rev 1)|Platform|AED9AAC4
Alex Kidd in Shinobi World (USA, Europe)|Platform|D2417ED7
Alex Kidd no Miracle World (Japan)|Platform|08C9EC91
Alien 3 (Europe)|Platform|B618B144
Anmitsu Hime (Japan)|Platform|FFF63B0B
Argos no Juujiken (Japan)|Platform|BAE75805
Ariel - The Little Mermaid (Brazil)|Platform|F4B3A7BD
Asterix (Europe) (En,Fr)|Platform|147E02FA
Asterix (Europe) (En,Fr) (Rev 1)|Platform|8C9D5BE8
Asterix and the Great Rescue (Europe) (En,Fr,De,Es,It)|Platform|F9B7D26B
Asterix and the Secret Mission (Europe) (En,Fr,De)|Platform|DEF9B14E
Bobble Bobble (Korea)|Platform|25EB9F80
Bonkers Wax Up! (Brazil)|Platform|B3768A7A
Bram Stoker's Dracula (Europe)|Platform|1B10A951
Bubble Bobble (Europe)|Platform|E843BA7E
Captain Silver (Japan, Europe)|Platform|A4852757
Captain Silver (USA)|Platform|B81F6FA5
Castle of Illusion Starring Mickey Mouse (Europe)|Platform|953F42E1
Castle of Illusion Starring Mickey Mouse (USA)|Platform|B9DB4282
Castle of Illusion Starring Mickey Mouse (Unknown) (Sample)|Platform|BD610939
Chapolim x Dracula - Um Duelo Assustador (Brazil)|Platform|492C7C6E
Cheese Cat-astrophe Starring Speedy Gonzales (Europe) (En,Fr,De,Es)|Platform|46340C41
Chuck Rock (Europe)|Platform|DD0E2927
Chuck Rock II - Son of Chuck (Brazil)|Platform|87783C04
Chuck Rock II - Son of Chuck (Europe)|Platform|C30E690A
Cool Spot (Europe)|Platform|13AC9023
Cyber Shinobi, The (Europe)|Platform|1350E4F8
Cyber Shinobi, The (Unknown) (Beta)|Platform|DAC00A3A
Daffy Duck in Hollywood (Europe) (En,Fr,De,Es,It)|Platform|71ABEF27
Danan - The Jungle Fighter (Europe)|Platform|AE4A28D7
Deep Duck Trouble Starring Donald Duck (Europe)|Platform|42FC3A6E
Desert Speedtrap Starring Road Runner and Wile E. Coyote (Europe) (En,Fr,De,Es,It)|Platform|B137007A
Dinobasher Starring Bignose the Caveman (Europe) (Proto)|Platform|EA5C3A6F
Double Target - Cynthia no Nemuri (Japan)|Platform|52B83072
Dragon - The Bruce Lee Story (Europe)|Platform|C88A5064
Dynamite Headdy (Brazil)|Platform|7DB5B0FA
E-SWAT - City Under Siege (USA, Europe) (Easy Version)|Platform|C4BB1676
E-SWAT - City Under Siege (USA, Europe) (Hard Version)|Platform|C10FCE39
Earthworm Jim (Brazil)|Platform|C4D5EFC5
Ecco - The Tides of Time (Brazil)|Platform|7C28703A
Ecco the Dolphin (Europe)|Platform|6687FAB9
Ferias Frustradas do Pica Pau (Brazil)|Platform|BF6C2E37
Final Bubble Bobble (Japan)|Platform|3EBB7457
Fire & Ice (Brazil)|Platform|8B24A640
Flash, The (Europe)|Platform|BE31D63F
Gaegujangi Ggachi (Korea) (Unl)|Platform|8B40F6BF
Gangcheol RoboCop (Korea) (Unl)|Platform|AD522EFD
Geraldinho (Brazil)|Platform|956C416B
Ghost House (Japan)|Platform|C0F3CE7E
Ghost House (USA, Europe)|Platform|F1F8FF2D
Ghost House (USA, Europe) (Beta)|Platform|C3E7C1ED
Ghostbusters (USA, Europe)|Platform|1DDC3059
Ghouls'n Ghosts (USA, Europe)|Platform|7A92EBA6
Ghouls'n Ghosts (Unknown) (Sample)|Platform|96CA6902
Hook (Europe) (Proto)|Platform|9CED34A7
Hwarang Ui Geom (Korea)|Platform|E4B7C56A
Incredible Crash Dummies, The (Europe)|Platform|B4584DDE
Incredible Hulk, The (Europe)|Platform|BE9A7071
Incredible Hulk, The (Europe)|Platform|BE9A7071
Indiana Jones and the Last Crusade (Europe)|Platform|8AEB574B
Indiana Jones and the Last Crusade (Europe) (Beta)|Platform|ACEC894D
James Bond 007 - The Duel (Brazil)|Platform|8FEFF688
James Bond 007 - The Duel (Europe)|Platform|8D23587F
James Pond 2 - Codename RoboCod (Europe)|Platform|102D5FEA
James Pond 2 - Codename RoboCod (Europe)|Platform|102D5FEA
Jungle Book, The (Europe)|Platform|695A9A15
Kenseiden (Japan)|Platform|05EA5353
Kenseiden (USA, Europe)|Platform|516ED32E
Kung Fu Kid (USA, Europe)|Platform|1E949D1F
Land of Illusion Starring Mickey Mouse (Europe)|Platform|24E97200
Legend of Illusion Starring Mickey Mouse (Brazil)|Platform|6350E649
Lion King, The (Europe)|Platform|C352C7EB
Lucky Dime Caper Starring Donald Duck, The (Europe)|Platform|A1710F13
Lucky Dime Caper Starring Donald Duck, The (Europe) (Beta)|Platform|7F6D0DF6
Makai Retsuden (Japan)|Platform|CA860451
Master of Darkness (Europe)|Platform|96FB4D4B
Michael Jackson's Moonwalker (USA, Europe)|Platform|56CC906B
Michael Jackson's Moonwalker (USA, Europe) (Beta)|Platform|54123936
Mick & Mack as the Global Gladiators (Europe)|Platform|B67CEB76
Montezuma's Revenge featuring Panama Joe (USA)|Platform|82FDA895
Montezuma's Revenge featuring Panama Joe (USA) (Beta)|Platform|575D0FCF
New Zealand Story, The (Europe)|Platform|C660FF34
Ninja Gaiden (Europe)|Platform|1B1D8CC2
Ninja Gaiden (Europe) (Beta)|Platform|761E9396
Ottifants, The (Europe) (En,Fr,De,Es,It)|Platform|82EF2A7D
Prince of Persia (Europe)|Platform|7704287D
Psycho Fox (USA, Europe)|Platform|97993479
Quartet (USA, Europe)|Platform|E0F34FA6
Quest for the Shaven Yak Starring Ren Hoek & Stimpy (Brazil)|Platform|F42E145C
Rainbow Islands - Story of the Bubble Bobble 2 (Europe)|Platform|C172A22C
Rainbow Islands - The Story of Bubble Bobble 2 (Brazil)|Platform|00EC173A
RoboCop 3 (Europe)|Platform|9F951756
RoboCop versus The Terminator (Europe)|Platform|8212B754
Sapo Xule - O Mestre do Kung Fu (Brazil)|Platform|890E83E4
Sapo Xule vs. Os Invasores do Brejo (Brazil)|Platform|9A608327
Schtroumpfs Autour du Monde, Les (Europe) (En,Fr,De,Es)|Platform|97E5BB7D
Schtroumpfs Autour du Monde, Les (Europe) (En,Fr,De,Es) (Beta)|Platform|7982AE67
Shadow Dancer (Europe)|Platform|3793C01A
Shadow of the Beast (Europe)|Platform|1575581D
Shinobi (Japan)|Platform|E1FFF1BB
Shinobi (USA, Europe)|Platform|0C6FAC4E
Simpsons, The - Bart vs. the Space Mutants (Europe)|Platform|D1CC08EE
Sitio do Picapau Amarelo (Brazil)|Platform|ABDF3923
Smurfs, The (Europe) (En,Fr,De,Es)|Platform|3E63768A
Sonic Blast (Brazil)|Platform|96B3F29E
Sonic Chaos (Europe)|Platform|AEDF3BDF
Sonic The Hedgehog (USA, Europe)|Platform|B519E833
Sonic The Hedgehog 2 (Europe)|Platform|5B3B922C
Sonic The Hedgehog 2 (Europe) (Rev 1)|Platform|D6F2BFCA
Spider-Man - Return of the Sinister Six (Europe)|Platform|EBE45388
Star Wars (Europe)|Platform|D4B8F66D
Strider (USA, Europe)|Platform|9802ED31
Strider (Unknown) (Demo)|Platform|B990269A
Strider II (Europe)|Platform|B8F0915A
Super Bubble Bobble (Korea) (Unl)|Platform|22C09CFD
Super Wonder Boy (Japan, Europe)|Platform|E2FCB6F3
TV Colosso (Brazil)|Platform|E1714A88
Taz in Escape from Mars (Brazil)|Platform|11CE074C
Taz-Mania (Europe)|Platform|7CC3E837
Taz-Mania (Europe) (Beta)|Platform|1B312E04
Teddy Boy (USA, Europe)|Platform|2728FAA3
Teddy Boy Blues (Japan)|Platform|316727DD
Teddy Boy Blues (Japan) (Proto) (Ep-MyCard)|Platform|D7508041
Terminator, The (Brazil)|Platform|E3D5CE9A
Terminator, The (Europe)|Platform|EDC5C012
Tom & Jerry (Europe) (Beta)|Platform|0C2FC2DE
Tom and Jerry - The Movie (Europe)|Platform|BF7B7285
Toto World 3 (Korea) (Unl)|Platform|4F8D75EC
Vampire (Europe) (Beta)|Platform|20F40CAE
Wolfchild (Europe)|Platform|1F8EFA1D
Wonder Boy (USA, Europe)|Platform|73705C02
Wonder Boy in Monster World (Europe)|Platform|7D7CE80B
Wonder Boy in Monster World (Europe) (Beta)|Platform|81BFF9BB
Zillion (Europe) (Rev 2)|Platform|7BA54510
Zillion (Japan, Europe) (En,Ja)|Platform|60C19645
Zillion (USA) (Rev 1)|Platform|5718762C
Zool - Ninja of the 'Nth' Dimension (Europe)|Platform|9D9D0A5F
