007 Shitou - The Duel (Japan)|Platform|AEB4B262
3 Ninjas Kick Back (USA)|Platform|E5A24999
Aaahh!!! Real Monsters (Europe)|Platform|7AD115FF
Aaahh!!! Real Monsters (USA)|Platform|FDC80BFC
Aaahh!!! Real Monsters (USA) (Beta) (1995-07-07)|Platform|F4B44B82
Addams Family, The (USA) (Beta)|Platform|2803A5CA
Addams Family, The (USA) (Beta) (Alt 1)|Platform|3A173E1F
Addams Family, The (USA, Europe)|Platform|71F58614
Adventures of Mighty Max, The (Europe)|Platform|24F1A3BB
Adventures of Mighty Max, The (USA)|Platform|55F13A00
Adventures of Rocky and Bullwinkle and Friends, The (USA)|Platform|EF02D57B
Aero the Acro-Bat (Europe)|Platform|1A3EAF57
Aero the Acro-Bat (USA)|Platform|A3A7A8B5
Aero the Acro-Bat 2 (Europe)|Platform|A451F9A1
Aero the Acro-Bat 2 (USA)|Platform|39EB74EB
Alex Kidd - Cheongong Maseong (Korea)|Platform|5B0678FB
Alex Kidd - Tenkuu Majou (Japan)|Platform|8A5ED856
Alex Kidd in the Enchanted Castle (Europe)|Platform|C3A52529
Alex Kidd in the Enchanted Castle (Europe) (Rev A)|Platform|778A0F00
Alex Kidd in the Enchanted Castle (USA)|Platform|47DBA0AC
Alien 3 (USA, Europe)|Platform|A3B00D6E
Alien 3 (USA, Europe) (Rev A)|Platform|B327FD1B
Alien Soldier (Europe)|Platform|0496E06C
Alien Soldier (Japan)|Platform|90FA1539
Alisia Dragoon (Europe)|Platform|28165BD1
Alisia Dragoon (Japan)|Platform|4D476722
Alisia Dragoon (USA)|Platform|D28D5C40
Animaniacs (Europe) (En,Fr,De)|Platform|92B6F255
Animaniacs (USA)|Platform|86224D86
Another World (Europe)|Platform|E9742041
Asterix and the Great Rescue (Europe) (En,Fr,De,Es,It)|Platform|4735FEE6
Asterix and the Great Rescue (USA)|Platform|7F112CD8
Asterix and the Power of the Gods (Europe) (Beta)|Platform|45C8B5B7
Asterix and the Power of the Gods (Europe) (En,Fr,De,Es)|Platform|4FF1D83F
Awesome Possum Kicks Dr Machino's Butt! (USA) (Beta)|Platform|0158DC53
Awesome Possum... ...Kicks Dr. Machino's Butt (Japan) (En)|Platform|8C64445E
Awesome Possum... ...Kicks Dr. Machino's Butt (USA)|Platform|1F07577F
Aworg (Japan) (SegaNet)|Platform|069C27C1
B.O.B. (USA) (Beta)|Platform|E3E8421E
B.O.B. (USA, Europe)|Platform|EAA2ACB7
Baby's Day Out (USA) (Proto)|Platform|B2E7CC49
Baby's Day Out (USA) (Proto) (Earlier)|Platform|459B891C
Barbie Super Model (USA)|Platform|81C9662B
Barbie Super Model (USA) (Beta)|Platform|D4823175
Barney's Hide & Seek Game (USA)|Platform|1EFA9D53
Batman (Europe)|Platform|61C60C35
Batman (Japan)|Platform|D7B4FEBF
Batman - Revenge of the Joker (USA)|Platform|CAA044A1
Batman - The Video Game (USA)|Platform|017410AE
Beauty and the Beast - Belle's Quest (USA)|Platform|BEFB6FAE
Beauty and the Beast - Roar of the Beast (USA)|Platform|13E7B519
Berenstain Bears' Camping Adventure, The (USA)|Platform|1F86237B
Bible Adventures (USA) (Unl)|Platform|64446B77
Blades of Vengeance (USA, Europe)|Platform|74C65A49
Blaster Master 2 (USA)|Platform|C11E4BA1
Blaster Master 2 (USA) (Beta)|Platform|08F78C70
Bonkers (USA, Europe)|Platform|D1E66017
Boogerman - A Pick and Flick Adventure (Europe)|Platform|DBC4340C
Boogerman - A Pick and Flick Adventure (USA)|Platform|1A7A2BEC
Bram Stoker's Dracula (Europe)|Platform|9BA5A063
Bram Stoker's Dracula (USA)|Platform|077084A6
Bubba 'N' Stix (Europe)|Platform|B467432E
Bubba 'N' Stix (USA)|Platform|D45CB46F
Bubba N Stix (Europe) (Beta)|Platform|A8731CB4
Bubsy II (USA, Europe)|Platform|F8BEFF56
Bubsy in - Claws Encounters of the Furred Kind (USA, Europe)|Platform|3E30D365
Bugs Bunny in Double Trouble (USA)|Platform|365305A2
Captain Lang (Japan) (En,Ja)|Platform|61BA8199
Captain Planet and the Planeteers (Europe)|Platform|7672EFA5
Captain Planet and the Planeteers (USA)|Platform|BF2CBD3A
Castle of Illusion - Fushigi no Oshiro Daibouken (Japan)|Platform|CE8333C6
Castle of Illusion Starring Mickey Mouse (USA, Europe)|Platform|BA4E9FD0
Castlevania - Bloodlines (USA)|Platform|FB1EA6DF
Castlevania - The New Generation (Europe)|Platform|4DD4E4A5
Castlevania - The New Generation (Europe) (Beta)|Platform|84CD103A
Chakan (USA, Europe)|Platform|046A48DE
Chameleon Kid (Japan)|Platform|50217C80
Cheese Cat-Astrophe Starring Speedy Gonzales (Europe)|Platform|FF634B28
Chester Cheetah - Too Cool to Fool (USA)|Platform|250E3EC3
Chester Cheetah - Wild Wild Quest (USA)|Platform|B97B735D
Chiki Chiki Boys (Japan, Korea)|Platform|06918C17
Chiki Chiki Boys (USA, Europe)|Platform|813A7D62
Chuck Rock (Europe)|Platform|7CD40BEA
Chuck Rock (USA)|Platform|F8AC454A
Chuck Rock II (Japan)|Platform|BFD24BE8
Chuck Rock II - Son of Chuck (Europe)|Platform|1ADE9488
Chuck Rock II - Son of Chuck (USA)|Platform|408B1CDB
Chuck Rock II - Son of Chuck (USA) (Beta)|Platform|D6A3B324
Cool Spot (Europe)|Platform|5F09FA41
Cool Spot (Japan, Korea)|Platform|E869EFB1
Cool Spot (USA)|Platform|F024C1A1
Cool Spot (USA) (Beta)|Platform|0EBAA4A8
Crayon Shin-chan - Arashi o Yobu Enji (Japan)|Platform|97FC42D2
Crystal's Pony Tale (USA)|Platform|6CF7A4DF
Cyber Police ESWAT (Japan)|Platform|87B636A2
DEcapAttack (USA, Europe)|Platform|73DC0DD8
Daffy Duck in Hollywood (Europe) (Beta)|Platform|0EAA4740
Daffy Duck in Hollywood (Europe) (En,Fr,De,Es,It)|Platform|1FDC66B0
Daimakai Mura (Japan)|Platform|5659F379
Dark Castle (USA, Europe)|Platform|0464ACA4
Daze Before Christmas (Australia)|Platform|B95E25C9
Daze Before Christmas (Australia) (Beta)|Platform|317C9491
Demolition Man (USA) (Beta)|Platform|57FFAD7A
Demolition Man (USA, Europe)|Platform|5FF71877
Desert Demolition Starring Road Runner and Wile E. Coyote (USA, Europe)|Platform|C287343D
Disney Collection, The - QuackShot Starring Donald Duck + Castle of Illusion Starring Mickey Mouse (Europe)|Platform|ADFDE883
Donald in Maui Mallard (Brazil)|Platform|5F9B9A48
Donald in Maui Mallard (Europe)|Platform|B2DD857F
Doraemon - Yume Dorobou to 7 Nin no Gozans (Japan)|Platform|EEED1130
Dragon - The Bruce Lee Story (Europe)|Platform|FDEED51D
Dragon - The Bruce Lee Story (USA)|Platform|EFE850E5
Dynamite Headdy (Japan)|Platform|D03CDB53
Dynamite Headdy (Japan) (Beta)|Platform|5C25E934
Dynamite Headdy (USA, Europe)|Platform|3DFEEB77
ESWAT - City Under Siege (USA, Europe)|Platform|E72F8A36
Earnest Evans (USA)|Platform|A243816D
Earthworm Jim (Europe)|Platform|1C07B337
Earthworm Jim (USA)|Platform|DF3ACF59
Earthworm Jim 2 (Europe)|Platform|AF235FDF
Earthworm Jim 2 (USA)|Platform|D57F8BA7
Ecco - The Tides of Time (Europe)|Platform|7B1BF89C
Ecco - The Tides of Time (USA)|Platform|CCB21F98
Ecco - The Tides of Time (USA) (Beta)|Platform|8DB60749
Ecco Jr. (USA, Australia) (February 1995)|Platform|6C6F4B89
Ecco Jr. (USA, Australia) (March 1995)|Platform|3C517975
Ecco the Dolphin (Japan)|Platform|6520304D
Ecco the Dolphin (USA, Europe)|Platform|45547390
Ecco the Dolphin II (Japan)|Platform|062D439C
El. Viento (Japan)|Platform|6091C36E
El. Viento (USA)|Platform|070A1CEB
Ex-Mutants (USA, Europe)|Platform|33B1979F
Exile (USA)|Platform|1B569DC2
Exile - Toki no Hazama he (Japan)|Platform|880BF311
Fantasia (World)|Platform|D351B242
Fantasia (World) (Rev A)|Platform|FC43DF2D
Fatal Rewind (Europe)|Platform|21DBB69D
Fatal Rewind (USA, Europe) (Rev A)|Platform|E91AED05
Ferias Frustradas do Pica-Pau (Brazil)|Platform|7B2E416D
Fido Dido (USA) (Proto)|Platform|C6D4A240
Flashback (Europe) (Rev A)|Platform|6F311C83
Flashback (Japan)|Platform|B790E3B4
Flashback - The Quest for Identity (USA)|Platform|23A9616D
Flashback - The Quest for Identity (USA) (Alt 1)|Platform|33CD2B65
Flicky (USA, Europe)|Platform|4291C8AB
Flink (Europe)|Platform|BEF9A4F4
Flintstones, The (Europe)|Platform|21845D61
Flintstones, The (Japan)|Platform|920A3031
Flintstones, The (USA)|Platform|7C982C59
Garfield - Caught in the Act (USA, Europe)|Platform|F0FF078E
Ghostbusters (World)|Platform|00419DA3
Ghostbusters (World) (v1.1)|Platform|792DF93B
Ghouls'n Ghosts (USA, Europe)|Platform|D31BD910
Ghouls'n Ghosts (USA, Europe) (Rev A)|Platform|4F2561D5
Global Gladiators (Europe)|Platform|5C218C6A
Gods (Europe)|Platform|6C415016
Gods (Japan)|Platform|E4F50206
Gods (USA)|Platform|FD234CCD
Gods (USA) (Beta)|Platform|2C06BB64
Goofy's Hysterical History Tour (USA)|Platform|4E1CC833
Great Circus Mystery - Mickey to Minnie Magical Adventure 2 (Japan)|Platform|5AA0F3A0
Great Circus Mystery Starring Mickey & Minnie, The (USA)|Platform|14744883
Greendog - The Beached Surfer Dude! (USA, Europe)|Platform|C4820A03
Havoc (Europe)|Platform|76E6D20D
High Seas Havoc (USA)|Platform|17BE551C
Home Alone 2 - Lost in New York (USA)|Platform|CBF87C14
Hook (Europe)|Platform|A154433A
Hook (USA)|Platform|2C48E712
Hurricanes (Europe)|Platform|DECCC874
Incredible Crash Dummies, The (USA) (Beta)|Platform|623A920F
Incredible Crash Dummies, The (USA, Europe)|Platform|1F6E574A
Incredible Hulk, The (USA, Europe)|Platform|84A5A2DC
Indiana Jones and the Last Crusade (Europe)|Platform|EB8F4374
Indiana Jones and the Last Crusade (USA)|Platform|3599A3FD
Itchy & Scratchy Game, The (USA) (Proto)|Platform|81B7725D
Izzy's Quest for the Olympic Rings (USA, Europe)|Platform|77B416E4
James Bond 007 - The Duel (Europe) (Rev A)|Platform|291A3E4B
James Bond 007 - The Duel (USA)|Platform|4E614548
James Pond - Underwater Agent (USA, Europe)|Platform|D0E7B466
James Pond 3 (USA, Europe)|Platform|26F64B2A
James Pond II (Japan, Korea)|Platform|98794702
James Pond II - Codename - Robocod (USA, Europe)|Platform|F4ABEDBA
Jashin Draxos (Japan, Korea)|Platform|1EA07AF2
Jelly Boy (Europe) (Proto)|Platform|7CFADC16
Jewel Master (Japan)|Platform|2CF6926C
Jewel Master (USA, Europe) (Rev A)|Platform|CEE98813
Joe & Mac (USA)|Platform|85BCC1C7
JuJu Densetsu ~ Toki - Going Ape Spit (World)|Platform|D09B1EF1
JuJu Densetsu ~ Toki - Going Ape Spit (World) (Rev A)|Platform|7362C3F4
Judge Dredd (USA) (Beta)|Platform|8D46F4DA
Judge Dredd (USA) (Beta) (Alt 1)|Platform|E649F784
Judge Dredd (World)|Platform|EA342ED8
Jungle Book, The (Europe)|Platform|B9709A99
Jungle Book, The (USA)|Platform|3FB6D92E
Jurassic Park - Rampage Edition (USA, Europe)|Platform|98B4AA1B
Kid Chameleon (USA, Europe)|Platform|CE36E6CC
Killing Game Show, The (Japan)|Platform|B8E7668A
Kujaku Ou 2 - Geneijou (Japan)|Platform|AFFD56BC
Legend of Galahad, The (USA, Europe)|Platform|679557BC
Lion King, The (World)|Platform|5696A5BC
Magical Hat no Buttobi Turbo! Daibouken (Japan)|Platform|E43E853D
Mamono Hunter Youko - Dai 7 no Keishou (Japan)|Platform|10BB359B
Man Overboard! (Europe)|Platform|CAE0E3A6
Marko (USA)|Platform|2B8C8CCE
Marko's Magic Football (Europe) (En,Fr,De,Es)|Platform|2307B905
Marko's Magic Football (Europe) (En,Fr,De,Es) (Beta)|Platform|0273E564
Marsupilami (Europe) (En,Fr,De,Es,It)|Platform|E09BBD70
Marsupilami (USA) (En,Fr,De,Es,It)|Platform|C76558DF
Marvel Land (Japan)|Platform|5D162D21
Marvel Land (USA)|Platform|CD7EEEB7
Mary Shelley's Frankenstein (USA)|Platform|48993DC3
McDonald's Treasure Land Adventure (Europe)|Platform|6AB6A8DA
McDonald's Treasure Land Adventure (Japan)|Platform|FEBCFD06
McDonald's Treasure Land Adventure (Japan) (Beta)|Platform|7BF477E8
McDonald's Treasure Land Adventure (USA)|Platform|04EF4899
Mega Man - The Wily Wars (Europe)|Platform|DCF6E8B2
Mega Turrican (Europe)|Platform|B1D15D0F
Mega Turrican (USA)|Platform|FE898CC9
Michael Jackson's Moonwalker (World)|Platform|6A70791B
Michael Jackson's Moonwalker (World) (Rev A)|Platform|11CE1F9E
Mick & Mack as the Global Gladiators (USA)|Platform|40F17BB3
Mick & Mack as the Global Gladiators (USA) (Beta)|Platform|08C2AF21
Mickey Mania - The Timeless Adventures of Mickey Mouse (Europe)|Platform|CB5A8B85
Mickey Mania - The Timeless Adventures of Mickey Mouse (Japan)|Platform|23180CF7
Mickey Mania - The Timeless Adventures of Mickey Mouse (USA)|Platform|629E5963
Mickey Mania - The Timeless Adventures of Mickey Mouse (USA) (Beta)|Platform|7FC1BDF0
Monster World IV (Japan)|Platform|36A3AAA4
Monster World IV (USA, Europe) (En,Ja) (Virtual Console)|Platform|AF050C46
Mr. Nutz (Europe)|Platform|0786EA0B
Mr. Nutz Hoppin' Mad (Europe) (Proto)|Platform|2BFCAA3E
Mugen Senshi Valis (Japan)|Platform|24431625
Mystic Defender (USA, Europe)|Platform|F9CE1AB8
Mystic Defender (USA, Europe) (Rev A)|Platform|50FD5D93
New Zealand Story, The (Japan)|Platform|1C77AD21
Ninja Gaiden (Japan) (Proto) [b]|Platform|0D7F74BA
On Dal Jang Goon (Korea)|Platform|67CCB1CA
Onslaught (USA, Europe) (Unl)|Platform|9F19D6DF
Ottifants, The (Europe)|Platform|41AC8003
Ottifants, The (Germany) (Beta)|Platform|C6E3DD23
Out of this World (USA)|Platform|2DA36E01
Pac-Man 2 - The New Adventures (USA)|Platform|FE7A7ED1
Pagemaster, The (Europe)|Platform|79A180E2
Pagemaster, The (USA)|Platform|75A96D4E
Pagemaster, The (USA) (Beta)|Platform|29895E3D
Phantom 2040 (Europe)|Platform|B024882E
Phantom 2040 (USA)|Platform|FB36E1F3
Pink Goes to Hollywood (USA) (Beta)|Platform|56087CFF
Pink Goes to Hollywood (USA, Europe)|Platform|B5804771
Pinocchio (Europe)|Platform|28014BDC
Pinocchio (USA)|Platform|CD4128D8
Pitfall - The Mayan Adventure (Europe)|Platform|C9198E19
Pitfall - The Mayan Adventure (USA)|Platform|F917E34F
Pocahontas (Europe)|Platform|165E7987
Pocahontas (USA)|Platform|6DDD1C6D
Prince of Persia (Europe)|Platform|61DE6FE0
Prince of Persia (Europe) (Beta)|Platform|505314B6
Prince of Persia (Europe) (Beta) (Earlier)|Platform|425E6A87
Prince of Persia (USA)|Platform|13C181A4
Prince of Persia 2 - The Shadow and the Flame (Europe) (Proto)|Platform|3AB44D46
Puggsy (Europe)|Platform|5D5C9ADE
Puggsy (USA)|Platform|70132168
Pulseman (Japan)|Platform|138A104E
Putty Squad (Europe) (Proto)|Platform|2348DA80
QuackShot Starring Donald Duck ~ QuackShot - I Love Donald Duck - Guruzia Ou no Hihou (World)|Platform|88C8DD94
QuackShot Starring Donald Duck ~ QuackShot - I Love Donald Duck - Guruzia Ou no Hihou (World) (v1.1)|Platform|1801098B
Radical Rex (Europe)|Platform|D02D3282
Radical Rex (USA)|Platform|2E6EEC7E
Rainbow Islands Extra (Japan)|Platform|C74DCB35
Ren & Stimpy Show Presents, The - Stimpy's Invention (Europe)|Platform|C276C220
Ren & Stimpy Show Presents, The - Stimpy's Invention (USA)|Platform|D9503BA5
Ren & Stimpy Show Presents, The - Stimpy's Invention (USA) (Beta)|Platform|FCB86336
Resq (Europe) (Proto)|Platform|558E35E0
Revenge of Shinobi, The (Japan) (En) (Beta) (1989-03-XX) (Sega Smash Pack)|Platform|FA1B8AEB
Revenge of Shinobi, The (USA, Europe)|Platform|05F27994
Revenge of Shinobi, The (USA, Europe) (Rev A)|Platform|FE91AB7E
Revenge of Shinobi, The (USA, Europe) (Rev B)|Platform|4D35EBE4
Revenge of Shinobi, The (World) (Rev C) (Virtual Console)|Platform|5CA24F66
Risky Woods (USA, Europe)|Platform|D975E93C
Ristar (USA, Europe) (August 1994)|Platform|9700139B
Ristar (USA, Europe) (September 1994)|Platform|6511AA61
Ristar - The Shooting Star (Japan, Korea)|Platform|CE464F0E
RoboCop 3 (USA, Europe)|Platform|34FB7B27
RoboCop versus The Terminator (Europe)|Platform|85A93F8D
RoboCop versus The Terminator (Europe) (Beta)|Platform|2487049F
RoboCop versus The Terminator (Japan, Korea)|Platform|D444E1F0
RoboCop versus The Terminator (USA)|Platform|BBAD77A4
Rocket Knight Adventures (Europe)|Platform|8EEDFD51
Rocket Knight Adventures (Japan)|Platform|D1C8C1C5
Rocket Knight Adventures (USA)|Platform|A6EFEC47
Rocket Knight Adventures (USA) (Sample)|Platform|9CBEE37B
Rockman - Mega World (Japan)|Platform|4D87235E
Rockman - Mega World (Japan) (Alt 1)|Platform|85C956EF
Rolo to the Rescue (USA, Europe)|Platform|306861A2
SD Valis (Japan)|Platform|1AEF72EA
Shadow Dancer - The Secret of Shinobi (World)|Platform|EBE9AD10
Shadow of the Beast (USA, Europe)|Platform|BD385C27
Shadow of the Beast - Mashou no Okite (Japan)|Platform|0CD09D31
Shinobi III - Return of the Ninja Master (Europe)|Platform|0B6D3EB5
Shinobi III - Return of the Ninja Master (USA)|Platform|5381506F
Simpsons, The - Bart vs. the Space Mutants (USA, Europe)|Platform|C8620574
Simpsons, The - Bart vs. the Space Mutants (USA, Europe) (Rev A)|Platform|DB70E8CA
Smurfs Travel the World, The (Europe) (En,Fr,De,Es)|Platform|B28BDD69
Smurfs, The (Europe) (En,Fr,De,Es,It) (Rev A)|Platform|88B30EFF
Snake Rattle n Roll (Europe)|Platform|543BED30
Snow Bros. - Nick & Tom (Japan)|Platform|11B56228
Socket (USA)|Platform|3C14E15A
Sonic & Knuckles (World)|Platform|0658F691
Sonic & Knuckles + Sonic The Hedgehog (World)|Platform|E01F6ED5
Sonic & Knuckles + Sonic The Hedgehog 2 (World)|Platform|2AC1E7C6
Sonic & Knuckles + Sonic The Hedgehog 3 (World)|Platform|63522553
Sonic 3D Blast (USA) (Beta)|Platform|D20F385B
Sonic 3D Blast ~ Sonic 3D Flickies' Island (USA, Europe)|Platform|44A2CA44
Sonic Crackers (Japan) (Proto)|Platform|7FADA88D
Sonic The Hedgehog (Japan, Korea)|Platform|AFE05EEE
Sonic The Hedgehog (USA, Europe)|Platform|F9394E97
Sonic The Hedgehog (World) (GameCube Edition)|Platform|6382B2C5
Sonic The Hedgehog 2 (World)|Platform|24AB4C3A
Sonic The Hedgehog 2 (World) (Beta 1)|Platform|39FAAA70
Sonic The Hedgehog 2 (World) (Beta 2)|Platform|EEA21B5C
Sonic The Hedgehog 2 (World) (Rev A)|Platform|7B905383
Sonic The Hedgehog 3 (Europe)|Platform|6A632503
Sonic The Hedgehog 3 (Japan, Korea)|Platform|F4951D1F
Sonic The Hedgehog 3 (USA)|Platform|9BC192CE
Space Funky B.O.B. (Japan)|Platform|E9310D3B
Sparkster (Europe)|Platform|D63E9F2D
Sparkster (USA)|Platform|6BDB14ED
Sparkster - Rocket Knight Adventures 2 (Japan)|Platform|914EC662
Spider-Man - X-Men - Arcade's Revenge (USA, Europe)|Platform|4A4414EA
Spirou (Europe) (En,Fr,De,Es)|Platform|6634B130
Spot Goes to Hollywood (Europe)|Platform|FBE254EA
Spot Goes to Hollywood (USA)|Platform|BDAD1CBC
Squirrel King (China) (Unl)|Platform|B8261FF5
Stargate (Europe) (Beta)|Platform|8DC8AB23
Stargate (USA) (Sample) (NGen)|Platform|51946EA9
Stargate (USA, Europe)|Platform|E587069E
Strider (USA, Europe)|Platform|B9D099A4
Strider Hiryuu (Japan, Korea)|Platform|859173F2
Strider II (Europe)|Platform|E85E5270
Strider Returns - Journey from Darkness (USA)|Platform|42589B79
Super Shinobi II, The (Japan) (Beta)|Platform|C47E8AEA
Super Shinobi II, The (Japan) (Beta) (Earlier)|Platform|1EE5BCE3
Super Shinobi II, The (Japan, Korea)|Platform|5B412816
Super Shinobi, The (Japan)|Platform|5C7E5EA6
Swamp Thing (USA) (Proto)|Platform|82013EF6
Syd of Valis (USA)|Platform|37DC0108
Sylvester & Tweety in Cagey Capers (Europe)|Platform|89FC54CE
Sylvester and Tweety in Cagey Capers (USA)|Platform|9D9C786B
Talmit's Adventure (Europe)|Platform|05DC3FFC
Taz in Escape from Mars (Europe)|Platform|62100099
Taz in Escape from Mars (USA)|Platform|62009F8C
Taz-Mania (World)|Platform|0E901F45
Teddy Boy Blues (Japan) (SegaNet)|Platform|733D2EB3
Terminator, The (Europe)|Platform|15F4D302
Terminator, The (USA)|Platform|31A629BE
Time Dominator 1st (Japan, Korea)|Platform|7EBA7A5C
Time Trax (USA) (Proto)|Platform|DFF045EB
TinHead (USA)|Platform|D6724B84
Tintin au Tibet (Europe) (En,Fr,De,Es,Nl,Sv)|Platform|4243CAF3
Tiny Toon Adventures (Korea)|Platform|4CA3A8FB
Tiny Toon Adventures - Buster's Hidden Treasure (Europe)|Platform|D10FBA51
Tiny Toon Adventures - Buster's Hidden Treasure (USA)|Platform|A26D3AE0
ToeJam & Earl in Panic auf Funkotron (Germany)|Platform|4081B9F2
ToeJam & Earl in Panic on Funkotron (Europe)|Platform|47B0A871
ToeJam & Earl in Panic on Funkotron (Japan)|Platform|E1B36850
ToeJam & Earl in Panic on Funkotron (USA)|Platform|AA021BDD
ToeJam & Earl in Panic on Funkotron (USA) (Beta)|Platform|C6A1A8DC
Toy Story (Europe)|Platform|8E89A9F3
Toy Story (USA)|Platform|829FE313
Toy Story (USA) (Sample)|Platform|9321BEC1
Turma da Monica na Terra dos Monstros (Brazil)|Platform|F8288DE1
Turrican (USA, Europe) (Unl)|Platform|634D67A6
Universal Soldier (USA, Europe) (Unl)|Platform|352EBD49
Valis (USA)|Platform|13BC5B72
Valis III (Japan) (Rev A)|Platform|4D49A166
Valis III (USA)|Platform|59A2A368
Vampire Killer (Japan)|Platform|91B57D2B
Vectorman (USA) (Beta)|Platform|A315C8AA
Vectorman (USA, Europe)|Platform|D38B3354
Vectorman (USA, Europe) (Sega Smash Pack)|Platform|5C680397
Vectorman 2 (USA)|Platform|C1A24088
Vectorman 2 (USA) (Beta)|Platform|ADA2B0EF
Wani Wani World (Japan)|Platform|56F0DBB2
Wardner (USA)|Platform|1E369AE2
Wardner no Mori Special (Japan)|Platform|80F1035C
Wayne's World (USA)|Platform|D2CF6EBE
Wiz'n'Liz (USA)|Platform|DF036B62
Wiz'n'Liz - The Frantic Wabbit Wescue (Europe)|Platform|F09353B4
Wolfchild (USA)|Platform|EB5B1CBF
Wonder Boy V - Monster World III (Japan, Korea)|Platform|45A50F96
Wonder Boy in Monster World (USA, Europe)|Platform|1592F5B0
World of Illusion - Fushigi na Magic Box (Japan)|Platform|CB9EE238
World of Illusion - Fushigi na Magic Box (Japan) (Beta)|Platform|577F680F
World of Illusion Starring Mickey Mouse and Donald Duck (Europe)|Platform|121C6A49
World of Illusion Starring Mickey Mouse and Donald Duck (USA, Korea)|Platform|921EBD1C
X-Men (Europe)|Platform|0B78CA97
X-Men (USA)|Platform|F71B21B4
Yogi Bear - Cartoon Capers (Europe)|Platform|204F97D8
Zero the Kamikaze Squirrel (Europe)|Platform|45FF0B4B
Zero the Kamikaze Squirrel (USA)|Platform|423968DF
Zombie High (USA) (Proto)|Platform|7BEA6194
Zool - Ninja of the 'Nth' Dimension (Europe)|Platform|1EE58B03
Zool - Ninja of the 'Nth' Dimension (USA)|Platform|CB2939F1
Zou! Zou! Zou! Rescue Daisakusen (Japan)|Platform|1A761E67
