Bishoujo Senshi Sailor Moon S (Japan)|Fighting|FE7374D2
Buster Fight (Japan)|Fighting|A72A1753
Fatal Fury Special (Europe)|Fighting|FBD76387
Fatal Fury Special (USA)|Fighting|449787E2
Garou Densetsu Special (Japan)|Fighting|9AFB6F33
Mortal Kombat (USA, Europe)|Fighting|07494F2A
Mortal Kombat - Shinken Kourin Densetsu (Japan)|Fighting|DBFF0461
Mortal Kombat 3 (Europe)|Fighting|C2BE62BB
Mortal Kombat II (World)|Fighting|4B304E0F
Primal Rage (USA, Europe)|Fighting|2A34B5C7
Rise of the Robots (USA, Europe)|Fighting|100B77B2
Samurai Shodown (USA)|Fighting|98171DEB
Samurai Spirits (Japan)|Fighting|93FD73DC
Shaq Fu (USA, Europe)|Fighting|6FCB8AB0
Street Hero (USA) (Proto 1)|Fighting|9FA727A0
Street Hero (USA) (Proto 2)|Fighting|FB481971
VR Troopers (USA, Europe)|Fighting|B0F22745
Virtua Fighter Animation (USA, Europe)|Fighting|D431C452
Virtua Fighter Mini (Japan)|Fighting|C05657F8
