Dark Arms - Beast Buster 1999 (World) (En,Ja)|RPG|6F353F34
Dark Arms - Beast Buster 1999 (World) (En,Ja) (Proto)|RPG|77CAA548
Dive Alert - Becky's Version (USA, Europe)|RPG|83DB5772
Dive Alert - Burn Hen (Japan)|RPG|C213941D
Dive Alert - Burn Hen (Japan) (Proto)|RPG|D9817A88
Dive Alert - Matt's Version (USA, Europe)|RPG|EF75081B
Dive Alert - Rebecca Hen (Japan)|RPG|3C4AF4F5
Evolution - Eternal Dungeons (Europe)|RPG|BE47E531
Kikou Seiki Unitron - Sono Tsuide. Hikari Umareru Chi Yori. (Japan)|RPG|84580D66
Nigeronpa (Japan)|RPG|3CC3E269
Shinki Sekai Evolution - Hateshinai Dungeon (Japan)|RPG|E006F42F
