4-nin Shougi (Japan)|Miscellaneous|9008C18A
ACME Animation Factory (Europe)|Miscellaneous|AAD3A72D
ACME Animation Factory (USA)|Miscellaneous|0944A5C3
America Oudan Ultra Quiz (Japan)|Miscellaneous|9624E6ED
Arcade's Greatest Hits - The Atari Collection 1 (Europe)|Miscellaneous|D562233E
Arcade's Greatest Hits - The Atari Collection 1 (USA)|Miscellaneous|02394F36
Asahi Shinbun Rensai - Katou Hifumi Kudan Shougi - Shingiryuu (Japan)|Miscellaneous|506A8F77
Asameshimae Nyanko (Japan)|Miscellaneous|24FE792F
Barbie Vacation Adventure (USA) (Proto)|Miscellaneous|8CE1BA79
Big Ichigeki! Pachi-Slot Daikouryaku (Japan)|Miscellaneous|FB8ED6AA
Big Ichigeki! Pachi-Slot Daikouryaku 2 - Universal Collection (Japan)|Miscellaneous|3AEE8812
Bing Bing! Bingo (Japan)|Miscellaneous|CCD77B37
Bishoujo Janshi Suchie-Pai (Japan)|Miscellaneous|11713982
Bishoujo Janshi Suchie-Pai (Japan) (Rev 1)|Miscellaneous|80E66C55
Chessmaster, The (Europe)|Miscellaneous|D84BDFD5
Chessmaster, The (Japan)|Miscellaneous|15C93942
Chessmaster, The (USA)|Miscellaneous|BC671E15
Chibi Maruko-chan - Harikiri 365-nichi no Maki (Japan)|Miscellaneous|846151C8
Clue (USA)|Miscellaneous|A4FBE827
Daibakushou Jinsei Gekijou (Japan)|Miscellaneous|A5D41D2F
Daibakushou Jinsei Gekijou - Dokidoki Seishun Hen (Japan)|Miscellaneous|2763FD4F
Daibakushou Jinsei Gekijou - Ooedo Nikki (Japan)|Miscellaneous|34F2685E
Daibakushou Jinsei Gekijou - Zukkoke Salaryman Hen (Japan)|Miscellaneous|EBA309C0
Daibakushou Jinsei Gekijou - Zukkoke Salaryman Hen (Japan) (Rev 1) (NP)|Miscellaneous|0FB50CA2
Dragon Quest I & II (Japan)|Miscellaneous|98BB6853
Dynamaite the Las Vegas (Japan)|Miscellaneous|1B644433
Emit Vol. 1 - Toki no Maigo (Japan)|Miscellaneous|D1AACC2D
Emit Vol. 2 - Inochigake no Tabi (Japan)|Miscellaneous|AD99D806
Emit Vol. 3 - Watashi ni Sayonara o (Japan)|Miscellaneous|CBC5DA6D
Family Feud (USA)|Miscellaneous|04C716BB
Family Feud (USA) (Rev 1)|Miscellaneous|0C664B71
Fortune Quest - Dice o Korogase (Japan)|Miscellaneous|448E3712
Fun 'n Games (Europe)|Miscellaneous|09FF2DFE
Fun 'n Games (USA)|Miscellaneous|5D6DEAC7
Gambler Jiko Chuushinha - Mahjong Kouisen (Japan)|Miscellaneous|8EBD1223
Gambler Jiko Chuushinha 2 - Dorapon Quest (Japan)|Miscellaneous|4D098C5C
Gambling Hourouki (Japan)|Miscellaneous|43B2590D
Game no Tatsujin (Japan)|Miscellaneous|A3203356
Ganso Pachi-Slot Nihonichi (Japan)|Miscellaneous|18BBAD5C
Ganso Pachinko Ou (Japan)|Miscellaneous|73453C46
Gindama Oyakata no Pachinko Hisshouhou (Japan)|Miscellaneous|7ADACC49
Gindama Oyakata no Pachinko Hisshouhou (Japan) (Rev 1)|Miscellaneous|B8C7A417
Gionbana (Japan)|Miscellaneous|019309A2
Habu Meijin no Omoshiro Shougi (Japan)|Miscellaneous|4C1B8801
Haisei Mahjong - Ryouga (Japan)|Miscellaneous|CF7B57E0
Hanafuda Ou (Japan)|Miscellaneous|4F453A21
Hayazashi Nidan Morita Shougi (Japan)|Miscellaneous|81E822AD
Hayazashi Nidan Morita Shougi 2 (Japan)|Miscellaneous|DD852671
Heisei Gunjin Shougi (Japan)|Miscellaneous|10BCA5E1
Heiwa Pachinko World (Japan)|Miscellaneous|B2A081D2
Heiwa Pachinko World 2 (Japan)|Miscellaneous|975766D5
Heiwa Pachinko World 3 (Japan)|Miscellaneous|37FF1FDF
Heiwa Parlor! Mini 8 - Pachinko Jikki Simulation Game (Japan)|Miscellaneous|AAF45E59
Hissatsu Pachinko Collection (Japan)|Miscellaneous|A1BF047B
Hissatsu Pachinko Collection 2 (Japan)|Miscellaneous|4A5B12CE
Hissatsu Pachinko Collection 3 (Japan)|Miscellaneous|C3DD6D9F
Hissatsu Pachinko Collection 4 (Japan)|Miscellaneous|0B6F34C7
Hisshou 777 Fighter - Pachi-Slot Ryuuguu Densetsu (Japan)|Miscellaneous|EF85EB96
Hisshou 777 Fighter II - Pachi-Slot Maruhi Jouhou (Japan)|Miscellaneous|26C8072E
Hisshou 777 Fighter III - Kokuryuu Ou no Fukkatsu (Japan)|Miscellaneous|C386FC22
Hisshou Pachi-Slot Fun (Japan)|Miscellaneous|B37BBD38
Honkaku Mahjong - Tetsuman (Japan)|Miscellaneous|53F03DB9
Honkaku Mahjong - Tetsuman II (Japan)|Miscellaneous|A43C5A39
Honkaku Shougi - Fuuunji Ryuuou (Japan)|Miscellaneous|B8BE82C2
Honkakuha Igo - Gosei (Japan)|Miscellaneous|8F322C56
Honke Hanafuda (Japan)|Miscellaneous|53206326
Honke Sankyo Fever - Jikki Simulation (Japan)|Miscellaneous|3BBDF518
Honke Sankyo Fever 2 - Jikki Simulation (Japan)|Miscellaneous|57FF6D4C
Honke Sankyo Fever 3 - Jikki Simulation (Japan)|Miscellaneous|759A4585
Igo Club (Japan)|Miscellaneous|1E23F3D6
Igo Club (Japan) (Rev 2)|Miscellaneous|D6B2606D
Itadaki Street 2 - Neon Sign wa Barairo ni (Japan)|Miscellaneous|95310032
Itadaki Street 2 - Neon Sign wa Barairo ni (Japan) (Beta)|Miscellaneous|3525EBB6
Itou Hatasu Rokudan no Shougi Doujou (Japan)|Miscellaneous|BFFCE7C6
Itou Hatasu Rokudan no Shougi Doujou (Japan) (Rev 1)|Miscellaneous|7EE270DA
Janyuuki - Gokuu Randa (Japan)|Miscellaneous|10978B2D
Jeopardy! (USA)|Miscellaneous|65BF3A7E
Jeopardy! - Deluxe Edition (USA)|Miscellaneous|6301060C
Jeopardy! - Sports Edition (USA)|Miscellaneous|BDA7DE29
Jissen Pachi-Slot Hisshouhou! Twin (Japan)|Miscellaneous|ACBEF43D
Jissen Pachi-Slot Hisshouhou! Twin Vol. 2 (Japan)|Miscellaneous|1013BCF3
Jissen Pachinko Hisshouhou! 2 (Japan)|Miscellaneous|59884DF2
Jissen! Mahjong Shinan (Japan)|Miscellaneous|457F3020
Jissen! Pachi-Slot Hisshouhou! (Japan)|Miscellaneous|4664FF26
Jissen! Pachi-Slot Hisshouhou! 2 (Japan)|Miscellaneous|9BFA7045
Jissen! Pachi-Slot Hisshouhou! Classic (Japan)|Miscellaneous|F28358C0
Jissen! Pachi-Slot Hisshouhou! Yamasa Densetsu (Japan)|Miscellaneous|8FB6A868
Joushou Mahjong Tenpai (Japan)|Miscellaneous|A24944E4
Kabuki Chou Reach Mahjong Tonpuusen (Japan)|Miscellaneous|D4EF91CE
Kakinoki Shougi (Japan)|Miscellaneous|BC1A265F
Katou Hifumi Kudan - Shougi Club (Japan)|Miscellaneous|49B60293
Kikuni Masahiko no Jantoushi Doraou (Japan)|Miscellaneous|EF034532
Kikuni Masahiko no Jantoushi Doraou 2 (Japan)|Miscellaneous|C985925C
Kindai Mahjong Special (Japan)|Miscellaneous|7EE385A7
Kishin Douji Zenki - Tenchi Meidou (Japan)|Miscellaneous|D910990C
Kiteretsu Daihyakka - Choujikuu Sugoroku (Japan)|Miscellaneous|55219CA3
Kouryaku Casino Bar (Japan)|Miscellaneous|13454204
Kousoku Shikou Shougi Ou (Japan)|Miscellaneous|0E536DD2
Kyuuyaku Megami Tensei (Japan)|Miscellaneous|C8D286C9
Las Vegas Dream in Golden Paradise (Japan)|Miscellaneous|A6BB5A7A
Mahjong Club (Japan)|Miscellaneous|1D8748FA
Mahjong Gokuu Tenjiku (Japan)|Miscellaneous|EE50159A
Mahjong Hanjouki (Japan)|Miscellaneous|8A9D74F6
Mahjong Hishouden - Shin Naki no Ryuu (Japan)|Miscellaneous|66FBE563
Mahjong Sengoku Monogatari (Japan)|Miscellaneous|2E89DB51
Mahjong Taikai II (Japan)|Miscellaneous|19F7288C
Mahjong Taikai II (Japan) (Rev 1)|Miscellaneous|5695CC12
Mahjong Touhaiden, The (Japan)|Miscellaneous|BF355DED
Mario Paint (Europe)|Miscellaneous|266B220E
Mario Paint (Japan, USA)|Miscellaneous|38C9626C
Mario Paint (Japan, USA) (Beta)|Miscellaneous|8B6BEDAD
Miracle Casino Paradise (Japan)|Miscellaneous|DB6B9DB1
Miyaji Shachou no Pachinko Fan - Shouri Sengen 2 (Japan)|Miscellaneous|31197A53
Mizuki Shigeru no Youkai Hyakkiyakou (Japan)|Miscellaneous|70740CF4
Momotarou Dentetsu Happy (Japan)|Miscellaneous|0B8D1474
Monopoly (Japan)|Miscellaneous|42FE51E1
Monopoly (USA)|Miscellaneous|D6DA408E
Monopoly (USA) (Rev 1)|Miscellaneous|88D54085
Monopoly Game 2, The (Japan)|Miscellaneous|ED62B1DD
Monster Maker Kids - Ousama ni Naritai (Japan)|Miscellaneous|D1B621AC
Motoko-chan no Wonder Kitchen (Japan)|Miscellaneous|18AFF666
Motteke Oh! Dorobou (Japan)|Miscellaneous|843506BB
Naki no Ryuu - Mahjong Hishouden (Japan)|Miscellaneous|CF2C0800
Naruhodo! The World (Japan)|Miscellaneous|6460FBBE
Nichibutsu Arcade Classics (Japan)|Miscellaneous|2839940E
Nichibutsu Collection 1 (Japan)|Miscellaneous|A8A85C55
Nichibutsu Collection 2 (Japan)|Miscellaneous|5DD9AF58
Ninja Gaiden Trilogy (USA)|Miscellaneous|066FE797
Ninja Ryuuken Den Tomoe (Japan)|Miscellaneous|5995CF46
Nishijin Pachinko 3 (Japan)|Miscellaneous|7D149029
Nishijin Pachinko Monogatari (Japan)|Miscellaneous|13648B68
Nishijin Pachinko Monogatari 2 (Japan)|Miscellaneous|3DA9BB8C
Nomark Baku Haitou - Shijou Saikyou no Janshi-tachi (Japan)|Miscellaneous|41DFFE15
Numbers Paradise (Japan)|Miscellaneous|612A07F9
Ongaku Tsukuru Kanadeeru (Japan)|Miscellaneous|C79C123F
Othello World (Japan)|Miscellaneous|1345ED19
Pachi-Slot Gambler (Japan)|Miscellaneous|B0C89EC1
Pachi-Slot Kanzen Kouryaku - Universal Shindai Nyuuka Volume 1 (Japan)|Miscellaneous|A9C26CA1
Pachi-Slot Kenkyuu (Japan)|Miscellaneous|0D5BD100
Pachi-Slot Land - Pachipachi Coin no Densetsu (Japan)|Miscellaneous|BA2DD0BC
Pachi-Slot Love Story (Japan)|Miscellaneous|8AED15DD
Pachi-Slot Monogatari - PAL Kougyou Special (Japan)|Miscellaneous|9EB5C153
Pachi-Slot Monogatari - Universal Special (Japan)|Miscellaneous|E47E4AB2
Pachinko Challenger (Japan)|Miscellaneous|0BF543BF
Pachinko Fan - Shouri Sengen (Japan)|Miscellaneous|4F560DCA
Pachinko Maruhi Hisshouhou (Japan)|Miscellaneous|F7047C67
Pachinko Monogatari - Pachi-Slot mo Aru deyo!! (Japan)|Miscellaneous|6C901862
Pachinko Monogatari 2 - Nagoya Shachihoko no Teiou (Japan)|Miscellaneous|B8B25F4A
Pachinko Ren-chan Tengoku - Super CR Special (Japan)|Miscellaneous|012C80BD
Pachinko Tetsujin - Nanaban Shoubu (Japan)|Miscellaneous|A1EBB364
Pachinko Wars (Japan)|Miscellaneous|8CE8A4EB
Pachinko Wars II (Japan)|Miscellaneous|8C765DA9
Pachio-kun Special (Japan)|Miscellaneous|34FF17B3
Pachio-kun Special 2 (Japan)|Miscellaneous|8F163DC1
Pachio-kun Special 3 (Japan)|Miscellaneous|3449DE71
Parlor! Mini - Pachinko Jikki Simulation Game (Japan)|Miscellaneous|836E5194
Parlor! Mini - Pachinko Jikki Simulation Game (Japan) (Rev 1)|Miscellaneous|0E43E135
Parlor! Mini 2 - Pachinko Jikki Simulation Game (Japan)|Miscellaneous|30FC693D
Parlor! Mini 3 - Pachinko Jikki Simulation Game (Japan)|Miscellaneous|55B93658
Parlor! Mini 4 - Pachinko Jikki Simulation Game (Japan)|Miscellaneous|1513ACB8
Parlor! Mini 5 - Pachinko Jikki Simulation Game (Japan)|Miscellaneous|3571F873
Parlor! Mini 6 - Pachinko Jikki Simulation Game (Japan)|Miscellaneous|18B6820B
Parlor! Mini 7 - Pachinko Jikki Simulation Game (Japan)|Miscellaneous|54E92C91
Parlor! Parlor! (Japan)|Miscellaneous|2EA12170
Parlor! Parlor! 2 (Japan)|Miscellaneous|05D73187
Parlor! Parlor! 3 (Japan)|Miscellaneous|5699582C
Parlor! Parlor! 5 (Japan)|Miscellaneous|FE6C5DA7
Parlor! Parlor! IV CR (Japan)|Miscellaneous|F6D7210F
Popeye - Ijiwaru Majo Sea Hag no Maki (Japan)|Miscellaneous|F5BFCD90
PowerFest 94 - Scoring (USA)|Miscellaneous|143A1C2F
PowerFest 94 - Super Mario Bros. - The Lost Levels (USA)|Miscellaneous|38BE3E18
PowerFest 94 - Super Mario Kart (USA)|Miscellaneous|9974B593
Pro Kishi Jinsei Simulation - Shougi no Hanamichi (Japan)|Miscellaneous|D10439D4
Pro Mahjong Kiwame (Japan)|Miscellaneous|1210816B
Pro Mahjong Kiwame (Japan) (Rev 1)|Miscellaneous|59B6B116
Pro Mahjong Kiwame II (Japan)|Miscellaneous|C06DC507
Pro Mahjong Kiwame II (Japan) (Rev 1)|Miscellaneous|2142A484
Pro Mahjong Kiwame III (Japan)|Miscellaneous|CF05DFCE
Pro Mahjong Tsuwamono (Japan)|Miscellaneous|263DAE53
Pro Mahjong Tsuwamono (Japan) (Renkaban)|Miscellaneous|CA1B24B4
Res Arcana - Diana Ray - Uranai no Meikyuu (Japan)|Miscellaneous|E7637817
Reverse Kids (Japan) (Unl)|Miscellaneous|3A426A4A
Rin Kaihou Kudan no Igo Taidou (Japan)|Miscellaneous|B56EC084
Saibara Rieko no Mahjong Hourouki (Japan)|Miscellaneous|42198D27
Saikousoku Shikou Shougi Mahjong (Japan)|Miscellaneous|A16CC0A7
Sakurai Shouichi no Jankiryuu Mahjong Hisshouhou (Japan)|Miscellaneous|A8119995
Sankyo Fever! Fever! (Japan)|Miscellaneous|04E9D205
Shanghai III (Japan)|Miscellaneous|DEE271AF
Shichuusuimeigaku Nyuumon - Shin Tougenkyou (Japan)|Miscellaneous|52DF0E2F
Shijou Saikyou no Quiz Ou Ketteisen Super (Japan)|Miscellaneous|E6B9A402
Shin Ikkakusenkin (Japan)|Miscellaneous|70E5A2CA
Shin Mahjong (Japan)|Miscellaneous|EFA078F5
Shinri Game 2, The - Magical Trip (Japan)|Miscellaneous|426FC1A3
Shinri Game 3, The (Japan)|Miscellaneous|B51D79B4
Shinzui Taikyoku Igo - Go Sennin (Japan)|Miscellaneous|13FCC999
Shodan Morita Shougi (Japan)|Miscellaneous|899841E5
Shodani Nintei - Shodan Pro Mahjong (Japan)|Miscellaneous|7557C1B6
Shougi Club (Japan)|Miscellaneous|F9C79B45
Shougi Fuurinkazan (Japan)|Miscellaneous|3D456EED
Shougi Saikyou (Japan)|Miscellaneous|12C42BC0
Shougi Saikyou II - Jissen Taikyoku Hen (Japan)|Miscellaneous|E57505D8
Shougi Zanmai (Japan)|Miscellaneous|3BA30CC5
Shounin yo, Taishi o Idake!! (Japan)|Miscellaneous|51227E94
Sotsugyou Bangai Hen - Nee Mahjong Shiyo! (Japan)|Miscellaneous|D44CEB2F
Sound Novel Tsukuru (Japan)|Miscellaneous|5EBF7246
Sugoro Quest++ - Dicenics (Japan)|Miscellaneous|366C84F3
Sugoroku Ginga Senki (Japan)|Miscellaneous|EA0C55BC
Super 8 (USA) (Unl)|Miscellaneous|DFBAC4F2
Super Caesars Palace (USA)|Miscellaneous|A2381221
Super Caesars Palace (USA) (Beta)|Miscellaneous|88EB3131
Super Casino - Caesars Palace (Japan)|Miscellaneous|6F9632D7
Super Casino - Caesars Palace (Japan) (Rev 1)|Miscellaneous|53193B87
Super Casino 2 (Japan)|Miscellaneous|CC306F93
Super Double Yakuman (Japan)|Miscellaneous|16CCA911
Super Double Yakuman II (Japan)|Miscellaneous|E70AA119
Super Game Boy (Japan)|Miscellaneous|2E35EDBB
Super Game Boy (Japan, USA) (Beta)|Miscellaneous|F5FFB691
Super Game Boy (Japan, USA) (Rev 1)|Miscellaneous|27A03C98
Super Game Boy (World) (Rev 2)|Miscellaneous|8A4A174F
Super Game Boy 2 (Japan)|Miscellaneous|CB176E45
Super Gomoku Narabe - Renju (Japan)|Miscellaneous|5621000D
Super Gomoku Shougi - Jouseki Kenkyuu Hen (Japan)|Miscellaneous|54833287
Super Hanafuda (Japan)|Miscellaneous|F2DD4EBF
Super Hanafuda 2 (Japan)|Miscellaneous|6F12C3D5
Super Igo - Go Ou (Japan)|Miscellaneous|4AC5623D
Super Jangou (Japan)|Miscellaneous|FF6C80C6
Super Jinsei Game (Japan)|Miscellaneous|F3B6A9AD
Super Jinsei Game (Japan) (Rev 1)|Miscellaneous|5B1837BE
Super Jinsei Game 2 (Japan)|Miscellaneous|7D924C99
Super Jinsei Game 2 (Japan) (Rev 2)|Miscellaneous|7654E35F
Super Jinsei Game 3 (Japan)|Miscellaneous|688382B6
Super Jinsei Game 3 (Japan) (Rev 1)|Miscellaneous|61B947E2
Super Mahjong (Japan)|Miscellaneous|3DF04E29
Super Mahjong 2 - Honkaku 4-nin Uchi! (Japan)|Miscellaneous|1A2A8732
Super Mahjong 2 - Honkaku 4-nin Uchi! (Japan) (Rev 1)|Miscellaneous|6B23E2E4
Super Mahjong 3 - Karakuchi (Japan)|Miscellaneous|FE691648
Super Mahjong Taikai (Japan)|Miscellaneous|2A2CCCF4
Super Mahjong Taikai (Japan) (Rev 1)|Miscellaneous|224F2944
Super Mahjong Taikai (Japan) (Rev 2)|Miscellaneous|9627CCAD
Super Mahjong Taikai (Japan) (Rev 3)|Miscellaneous|91A6D452
Super Mahjong Taikai (Japan) (Rev 4)|Miscellaneous|F748D9A7
Super Mahjong Taikai (Japan) (Rev 5)|Miscellaneous|732740EC
Super Mario All-Stars (Europe)|Miscellaneous|925FFA69
Super Mario All-Stars (USA)|Miscellaneous|925637C7
Super Mario All-Stars + Super Mario World (USA)|Miscellaneous|F84305B1
Super Mario All-Stars and Super Mario World (Europe)|Miscellaneous|303205D8
Super Mario Collection (Japan)|Miscellaneous|232BB5B8
Super Mario Collection (Japan) (Rev 1)|Miscellaneous|91B28D56
Super Momotarou Dentetsu DX (Japan)|Miscellaneous|1C0C3D81
Super Momotarou Dentetsu DX (Japan) (JR Nishi-Nihon Presents)|Miscellaneous|46239D31
Super Momotarou Dentetsu II (Japan)|Miscellaneous|277AD4A1
Super Momotarou Dentetsu III (Japan)|Miscellaneous|F787CB9A
Super Momotarou Dentetsu III (Japan) (Rev 1)|Miscellaneous|8587EB6E
Super Momotarou Dentetsu III (Japan) (Rev 2)|Miscellaneous|9B9F3F71
Super Nichibutsu Mahjong (Japan)|Miscellaneous|D36AA90C
Super Nichibutsu Mahjong 2 - Zenkoku Seiha Hen (Japan)|Miscellaneous|36F6378F
Super Nichibutsu Mahjong 3 - Yoshimoto Gekijou Hen (Japan)|Miscellaneous|0C8779B3
Super Nichibutsu Mahjong 4 - Kisokenkyuu Hen (Japan)|Miscellaneous|385E4860
Super Okumanchouja Game (Japan)|Miscellaneous|4998A9D6
Super Okumanchouja Game (Japan) (Rev 1) (NP)|Miscellaneous|12D589F8
Super Pachi-Slot Mahjong (Japan)|Miscellaneous|2051315B
Super Pachinko Taisen (Japan)|Miscellaneous|ED959CC9
Super Real Mahjong PIV (Japan)|Miscellaneous|85555436
Super Real Mahjong PV Paradise - All-Star 4-nin Uchi (Japan)|Miscellaneous|F9DF0081
Super Shougi (Japan)|Miscellaneous|3769DAA8
Super Shougi (Japan) (Rev 1)|Miscellaneous|3BA3C38B
Super Shougi 2 (Japan)|Miscellaneous|EF8A2138
Super Shougi 3 - Kitaihei (Japan)|Miscellaneous|323C6265
Super Solitaire (Europe) (En,Fr,De,Es,It) (Proto)|Miscellaneous|933228F3
Super Solitaire (USA) (En,Fr,De,Es,It)|Miscellaneous|C8E80D55
Super Tetris 2 + Bombliss (Japan)|Miscellaneous|8AE5E443
Super Tetris 2 + Bombliss (Japan) (Genteiban)|Miscellaneous|C709B922
Super Tetris 2 + Bombliss (Japan) (Rev 1)|Miscellaneous|4AE93C10
Super Trump Collection (Japan)|Miscellaneous|BB9F8083
Super Trump Collection 2 (Japan)|Miscellaneous|22711FC8
Super Tsumeshougi 1000 (Japan)|Miscellaneous|F9AE2B76
Super Uno (Japan)|Miscellaneous|61441201
Super Uno (Japan) (Beta)|Miscellaneous|1B751AAA
Super Uno (Japan) (Rev 1)|Miscellaneous|AA0A7C43
Super Zugan - Hakotenjou kara no Shoutaijou (Japan)|Miscellaneous|17E2DE82
Super Zugan 2 - Tsukanpo Fighter (Japan)|Miscellaneous|8679BEB8
Super!! Pachinko (Japan)|Miscellaneous|410D9F0A
Table Game Daishuugou!! (Japan)|Miscellaneous|661E791E
Tadaima Yuusha Boshuuchuu Okawari (Japan)|Miscellaneous|1BDEB829
Taikyoku Igo - Goliath (Japan)|Miscellaneous|01AFEC9C
Taikyoku Igo - Idaten (Japan)|Miscellaneous|B5DB72B6
Takemiya Masaki Kudan no Igo Taishou (Japan)|Miscellaneous|639022AB
Tarot Mystery (Japan)|Miscellaneous|3CE00F85
Tetris & Dr. Mario (Europe)|Miscellaneous|523E4153
Tetris & Dr. Mario (USA)|Miscellaneous|6C852EF3
Thomas the Tank Engine & Friends (Europe)|Miscellaneous|F597A111
Thomas the Tank Engine & Friends (USA)|Miscellaneous|BB4CD5A4
Tokoro's Mahjong (Japan)|Miscellaneous|49DBFF84
Tower Dream (Japan)|Miscellaneous|AA2D5C55
Tri-Star (USA) (Unl)|Miscellaneous|8E647468
Trump Island (Japan)|Miscellaneous|62830BEF
Turbo Toons (Europe)|Miscellaneous|26A9C3F4
Vegas Stakes (Europe)|Miscellaneous|ACCB5950
Vegas Stakes (USA)|Miscellaneous|03A0E935
Vs. Collection (Japan)|Miscellaneous|A9FCFD53
Waratte Iitomo! Tamolympic (Japan)|Miscellaneous|14CC9C86
Wheel of Fortune (USA)|Miscellaneous|1C384B11
Wheel of Fortune - Deluxe Edition (USA)|Miscellaneous|D6A5984C
Williams Arcade's Greatest Hits (Europe)|Miscellaneous|DC69693F
Williams Arcade's Greatest Hits (USA)|Miscellaneous|471B12B0
Wizardry I-II-III - Story of Llylgamyn (Japan) (NP)|Miscellaneous|B8A72553
Yokoyama Mitsuteru Sangokushi Bangi - Sugoroku Eiyuu-ki (Japan)|Miscellaneous|08F8CC16
Yuujin Janjuu Gakuen (Japan)|Miscellaneous|D6FECE51
Yuujin Janjuu Gakuen 2 (Japan)|Miscellaneous|70FBFF3B
Yuujin no Furi Furi Girls (Japan)|Miscellaneous|02855382
Yuuyu no Quiz de Go! Go! (Japan)|Miscellaneous|D7E68D2E
Zen-Nihon Pro Wres - Fight da Pon! (Japan)|Miscellaneous|379645BD
Zenkoku Juudan Ultra Shinri Game (Japan)|Miscellaneous|B1A104E6
Zootto Mahjong! (Japan) (NP)|Miscellaneous|C167987D
