Aguri Suzuki F-1 Super Driving (Europe)|Racing / Driving|C8382F39
Al Unser Jr.'s Road to the Top (Europe)|Racing / Driving|4CF5D45F
Al Unser Jr.'s Road to the Top (USA)|Racing / Driving|D0550624
Battle Cross (Japan)|Racing / Driving|5F5E9B0B
Battle Grand Prix (Japan)|Racing / Driving|8B8AFD6F
Battle Grand Prix (USA)|Racing / Driving|190FF436
Battle Racers (Japan)|Racing / Driving|64B76CEB
Biker Mice from Mars (Europe)|Racing / Driving|1A06DB31
Biker Mice from Mars (USA)|Racing / Driving|4E8B2ECB
Circuit USA (Japan)|Racing / Driving|5A13366C
Cyber Spin (USA)|Racing / Driving|44018650
Dirt Racer (Europe) (En,Fr,De)|Racing / Driving|0354F4B1
Dirt Trax FX (Europe)|Racing / Driving|9DBC2330
Dirt Trax FX (USA)|Racing / Driving|61A86C7F
Drift King Shutokou Battle '94 - Tsuchiya Keiichi & Bandou Masaaki (Japan)|Racing / Driving|33CE298F
Drift King Shutokou Battle 2 - Tsuchiya Keiichi & Bandou Masaaki (Japan)|Racing / Driving|87AAB79A
Duel, The - Test Drive II (Europe)|Racing / Driving|57CBD9AF
Duel, The - Test Drive II (USA)|Racing / Driving|1CC662CD
ESPN Speedworld (USA)|Racing / Driving|C2CFF05A
ESPN Speedworld (USA) (Beta)|Racing / Driving|2B0069C0
Exertainment Mountain Bike Rally + Speed Racer (Europe) (En,Fr,De,Es,Nl) (Proto)|Racing / Driving|811475B0
Exertainment Mountain Bike Rally + Speed Racer (USA)|Racing / Driving|EE5E1906
Exhaust Heat (Europe)|Racing / Driving|AF5A3203
Exhaust Heat (Japan)|Racing / Driving|5CB9BC35
Exhaust Heat II - F1 Driver e no Michi (Japan)|Racing / Driving|E2C8E535
F-1 Grand Prix (Japan)|Racing / Driving|1608EA1A
F-1 Grand Prix - Part II (Japan)|Racing / Driving|534AE12E
F-1 Grand Prix - Part III (Japan)|Racing / Driving|9B68248E
F-Zero (Europe)|Racing / Driving|F1D8F5DA
F-Zero (Japan)|Racing / Driving|7681EFC1
F-Zero (USA)|Racing / Driving|AA0E31DE
F1 Pole Position (Europe)|Racing / Driving|E935886A
F1 Pole Position (USA)|Racing / Driving|B3DA1B1D
F1 Pole Position (USA) (Beta)|Racing / Driving|7049AAE8
F1 Pole Position 2 (Europe)|Racing / Driving|83FC0F0C
F1 ROC - Race of Champions (USA)|Racing / Driving|2A069989
F1 World Championship Edition (Europe)|Racing / Driving|7BA8FC78
F1-ROC II - Race of Champions (USA)|Racing / Driving|3447609E
Final Stretch (Japan)|Racing / Driving|8D29F41F
Full Power (Japan)|Racing / Driving|66C04587
Full Throttle - All-American Racing (Europe)|Racing / Driving|861F2E42
Full Throttle - All-American Racing (USA)|Racing / Driving|2A4A53CA
Full Throttle - All-American Racing (USA) (Beta)|Racing / Driving|E96E463C
GP-1 (Europe)|Racing / Driving|D013316B
GP-1 (Japan)|Racing / Driving|1895299C
GP-1 (USA)|Racing / Driving|14BBC357
GP-1 - Part II (USA)|Racing / Driving|A9014E12
GP-1 RS - Rapid Stream (Japan)|Racing / Driving|D4488768
GT Racing (Japan)|Racing / Driving|1F73C832
Human Grand Prix (Japan)|Racing / Driving|823019CA
Human Grand Prix 2 (Japan) (Sample)|Racing / Driving|B62236A9
Human Grand Prix II (Japan)|Racing / Driving|A5351DB4
Human Grand Prix III - F1 Triple Battle (Japan)|Racing / Driving|9F6D0228
Human Grand Prix IV - F1 Dream Battle (Japan)|Racing / Driving|47453477
Jaleco Rally Big Run - The Supreme 4WD Challenge (Japan)|Racing / Driving|C157978C
Jissen Kyoutei (Japan)|Racing / Driving|65815455
Kamen Rider SD - Shutsugeki!! Rider Machine (Japan)|Racing / Driving|A2C7CB5F
Kat's Run - Zen-Nihon K-Car Senshuken (Japan)|Racing / Driving|9DAB5AB1
Kawasaki Caribbean Challenge (USA)|Racing / Driving|37D8AC57
Kawasaki Superbike Challenge (Europe)|Racing / Driving|C736DFC0
Kawasaki Superbike Challenge (USA)|Racing / Driving|E8ED176E
King of Rally, The (Japan)|Racing / Driving|4FA380A4
Kyle Petty's No Fear Racing (USA)|Racing / Driving|AEE90A85
Lamborghini American Challenge (Europe)|Racing / Driving|263178B2
Lamborghini American Challenge (USA)|Racing / Driving|D2FB701B
Michael Andretti's IndyCar Challenge (Japan)|Racing / Driving|1128572B
Michael Andretti's IndyCar Challenge (USA)|Racing / Driving|0FDB210E
Micro Machines (Europe)|Racing / Driving|B4F64A09
Micro Machines (USA)|Racing / Driving|364E68BB
Micro Machines 2 - Turbo Tournament (Europe)|Racing / Driving|1619B619
Mini Yonku Let's & Go!! - Power WGP 2 (Japan)|Racing / Driving|4459D4D0
Mini Yonku Shining Scorpion - Let's & Go!! (Japan)|Racing / Driving|B17E95D4
Nakajima Satoru Kanshuu - F-1 Hero '94 (Japan)|Racing / Driving|C708DB00
Nakajima Satoru Kanshuu - Super F-1 Hero (Japan)|Racing / Driving|D7D6A0E9
Newman Haas IndyCar featuring Nigel Mansell (Europe)|Racing / Driving|595684AF
Newman Haas IndyCar featuring Nigel Mansell (USA)|Racing / Driving|A0F80C02
Nigel Mansell F-1 Challenge (Japan)|Racing / Driving|40B0C585
Nigel Mansell IndyCar (Japan)|Racing / Driving|546062C7
Nigel Mansell's World Championship Racing (Europe)|Racing / Driving|FC23E228
Nigel Mansell's World Championship Racing (Europe) (Gremlin Graphics)|Racing / Driving|83EB5296
Nigel Mansell's World Championship Racing (Europe) (Rev 1)|Racing / Driving|C65E0E5B
Nigel Mansell's World Championship Racing (USA)|Racing / Driving|162252E2
Planet's Champ TG 3000, The (Japan)|Racing / Driving|B9B9DF06
Power Drive (Europe) (En,Fr,De,Es,Pt)|Racing / Driving|0BFDCA70
Power Rangers Zeo - Battle Racers (Europe)|Racing / Driving|6AA46CFC
Power Rangers Zeo - Battle Racers (USA)|Racing / Driving|389300CF
R.P.M. Racing (Japan)|Racing / Driving|35FCD374
Race Drivin' (Europe)|Racing / Driving|12CB0A54
Race Drivin' (USA)|Racing / Driving|C5BAB870
Radical Psycho Machine Racing (USA)|Racing / Driving|F7933734
Redline F-1 Racer (USA)|Racing / Driving|E5FAADD2
Road Riot 4WD (Europe)|Racing / Driving|0EC43268
Road Riot 4WD (USA)|Racing / Driving|20367643
Road Riot 4WD (USA) (Beta)|Racing / Driving|4CA1A3B2
Rock & Roll Racing (Europe) (Beta)|Racing / Driving|BF8B07A9
Rock n' Roll Racing (Europe)|Racing / Driving|B02DAF39
Rock n' Roll Racing (Japan)|Racing / Driving|A206384C
Rock n' Roll Racing (USA)|Racing / Driving|7D06F473
Rock n' Roll Racing (USA) (Beta)|Racing / Driving|D9FAFB8A
SD F-1 Grand Prix (Japan)|Racing / Driving|2FEE01AD
SD F-1 Grand Prix (Japan) (Sample)|Racing / Driving|E846F7A1
Shinseiki GPX Cyber Formula (Japan)|Racing / Driving|403AC1C6
Speed Racer in My Most Dangerous Adventures (USA)|Racing / Driving|AA44287C
Street Racer (Europe)|Racing / Driving|E013D5B0
Street Racer (Europe) (Rev 1)|Racing / Driving|2AE69849
Street Racer (Japan)|Racing / Driving|D1C1F675
Street Racer (USA)|Racing / Driving|63E8B7D5
Street Racer (USA) (Beta)|Racing / Driving|1934F184
Stunt Race FX (Europe)|Racing / Driving|24935769
Stunt Race FX (USA) (Rev 1)|Racing / Driving|380C2635
Super 4WD - The Baja (Japan)|Racing / Driving|C6B67138
Super Chase H.Q. (Europe)|Racing / Driving|01211C80
Super Chase H.Q. (USA)|Racing / Driving|6EF3B9C7
Super Drift Out - World Rally Championships (Japan)|Racing / Driving|EC8C1CCA
Super Drift Out - World Rally Championships (USA) (Proto)|Racing / Driving|EA2B03F9
Super F1 Circus (Japan)|Racing / Driving|7C94C86C
Super F1 Circus 2 (Japan)|Racing / Driving|0AB53000
Super F1 Circus 3 (Japan)|Racing / Driving|26EF22CB
Super F1 Circus Gaiden (Japan)|Racing / Driving|6B8AC3B3
Super F1 Circus Limited (Japan)|Racing / Driving|047270F1
Super Family Circuit (Japan)|Racing / Driving|DC82850E
Super H.Q. - Criminal Chaser (Japan)|Racing / Driving|BF252997
Super Indy Champ (Japan)|Racing / Driving|6B321DB6
Super Kyoutei (Japan)|Racing / Driving|C6FE7F3A
Super Kyoutei (Japan) (Rev 1)|Racing / Driving|593C10B1
Super Kyoutei 2 (Japan)|Racing / Driving|B269DEA3
Super Mad Champ (Japan)|Racing / Driving|B65B532F
Super Mario Kart (Europe)|Racing / Driving|56410E5E
Super Mario Kart (Japan)|Racing / Driving|C8002453
Super Mario Kart (USA)|Racing / Driving|CD80DB86
Super Off Road (Europe)|Racing / Driving|C6373743
Super Off Road (Japan)|Racing / Driving|3104478A
Super Off Road (USA)|Racing / Driving|FE263383
Super Off Road - The Baja (USA)|Racing / Driving|CB483EAD
Super Off Road - The Baja (USA) (Beta)|Racing / Driving|55558173
Suzuka 8 Hours (Japan)|Racing / Driving|B846B00D
Suzuka 8 Hours (USA)|Racing / Driving|54740B9B
Suzuki Aguri no F-1 Super Driving (Japan)|Racing / Driving|75BDC895
Top Gear (Europe)|Racing / Driving|B0150052
Top Gear (USA)|Racing / Driving|D34C49B7
Top Gear 2 (Europe)|Racing / Driving|531463E1
Top Gear 2 (USA)|Racing / Driving|2B88BEE8
Top Gear 3000 (Europe)|Racing / Driving|493FDB13
Top Gear 3000 (USA)|Racing / Driving|A20BE998
Top Racer (Japan)|Racing / Driving|E5A57B12
Top Racer 2 (Japan)|Racing / Driving|31DAEBB2
Touge Densetsu - Saisoku Battle (Japan)|Racing / Driving|03FD7AD4
Touge Densetsu - Saisoku Battle (Japan) (Beta)|Racing / Driving|CBA34E28
Uchuu Race - Astro Go! Go! (Japan)|Racing / Driving|E949D47F
Uniracers (USA)|Racing / Driving|383858C7
Unirally (Europe)|Racing / Driving|D8583ED7
Wild Trax (Japan) (Rev 1)|Racing / Driving|017C68C5
Zen-Nihon GT Senshuken (Japan)|Racing / Driving|5409D4F4
Zero 4 Champ RR (Japan)|Racing / Driving|48E9887F
Zero 4 Champ RR-Z (Japan)|Racing / Driving|3C6A8DC8
