Fire Pro Wrestling for WonderSwan (Japan)|Sports|F246A68E
Fishing Freaks - Bass Rise for WonderSwan (Japan)|Sports|A1FB16FC
Keiba Yosou Shien Soft - Yosou Shinkaron (Japan)|Sports|945FC213
Kyousouba Ikusei Simulation - Keiba (Japan)|Sports|ECFBCB1D
Moero!! Pro Yakyuu Rookies (Japan)|Sports|EB995E86
Nice On (Japan)|Sports|B5DBCF12
Shin Nihon Pro Wrestling - Toukon Retsuden (Japan)|Sports|5B76F901
Side Pocket for WonderSwan (Japan)|Sports|8655269E
Soccer Yarou! - Challenge the World (Japan)|Sports|D7438E58
Umizuri ni Ikou! (Japan)|Sports|86B56511
Wonder Stadium '99 (Japan)|Sports|E252919D
Wonder Stadium (Japan)|Sports|23BC0309
WonderSwan Handy Sonar (Japan)|Sports|2AB9852D
