Another Heaven - Memory of those Days (Japan)|Adventure|D7A0AB74
Inuyasha - Fuuun Emaki (Japan)|Adventure|3FF5791F
Last Alive (Japan)|Adventure|DA4479BF
Meitantei Conan - Yuugure no Koujo (Japan)|Adventure|9F6E3F8D
Memories Off - Festa (Japan)|Adventure|8E123373
Mikeneko Holmes - Ghost Panic (Japan)|Adventure|D75EFFC2
Shaman King - Asu e no Ishi (Japan)|Adventure|6C029674
Shaman King - Asu e no Ishi (Japan) (v1.1)|Adventure|34908CB4
Terrors 2 (Japan)|Adventure|9BD8F08C
With You - Mitsumete Itai (Japan)|Adventure|E14E9D36
