Anchorz Field (Japan)|Strategy|425EB893
Armored Unit (Japan)|Strategy|C11639AF
Chaos Gear - Michibikareshi Mono (Japan)|Strategy|27B3CC18
Digimon - Ver. WonderSwan (Asia)|Strategy|94EA6FFC
Digital Monster - Ver. WonderSwan (Japan)|Strategy|AB59DE2E
Digital Partner (Japan)|Strategy|B5E675AE
Dokodemo Hamster (Japan)|Strategy|89E7D950
Itou Junji Uzumaki - Noroi Simulation (Japan)|Strategy|CA3F0B00
Kakutou Ryouri Densetsu Bistro Recipe - Wonder Battle Hen (Japan)|Strategy|4D103236
Langrisser Millennium WS - The Last Century (Japan)|Strategy|9E0854E2
Last Stand (Japan)|Strategy|CCCAF8A1
Macross - True Love Song (Japan)|Strategy|62D419CD
Metakomi Theraphy - Nee Kiite! (Japan)|Strategy|A3EAD689
Nobunaga no Yabou for WonderSwan (Japan)|Strategy|C1734309
SD Gundam - Emotional Jam (Japan)|Strategy|AE83F873
SD Gundam G Generation - Gather Beat (Japan)|Strategy|E4EB3AB1
SD Gundam Gashapon Senki - Episode 1 (Japan)|Strategy|21EB4C59
Sangokushi II for WonderSwan (Japan)|Strategy|812B720D
Sangokushi for WonderSwan (Japan)|Strategy|E385EE88
Super Robot Taisen Compact (Japan)|Strategy|7021D54F
Super Robot Taisen Compact 2 - Dai-1-bu - Chijou Gekidou Hen (Japan)|Strategy|782877BC
Super Robot Taisen Compact 2 - Dai-2-bu - Uchuu Gekishin Hen (Japan)|Strategy|ECBB46DE
Super Robot Taisen Compact 2 - Dai-3-bu - Ginga Kessen Hen (Japan)|Strategy|0B0F8981
Tanjou Debut for WonderSwan (Japan)|Strategy|8B74F59A
Tekken Card Challenge (Japan)|Strategy|E7C608E5
