After Burst (Japan)|Action|C0049D77
Alien vs Predator (Japan)|Action|E884682B
Alien vs Predator - The Last of His Clan (USA)|Action|4BBCF652
Alleyway (World)|Action|5CC01586
Amazing Penguin (USA, Europe)|Action|3011D5CA
Amida (Japan)|Action|60128AA8
Asmik-kun World 2 (Japan)|Action|CAAE6B11
Astro Rabby (Japan)|Action|61E48EEF
Attack of the Killer Tomatoes (Japan)|Action|23068679
Attack of the Killer Tomatoes (USA, Europe)|Action|B5B38860
Bakuretsu Senshi Warrior (Japan)|Action|ECF1B801
Balloon Kid (USA, Europe)|Action|D4B655EC
Batman Forever (Japan)|Action|C2FD6244
Batman Forever (USA, Europe)|Action|EF3592CC
Battle Bull (Japan)|Action|5C69E449
Battle Bull (USA)|Action|D4D1AEA2
Battletoads (Japan)|Action|331CF7DE
Battletoads (USA, Europe)|Action|B0C3361B
Battletoads in Ragnarok's World (Europe)|Action|7FFC34EA
Battletoads in Ragnarok's World (USA)|Action|CE316C68
Battletoads-Double Dragon (Europe)|Action|7B217082
Battletoads-Double Dragon (USA)|Action|A727F9CD
Beavis and Butt-Head (USA, Europe)|Action|AF1AE123
Bionic Battler (USA)|Action|A1E55DC2
Bishoujo Senshi Sailor Moon (Japan)|Action|C2763E73
Bishoujo Senshi Sailor Moon R (Japan)|Action|EA759875
Blaster Master Boy (USA)|Action|3B2C7118
Blaster Master Jr. (Europe)|Action|E9F9016F
Block Kuzushi GB (Japan) (SGB Enhanced)|Action|54B67501
Bomb Jack (Europe)|Action|9BD8815E
Bomber King - Scenario 2 (Japan)|Action|B8FE9077
Booby Boys (Japan)|Action|EC83C0B6
Boomer's Adventure in ASMIK World (USA)|Action|105BC1C0
Bubble Ghost (Japan)|Action|874D0D6F
Bubble Ghost (USA, Europe)|Action|843068FD
Captain America and the Avengers (USA)|Action|C762B783
Castelian (Europe)|Action|2F752404
Castelian (USA)|Action|F2D739E4
Chachamaru Panic (Japan)|Action|AA920298
Chibi Maruko-chan 3 - Mezase! Game Taishou no Maki (Japan)|Action|44E933C8
Chousoku Spinner (Japan) (SGB Enhanced)|Action|B4FA9CF2
Cliffhanger (USA, Europe)|Action|AA133439
Cool World (USA, Europe)|Action|A193C0D0
Crayon Shin-chan - Ora no Gokigen Collection (Japan) (SGB Enhanced)|Action|DC723A9E
Crayon Shin-chan 2 - Ora to Wanpaku Gokko Dazo (Japan)|Action|CA6E0BE0
Crayon Shin-chan 3 - Ora no Gokigen Athletic (Japan)|Action|24A12807
Crayon Shin-chan 4 - Ora no Itazura Daihenshin (Japan) (SGB Enhanced)|Action|37D4AA8C
CutThroat Island (USA, Europe)|Action|EEBDD360
Cyraid (USA)|Action|9D00DA55
Darkman (USA, Europe)|Action|FF858DA9
Desert Strike - Return to the Gulf (Europe) (SGB Enhanced)|Action|B700F7F7
Desert Strike - Return to the Gulf (USA) (SGB Enhanced)|Action|6A702C32
Dick Tracy (USA)|Action|A308B86B
Dig Dug (Europe)|Action|0AF905C0
Dig Dug (USA)|Action|6C742478
Doraemon - Taiketsu HimitsuDougu!! (Japan)|Action|A42524A3
Doraemon 2 - Animal Planet Densetsu (Japan)|Action|843BD5BC
Doraemon no Game Boy de Asobouyo Deluxe 10 (Japan) (SGB Enhanced)|Action|B368E717
Double Dragon (Japan)|Action|A0645E8A
Double Dragon (USA, Europe)|Action|40A8BF12
Double Dragon 3 - The Arcade Game (USA, Europe)|Action|FC970AEF
Double Dragon II (USA, Europe)|Action|5B96E474
Downtown - Nekketsu Koushinkyoku - Dokodemo Daiundoukai (Japan)|Action|82511A8F
Dragon Tail (Japan)|Action|1D1155AF
Dragon's Lair (Japan)|Action|73C994A0
Dragon's Lair - The Legend (Europe)|Action|00A14889
Dragon's Lair - The Legend (USA)|Action|7A38B5C3
DragonHeart (France)|Action|8D089356
DragonHeart (USA, Europe)|Action|5129A518
Druaga no Tou (Japan)|Action|F924BDB1
Elevator Action (Japan)|Action|BEAD8AE4
Elevator Action (USA, Europe)|Action|B749A927
Exodus - Journey to the Promised Land (USA) (Unl)|Action|2E5497EF
Fish Dude (USA)|Action|4B929719
Frisky Tom (Japan) (SGB Enhanced)|Action|0BEF84A1
Frogger (USA)|Action|4D933C08
GB Genjin Land - Viva! Chikkun Oukoku (Japan)|Action|B08BB116
Game of Harmony, The (USA)|Action|B0074ACB
Garfield Labyrinth (Europe)|Action|51B8626D
Gauntlet II (USA, Europe)|Action|1907DAC5
Gear Works (USA, Europe)|Action|B2B72056
Gegege no Kitarou - Youkai Souzoushu Arawaru! (Japan) (SGB Enhanced)|Action|28E507B0
Genjin Cottsu (Japan) (SGB Enhanced)|Action|95E8FCB1
Genki Bakuhatsu Gambaruger (Japan)|Action|6226D280
Getaway, The (USA)|Action|8F2BF517
Ghostbusters II (Japan)|Action|69B161BC
Ghostbusters II (USA, Europe)|Action|5821ECD4
Go! Go! Tank (Japan)|Action|30AE39B6
Go! Go! Tank (USA)|Action|65DFABCB
Heiankyo Alien (USA)|Action|1495BBE5
Heiankyou Alien (Japan)|Action|08BF29C9
Heisei Tensai Bakabon (Japan)|Action|AC044E9A
Hero Shuugou!! Pinball Party (Japan)|Action|740552ED
Hoi Hoi - Game Boy Ban (Japan)|Action|C2C2AD19
Home Alone (Japan)|Action|7C3F3107
Home Alone (USA, Europe)|Action|8EFC8434
James Bond 007 (USA, Europe) (SGB Enhanced)|Action|CA3BC3CE
Jankenman (Japan)|Action|37B3D081
Joshua & the Battle of Jericho (USA) (Unl)|Action|E0CF879B
Jungle no Ouja Tar-chan (Japan) (SGB Enhanced)|Action|96555E9A
Kakomunja (Japan)|Action|BEF1FE2B
Karakuri Kengou Den - Musashi Lord (Japan)|Action|01AEE24B
Karamuchou no Daijiken (Japan) (SGB Enhanced)|Action|FA7EA8A0
King of the Zoo (Europe)|Action|D2D648C4
Kingdom Crusade (USA)|Action|920202DC
Kinnikuman - The Dream Match (Japan)|Action|48C2CD38
Kirby no Block Ball (Japan) (SGB Enhanced)|Action|DF3BBCD7
Kirby no Pinball (Japan)|Action|8B44FB7D
Kirby's Block Ball (USA, Europe) (SGB Enhanced)|Action|7AD90B4B
Kirby's Pinball Land (USA, Europe)|Action|31CB6526
Kitchen Panic (Japan)|Action|909937CB
Kung-Fu Master (USA, Europe)|Action|3340E600
Kunio-kun no Jidaigeki Da yo Zenin Shuugou! (Japan)|Action|229E9113
Kwirk - He's A-maze-ing! (USA, Europe)|Action|21C98AF2
Kyoro-chan Land (Japan)|Action|E158D4DB
Last Action Hero (USA, Europe)|Action|10499AF6
Lawnmower Man, The (Europe)|Action|134F91D7
Legend of Prince Valiant, The (Europe) (En,Fr,De)|Action|179C494E
Lethal Weapon (USA, Europe)|Action|1F8D207C
Lock n' Chase ~ Lock 'n' Chase (World)|Action|DAB91C7A
Lost World, The - Jurassic Park (USA, Europe) (SGB Enhanced)|Action|391F532A
Lunar Lander (Japan)|Action|030D2054
Magical Taruruuto-kun (Japan)|Action|9C4F54F1
Magical Taruruuto-kun 2 - Raibaa Zone Panic!! (Japan)|Action|0AAD5217
Masakari Densetsu - Kintarou Action Hen (Japan)|Action|7CB70D3D
Max (Europe)|Action|1B167F00
Mickey Mouse IV (Japan)|Action|0D30B3A1
Mickey's Ultimate Challenge (USA, Europe)|Action|23E9D625
Mighty Morphin Power Rangers (USA, Europe) (SGB Enhanced)|Action|C60D032A
Mighty Morphin Power Rangers - The Movie (USA, Europe) (SGB Enhanced)|Action|86A1C549
Miracle Adventure of Esparks - Ushinawareta Seiseki Perivron (Japan)|Action|B3AD9B76
Mogura de Pon! (Japan)|Action|E1E3629F
Momotarou Dengeki 2 (Japan) (SGB Enhanced)|Action|3C1C5EB4
Monde Perdu, Le - Jurassic Park (France) (SGB Enhanced)|Action|FB22D72E
Montezuma's Return! (Europe) (En,Fr,De,Es,It)|Action|E7AC155B
Mouse Trap Hotel (USA)|Action|6EDF07E5
Mr. Do! (Europe)|Action|CF84AC77
Mr. Do! (USA)|Action|A1122FC0
Ms. Pac-Man (Europe)|Action|E19F67D7
Ms. Pac-Man (USA)|Action|0E5BB1C4
Nail'n Scale (USA, Europe)|Action|44BADBB7
Nangoku Shounen Papuwa-kun - Ganmadan no Yabou (Japan)|Action|798F324A
Nekketsu Kouha Kunio-kun - Bangai Rantou Hen (Japan)|Action|25B21ACC
Ninja Boy (USA, Europe)|Action|59D3E2AD
Ninja Boy 2 (USA, Europe)|Action|64C06D94
Ninku (Japan) (SGB Enhanced)|Action|B50119EB
Ninku Dai-2-dan - Ninku Sensou Hen (Japan) (SGB Enhanced)|Action|7F818772
Osawagase! Penguin Boy (Japan)|Action|54913227
Pac-Man (Europe)|Action|0509069C
Pac-Man (Japan)|Action|65998F48
Pac-Man (USA)|Action|B681E243
Painter Momopie (Japan)|Action|FB79EF58
Paperboy (USA, Europe)|Action|46DE32BA
Paperboy 2 (USA, Europe)|Action|8EE404CA
Parasol Henbee (Japan)|Action|AE97EC53
Penguin Wars (USA)|Action|EECFF7F3
Penguin-kun Wars VS. (Japan)|Action|C169606D
Pinball - 66hiki no Wani Daikoushin! (Japan)|Action|1B3A89C6
Pinball - Revenge of the 'Gator (USA, Europe)|Action|79804305
Pinball Dreams (USA, Europe)|Action|6DA713E3
Pinball Fantasies (USA, Europe)|Action|F056A911
Pinball Mania (Europe)|Action|EDC8D122
Pingu - Sekai de 1ban Genki na Penguin (Japan)|Action|A8DD80C6
Pocket Bomber Man (Japan) (SGB Enhanced)|Action|212B47A5
Pocket Bomberman (Europe) (SGB Enhanced)|Action|0FD1AE54
Pokonyan! - Yume no Daibouken (Japan) (SGB Enhanced)|Action|61C34232
Ponta to Hinako no Chindouchuu - Yuujou Hen (Japan)|Action|058B3DAB
Punisher, The - The Ultimate Payback (USA)|Action|5916713E
Puzzle Boy (Japan)|Action|2AE2D71C
Pyramids of Ra (USA)|Action|ABEF175B
Q-bert for Game Boy (Japan)|Action|E9BA4BAD
Q-bert for Game Boy (USA, Europe)|Action|B0109545
Rampart (Japan)|Action|96A4C720
Rampart (USA, Europe)|Action|6D347812
Real Ghostbusters, The (USA)|Action|E1592B83
Rubble Saver II (Japan)|Action|92C95F2D
Rugrats Movie, The (USA) (SGB Enhanced)|Action|124A0D06
Saigo no Nindou (Japan)|Action|B864A3B6
Sakigake!! Otoko Juku - Meioutou Kessen (Japan)|Action|2F0F7F63
SeaQuest DSV (USA, Europe) (SGB Enhanced)|Action|31A3BD99
Serpent (USA)|Action|74D466D7
Shippuu! Iron Leaguer (Japan)|Action|8E3C7E15
Simpsons, The - Bart vs. the Juggernauts (USA, Europe)|Action|6819CF0D
Small Soldiers (USA, Europe) (SGB Enhanced)|Action|DBF106D1
Soreyuke!! Kid (Japan)|Action|2A4A2D2B
Spartan X (Japan)|Action|CA7B4229
Spiritual Warfare (USA) (Unl)|Action|F7A961BA
Spud's Adventure (USA)|Action|70E5ED99
Star Trek Generations - Beyond the Nexus (Europe) (SGB Enhanced)|Action|D925D15D
Star Trek Generations - Beyond the Nexus (USA) (SGB Enhanced)|Action|9F2D11C6
Stop That Roach! (USA)|Action|86107477
Super B-Daman - Fighting Phoenix (Japan) (SGB Enhanced)|Action|239711EC
Super Bikkuriman - Densetsu no Sekiban (Japan)|Action|C1E1A041
Super Chinese Land (Japan)|Action|037D966A
Super Chinese Land 2 (Japan)|Action|88508483
Tasmania Monogatari (Japan)|Action|9EA867A7
Tasmania Story (USA)|Action|A33C4FFF
Teke Teke! Asmik-kun World (Japan)|Action|A817450D
Tekkyu Fight! - The Great Battle Gaiden (Japan)|Action|B8DA8EB5
Terminator 2 - Judgment Day (USA, Europe)|Action|21848101
Tokyo Disneyland - Fantasy Tour (Japan) (SGB Enhanced)|Action|28B85584
Tokyo Disneyland - Mickey no Cinderella-jou Mystery Tour (Japan) (SGB Enhanced)|Action|77D69349
Totsugeki Valations (Japan)|Action|F2119A2D
Totsugeki! Ponkotsu Tank (Japan)|Action|9B5B7BFF
Toxic Crusaders (USA)|Action|EA59C6E3
Trax (USA, Europe)|Action|4A38BE7D
True Lies (USA, Europe)|Action|EDEC63E6
Tumble Pop (Japan)|Action|881AFD62
Tumble Pop (USA, Europe)|Action|8A3AAB31
Uchuu no Kishi Tekkaman Blade (Japan)|Action|22D8889E
Ultraman (Japan)|Action|5944C3ED
Ultraman Ball (Japan) (SGB Enhanced)|Action|468D1A2E
Ultraman Chou Toushi Gekiden (Japan) (SGB Enhanced)|Action|B904230D
Uoozu (Japan)|Action|F7E1C9C5
Urban Strike (USA, Europe) (SGB Enhanced)|Action|89625945
VS Battler (Japan)|Action|20AE389A
Virtual Wars (Japan)|Action|220BBCB6
Water World (Europe)|Action|4786FD6E
Yu Yu Hakusho (Japan)|Action|7103B4AC
Yu Yu Hakusho Dai-2-dan - Ankoku Bujutsukai Hen (Japan)|Action|6A6D7350
Yu Yu Hakusho Dai-3-dan - Makai no Tobira Hen (Japan)|Action|25C618F6
Yu Yu Hakusho Dai-4-dan - Makai Touitsu Hen (Japan) (SGB Enhanced)|Action|3E7C6B2B
Zettai Muteki Raijin-Oh (Japan)|Action|7D03727D
