Addams Family, The - Uncle Fester's Quest (USA) (Beta)|Adventure|F471827D
Akagawa Jirou no Yuurei Ressha (Japan)|Adventure|9D976153
Akira (Japan)|Adventure|8A7D0ABE
Akuma no Shoutaijou (Japan)|Adventure|1248326D
Ankoku Shinwa - Yamato Takeru Densetsu (Japan)|Adventure|644E312B
Bashi Bazook - Morphoid Masher (USA) (Proto)|Adventure|7C7A0A73
Battle of Olympus, The (Europe)|Adventure|A97567A4
Battle of Olympus, The (USA)|Adventure|6B53006A
Be-Bop-Highschool - Koukousei Gokuraku Densetsu (Japan)|Adventure|2BFB1186
Bio Senshi Dan - Increaser Tono Tatakai (Japan)|Adventure|EC40E71B
Business Wars (Japan)|Adventure|8D77E5E6
Castlevania II - Simon's Quest (Europe)|Adventure|D6F7383E
Castlevania II - Simon's Quest (USA)|Adventure|C471E42D
Cosmic Spacehead (Europe) (En,Fr,De,Es) (Unl)|Adventure|70F31D2C
Day Dreamin' Davey (USA)|Adventure|E145B441
Deadly Towers (USA)|Adventure|C2730C30
Deja Vu (Japan)|Adventure|F053AC5F
Deja Vu (Sweden)|Adventure|39D43261
Deja Vu (USA)|Adventure|43D01C10
Dizzy the Adventurer (USA) (Aladdin Compact Cartridge) (Unl)|Adventure|DB99D0CB
Dr. Chaos (USA)|Adventure|73620901
Erika to Satoru no Yume Bouken (Japan)|Adventure|EF7996BF
Famicom Doubutsu Seitai Zukan! - Katte ni Shirokuma - Mori o Sukue no Maki! (Japan)|Adventure|F8C1A690
Fantastic Adventures of Dizzy, The (USA) (Aladdin Compact Cartridge) (Unl)|Adventure|F732C8FD
Fantastic Adventures of Dizzy, The (USA) (Unl)|Adventure|38FBCC85
Fester's Quest (Europe)|Adventure|68CF9B78
Fester's Quest (USA)|Adventure|B6BF5137
Friday the 13th (USA)|Adventure|BEB15855
Gaiapolis (Asia) (Unl)|Adventure|A7EF8F80
Gargoyle's Quest II (Europe)|Adventure|86C495C6
Gargoyle's Quest II (USA)|Adventure|F0E9971B
Getsu Fuuma Den (Japan)|Adventure|49123146
Goonies 2 - Fratelli Saigo no Chousen (Japan)|Adventure|92F04530
Goonies II, The (Europe)|Adventure|8897A8F1
Goonies II, The (USA)|Adventure|999577B6
Goonies II, The - Fratelli Saigo no Chousen (Japan) (Beta)|Adventure|85BFFFEF
Gozonji - Yaji Kita Chin Douchuu (Japan)|Adventure|0DA00298
Hissatsu Shigoto Nin (Japan)|Adventure|5D105C10
Hokkaidou Rensa Satsujin - Okhotsk ni Kiyu (Japan)|Adventure|992AF039
Idol Hakkenden (Japan)|Adventure|8DA4E539
Immortal, The (USA)|Adventure|8889C564
Impossible Mission II (USA) (Unl)|Adventure|92A3D007
Jarinko Chie - Bakudan Musume no Shiawase Sagashi (Japan)|Adventure|39B68AA3
Jesus - Kyoufu no Bio Monster (Japan)|Adventure|0DC53188
Jurassic Park (Europe)|Adventure|6C1AB645
Jurassic Park (USA)|Adventure|3B7F5B3B
Kaguya Hime Densetsu (Japan)|Adventure|26CEC726
King's Quest V (USA)|Adventure|00837960
Kujaku Ou (Japan)|Adventure|71C9ED1E
Kujaku Ou II (Japan)|Adventure|A4DCDF28
Last Ninja, The (USA)|Adventure|E353969F
Legend of Prince Valiant, The (Europe)|Adventure|FD7E9A7E
Legend of Zelda, The (Europe)|Adventure|ED7F5555
Legend of Zelda, The (Europe) (Rev A)|Adventure|D44B412E
Legend of Zelda, The (USA)|Adventure|3FE272FB
Legend of Zelda, The (USA) (Rev A)|Adventure|EAF7ED72
Legend of Zelda, The (USA) (Rev A) (GameCube Edition)|Adventure|46E0D37D
Legend of Zelda, The (USA) (Rev B) (GameCube Edition)|Adventure|34540318
Linus Spacehead's Cosmic Crusade (USA) (En,Fr,De,Es) (Unl)|Adventure|9E379698
Lipple Island (Japan)|Adventure|A38857EB
Little Red Hood (Australia) (Unl)|Adventure|71C01B19
Little Red Hood - Xiao Hong Mao (Asia) (Unl)|Adventure|0C1FE23D
Lone Ranger, The (USA)|Adventure|23D17F5E
Maison Ikkoku (Japan)|Adventure|46F30F2D
Maniac Mansion (Europe)|Adventure|F59CFC3D
Maniac Mansion (France)|Adventure|F4B70BFE
Maniac Mansion (Germany)|Adventure|60EA98A0
Maniac Mansion (Italy)|Adventure|DC529482
Maniac Mansion (Japan)|Adventure|3DA2085E
Maniac Mansion (Spain)|Adventure|F5B2AFCA
Maniac Mansion (Sweden)|Adventure|3F2BDA65
Maniac Mansion (USA)|Adventure|0D9F5BD1
Maniac Mansion (USA) (Beta)|Adventure|DE0C29A9
Marusa no Onna (Japan)|Adventure|E2281986
Mashou (Japan)|Adventure|A21E675C
Masuzoe Youichi - Asa Made Famicom (Japan)|Adventure|98A97A59
Meiji Ishin (Japan)|Adventure|66DD04E1
Meitantei Holmes - Kiri no London Satsujin Jiken (Japan)|Adventure|1A7E97ED
Meitantei Holmes - M kara no Chousenjou (Japan)|Adventure|0A73A792
Metal Gear (Europe)|Adventure|84C4A12E
Metal Gear (Japan)|Adventure|805F81BC
Metal Gear (USA)|Adventure|817431EC
Metal Slader Glory (Japan)|Adventure|B4735FAC
Metroid (Europe)|Adventure|7751588D
Metroid (USA)|Adventure|70080810
Mindseeker (Japan)|Adventure|ACE56F39
Mississippi Satsujin Jiken (Japan)|Adventure|E46B1C5D
Mississippi Satsujin Jiken (Japan) (Rev A)|Adventure|3293AFEA
Nakayoshi to Issho (Japan)|Adventure|FFE8507E
Nightshade (USA)|Adventure|A60CA3D6
Nishimura Kyoutarou Mystery - Blue Train Satsujin Jiken (Japan)|Adventure|A851CAE9
Nishimura Kyoutarou Mystery - Super Express Satsujin Jiken (Japan)|Adventure|F56135C0
Oishinbo - Kyuukyoku no Menu Sanbon Shoubu (Japan)|Adventure|264F26B1
Olympus no Tatakai (Japan)|Adventure|03D56CF7
Osomatsu-kun (Japan)|Adventure|4E5257D7
Portopia Renzoku Satsujin Jiken (Japan)|Adventure|7C596E45
Princess Tomato in Salad Kingdom (USA) (Beta)|Adventure|11C9AC37
Princess Tomato in the Salad Kingdom (USA)|Adventure|56756615
Pro Yakyuu Satsujin Jiken! (Japan)|Adventure|C9484BB3
Red Arremer II (Japan)|Adventure|530BCCB4
Robin Hood - Prince of Thieves (Europe)|Adventure|B67D16F6
Robin Hood - Prince of Thieves (Germany)|Adventure|D49DCA84
Robin Hood - Prince of Thieves (Spain)|Adventure|FD21F54D
Robin Hood - Prince of Thieves (USA)|Adventure|86B0D1CF
Robin Hood - Prince of Thieves (USA) (Rev A)|Adventure|C3CCC493
Rocketeer, The (USA)|Adventure|1D6DECCC
Salad no Kuni no Tomato Hime (Japan)|Adventure|016C93D8
Sanma no Mei Tantei (Japan)|Adventure|F41ADD60
Satsui no Kaisou - Power Soft Satsujin Jiken (Japan)|Adventure|2858933B
Seirei Gari (Japan)|Adventure|D8F651E2
Sekiryuuou (Japan)|Adventure|396F0D59
Shadowgate (Europe)|Adventure|13E01649
Shadowgate (France)|Adventure|9F01687D
Shadowgate (Germany)|Adventure|B64078F3
Shadowgate (Japan)|Adventure|CF40B1C5
Shadowgate (Sweden)|Adventure|2B1497DC
Shadowgate (USA)|Adventure|6A1F628A
Shen Tan Ke Nan (China) (Unl)|Adventure|8C95A69F
Shoukoushi Ceddie (Japan)|Adventure|C30C9EC9
Shounen Ashibe - Nepal Daibouken no Maki (Japan)|Adventure|31C7AD13
Silver Eagle (Asia) (PAL) (Unl)|Adventure|9ACE456E
Snake's Revenge (Europe)|Adventure|E71D034E
Snake's Revenge (USA)|Adventure|48E904D0
Stanley - The Search for Dr. Livingston (USA)|Adventure|62E2E7FC
Star Trek - 25th Anniversary (Germany)|Adventure|CC553FC4
Star Trek - 25th Anniversary (USA)|Adventure|16EBA50A
StarTropics (Europe)|Adventure|998422FC
StarTropics (USA)|Adventure|889129CB
Superman (Japan)|Adventure|856E7600
Superman (Japan) (Beta)|Adventure|DE84354A
Superman (USA)|Adventure|1FA8C4A4
TM Network - Live in Power Bowl (Japan)|Adventure|69565F13
Takeshi no Chousenjou (Japan)|Adventure|DB196068
Tantei Jinguuji Saburou - Toki no Sugiyuku Mama ni (Japan)|Adventure|2061772A
Tantei Jinguuji Saburou - Yokohamakou Renzoku Satsujin Jiken (Japan)|Adventure|268E39D0
Tatakae!! Rahmen Man - Sakuretsu Choujin 102 Gei (Japan)|Adventure|C1719664
Toki no Tabibito (Japan)|Adventure|C5CFE54E
Touhou Kenbun Roku (Japan)|Adventure|97BC4585
Uninvited (USA)|Adventure|9BAC73EF
Who Framed Roger Rabbit (USA)|Adventure|12B2C361
Wizards & Warriors III - Kuros...Visions of Power (Europe)|Adventure|806DE21E
Wizards & Warriors III - Kuros...Visions of Power (USA)|Adventure|D2562072
Wonderland Dizzy (Unknown) (Proto) (1993-09-24) (Unl)|Adventure|4F74E236
Yamamura Misa Suspense - Kyouto Hana no Misshitsu Satsujin Jiken (Japan)|Adventure|1ED7D6BE
Yamamura Misa Suspense - Kyouto Ryuu no Tera Satsujin Jiken (Japan)|Adventure|342727B1
Yamamura Misa Suspense - Kyouto Zaiteku Satsujin Jiken (Japan)|Adventure|028374F2
Zelda no Densetsu 1 - The Hyrule Fantasy (Japan)|Adventure|7AE0BF3C
Zoda's Revenge - StarTropics II (USA)|Adventure|D054FFB0
