102 Dalmatas - Cachorros Al Rescate (Spain)|Platform|F2128908
102 Dalmatians - Puppies to the Rescue (USA, Europe)|Platform|56B83539
102 Dalmatiens a la Rescousse, Les (France)|Platform|E84191A8
102 Dalmatiner (Germany)|Platform|725A3483
Adventures of Elmo in Grouchland, The (Europe)|Platform|41228EE7
Adventures of Elmo in Grouchland, The (USA)|Platform|2C4C2A5F
Aladdin (Europe) (En,Fr,De,Es,It,Nl)|Platform|446573CD
Aladdin (USA)|Platform|A91EC059
Alfred's Adventure (Europe) (En,Fr,De,Es,It)|Platform|6F9EF15E
Alice in Wonderland (Europe) (En,Fr,De,Es)|Platform|85545D81
Alice in Wonderland (USA)|Platform|3199F65F
Asterix & Obelix (Europe) (En,Fr,De,Es)|Platform|6628CDEE
Asterix - Search for Dogmatix (Europe) (En,Fr,De,Es,It,Nl)|Platform|408DC5C6
Baby Felix - Halloween (Europe) (En,Fr,De,Es,It,Nl)|Platform|7DED5C71
Bionic Commando - Elite Forces (USA, Australia)|Platform|A663CF31
Blaster Master - Enemy Below (USA, Europe) (SGB Enhanced)|Platform|2F91E17C
Bug's Life, A (Europe) (SGB Enhanced)|Platform|DB93E0F6
Bug's Life, A (USA) (SGB Enhanced)|Platform|8360047A
Bugs Bunny & Lola Bunny - Operation Carrots (Europe) (En,Fr,De,Es,It,Nl)|Platform|F0CC407F
Bugs Bunny - Crazy Castle 3 (Japan)|Platform|AE839CAE
Bugs Bunny - Crazy Castle 3 (USA, Europe)|Platform|7A2801FB
Bugs Bunny et le Chateau des Catastrophes (France)|Platform|6DA8E6EB
Bugs Bunny in Crazy Castle 4 (Europe)|Platform|53155E60
Bugs Bunny in Crazy Castle 4 (Japan)|Platform|D6387EAA
Bugs Bunny in Crazy Castle 4 (USA)|Platform|98DBFFE0
Classic Bubble Bobble (Europe) (SGB Enhanced)|Platform|A0F66D87
Classic Bubble Bobble (USA) (SGB Enhanced)|Platform|C1B22246
Commander Keen (USA, Europe)|Platform|4AF4CC9C
Conker's Pocket Tales (USA, Europe) (En,Fr,De) (SGB Enhanced)|Platform|A50BE9A8
Croc (USA, Europe)|Platform|4664A167
Croc 2 (USA, Europe)|Platform|C1D60129
Daffy Duck - Fowl Play (USA, Europe)|Platform|45EBF09C
Daffy Duck - Subette Koron de Oogane Mochi (Japan)|Platform|5B4507D9
Daiku no Gen-san - Kachikachi no Tonkachi ga Kachi (Japan) (SGB Enhanced)|Platform|E2071293
Donald Duck - Daisy o Sukue! (Japan)|Platform|333C124C
Donald Duck - Goin' Quackers (USA) (En,Fr,De,Es,It)|Platform|4685909B
Donald Duck - Quack Attack (Europe) (En,Fr,De,Es,It)|Platform|07A13B5B
Donkey Kong 2001 (Japan)|Platform|CB065EBA
Donkey Kong Country (USA, Europe) (En,Fr,De,Es,It)|Platform|B1743477
Donkey Kong Country (USA, Europe) (En,Fr,De,Es,It) (Sample)|Platform|945C3653
Donkey Kong GB - Dinky Kong & Dixie Kong (Japan)|Platform|28D7E8D3
Dragon Tales - Dragon Adventures (USA)|Platform|DE390609
Duke Nukem (Europe) (En,Fr,De,Es,It)|Platform|FC3D1BB7
Duke Nukem (USA) (En,Fr,De,Es,It)|Platform|846FC830
Earthworm Jim - Menace 2 the Galaxy (USA, Europe)|Platform|2E65DAAF
Ganbare Goemon - Seikuushi Dynamites Arawaru!! (Japan)|Platform|2EA8D9D4
Geheimnis der Happy Hippo-Insel, Das (Germany)|Platform|25B480C3
Gex - Enter the Gecko (USA, Europe)|Platform|DCCC7514
Gex 3 - Deep Cover Gecko (Europe) (En,Fr,De,Es,It)|Platform|025F305D
Gex 3 - Deep Pocket Gecko (USA)|Platform|85A98C7D
Ghosts'n Goblins (USA, Europe)|Platform|AE024C23
Grinch (Japan)|Platform|432DC371
Grinch, The (Europe) (En,Fr,De)|Platform|9ED6059A
Grinch, The (USA)|Platform|C5A47896
Hugo - Black Diamond Fever (Europe) (En,Fr,De,Es,It,Nl,Pt,Sv,No,Da,Fi)|Platform|685CAFCC
Hugo 2 1-2 (Germany)|Platform|FAB64B18
Inspector Gadget - Operation Madkactus (Europe) (En,Fr,De,Es,It,Nl)|Platform|3390B056
Inspector Gadget - Operation Madkactus (USA)|Platform|1AF0B489
Jay und die Spielzeugdiebe (Germany)|Platform|73F4F6DA
Jungle Book, The - Mowgli's Wild Adventure (Europe) (En,Fr,De,Es,It)|Platform|B609ECEA
Jungle Book, The - Mowgli's Wild Adventure (USA) (En,Fr,De,Es,It)|Platform|9B6B755F
Kirikou (Europe) (En,Fr,De,Es,It,Pt)|Platform|783BC02D
Koenig der Loewen, Der - Simbas grosses Abenteuer (Germany)|Platform|EA11E39C
Land Before Time, The (Europe) (En,Fr,De,Es,It)|Platform|F253E082
Land Before Time, The (USA)|Platform|BCE9CB16
Lion King, The - Simba's Mighty Adventure (USA, Europe)|Platform|D5B4B7BB
Looney Tunes (Europe)|Platform|76CF3E3A
Looney Tunes (USA)|Platform|4EF3DDD7
Looney Tunes - Carrot Crazy (USA) (En,Fr,Es)|Platform|11FB5617
Lucky Luke (Europe) (En,Fr,De,Es)|Platform|412FB57C
Lucky Luke (USA) (En,Fr,De,Es)|Platform|A5E29F34
Lucky Luke - Desperado Train (Europe) (En,Fr,De,Es,It,Nl)|Platform|CE7F108A
M&M's Minis Madness (Europe)|Platform|60683BC4
M&M's Minis Madness (Germany)|Platform|A666F54D
M&M's Minis Madness (USA)|Platform|8649D7A0
M&M's Minis Madness (USA) (Sample)|Platform|83293B1B
Mary-Kate & Ashley - Get a Clue! (USA, Europe)|Platform|46FAA730
Mega Man Xtreme (USA, Europe)|Platform|3A4D94D5
Mega Man Xtreme 2 (USA, Europe)|Platform|8FEDB6D8
Merlin (Europe) (En,Fr,De,Es,It,Nl)|Platform|C5290CEE
MetaFight EX (Japan)|Platform|00733C77
Mr Nutz (Europe) (En,Fr,De,Es,It,Nl)|Platform|4E37C741
Mr Nutz (USA) (En,Fr,Es)|Platform|59F67529
New Adventures of Mary-Kate & Ashley, The (USA, Europe)|Platform|DCA4474E
New Batman Adventures, The - Chaos in Gotham (Europe) (En,Fr,De,Es,It,Nl)|Platform|E025067B
New Batman Adventures, The - Chaos in Gotham (USA)|Platform|B241A4F3
Noddy and the Birthday Party (Europe) (En,Fr,De,Es)|Platform|845B4E44
Oddworld Adventures II (Europe) (En,Fr,De,Es,It)|Platform|4B83B14F
Oddworld Adventures II (USA) (En,Fr,De,Es,It)|Platform|5C260D5A
Ottifanten - Kommando Stoertebeker (Germany)|Platform|3EAC3D1C
Papyrus (Europe) (En,Fr,De,Es,It,Nl)|Platform|DA3A3278
Pitfall - Beyond the Jungle (USA, Europe)|Platform|F911BB5D
Pitfall GB (Japan)|Platform|FA09CEBE
Portal Runner (USA)|Platform|913AC306
Powerpuff Girls, The - Bad Mojo Jojo (Europe)|Platform|75D1063A
Powerpuff Girls, The - Bad Mojo Jojo (USA)|Platform|834CAF7A
Powerpuff Girls, The - Bad Mojo Jojo (USA) (Rev A)|Platform|548A287A
Powerpuff Girls, The - Bad Mojo Jojo (USA) (Rev B)|Platform|A111704F
Powerpuff Girls, The - L'Affreux Mojo Jojo (France)|Platform|256D166F
Prince of Persia (USA, Europe) (En,Fr,De,Es,It)|Platform|E6BEC6D1
Rainbow Islands (Europe) (En,Fr,De,Es,It)|Platform|6DECC6B3
Rayman (Europe) (En,Fr,De,Es,It,Nl)|Platform|C430A89A
Rayman (USA) (En,Fr,De,Es,It,Nl)|Platform|EDA12F0D
Rayman - Mister Dark no Wana (Japan)|Platform|3FDE5BAC
Rayman 2 - The Great Escape (Europe) (En,Fr,De,Es,It)|Platform|250015D4
Rayman 2 - The Great Escape (USA) (En,Fr,De,Es,It)|Platform|6F5C315D
Razmoket a Paris, Les - Le Film (France)|Platform|094494E9
Razmoket, Les - Voyage dans le Temps (France)|Platform|2F8FEF3F
Rhino Rumble (USA, Europe)|Platform|73160E05
Rockman X - Cyber Mission (Japan)|Platform|919077AB
Rockman X2 - Soul Eraser (Japan)|Platform|17913DD0
Roi Lion, Le - Les Adventures de Simba (France)|Platform|6467FBA0
Rugrats - Time Travelers (USA, Europe)|Platform|9C743F03
Rugrats in Paris - The Movie (Europe) (En,Es)|Platform|35323432
Rugrats in Paris - The Movie (USA, Europe)|Platform|8B195237
Sabrina - The Animated Series - Spooked! (USA, Europe)|Platform|2CF48188
Sabrina - The Animated Series - Zapped! (Europe) (En,Fr,De)|Platform|818F3AF6
Sabrina - The Animated Series - Zapped! (USA, Europe)|Platform|5D39A9B0
Samurai Kid (Japan)|Platform|44A9DDFB
Santa Claus Junior (Europe)|Platform|A744DF64
Shantae (USA)|Platform|E994B59B
Shrek - Fairy Tale Freakdown (USA, Europe) (En,Fr,De,Es,It)|Platform|387E6459
Simpsons, The - Night of the Living Treehouse of Horror (USA, Europe)|Platform|EBAF4888
Smurfs Nightmare, The (Europe) (En,Fr,De,Es)|Platform|6F97B043
Smurfs Nightmare, The (USA)|Platform|B50CAFE4
Snow White and the Seven Dwarfs (Europe) (En,Fr,De,Es,It,Nl,Sv,No,Da)|Platform|C9C68471
Snow White and the Seven Dwarfs (USA)|Platform|8DD38534
Spacestation Silicon Valley (Europe) (En,Fr,De,Es,It,Nl,Sv)|Platform|63353C0F
Speedy Gonzales - Aztec Adventure (USA, Europe)|Platform|AE82AFA4
Spider-Man 2 - The Sinister Six (USA, Europe)|Platform|A7FAACCF
Spirou Robbedoes - The Robot Invasion (Europe) (En,Fr,De,Es,It,Nl,Da)|Platform|3E9BC90B
Super Mario Bros. Deluxe (Japan) (NP)|Platform|866B1212
Super Mario Bros. Deluxe (USA, Europe)|Platform|A4CD26FF
Super Mario Bros. Deluxe (USA, Europe) (Rev A)|Platform|90AB047B
Super Mario Bros. Deluxe (USA, Europe) (Rev B)|Platform|62BBAE83
Super Nenas, Las - El Malvado Mojo Jojo (Spain)|Platform|EFE652BF
Suske en Wiske - De Tijdtemmers ~ Bob et Bobette - Les Dompteurs du Temps (Europe) (Fr,Nl)|Platform|A4C6523D
Taito Memorial - Bubble Bobble (Japan) (SGB Enhanced)|Platform|388C6760
Tarzan (France)|Platform|C503AFBB
Tarzan (Germany)|Platform|39D04581
Tarzan (Japan)|Platform|F2005973
Tarzan (USA, Europe)|Platform|4224F930
Tazmanian Devil - Munching Madness (Europe) (En,Fr,De,Es,It)|Platform|683752A0
Tazmanian Devil - Munching Madness (USA) (En,Fr,De,Es,It)|Platform|3611D0D8
Tintin - Prisoners of the Sun (Europe) (En,Fr,De)|Platform|B2205D49
Tintin in Tibet (Europe) (En,Fr,De,Es,It,Nl,Sv)|Platform|6832F38A
Titi - Le Tour du Monde en 80 Chats (France)|Platform|CE55ED18
Titus the Fox to Marrakech and Back (Europe)|Platform|2F9F19DE
Titus the Fox to Marrakech and Back (USA)|Platform|BA70D28F
Tom & Jerry (USA, Europe)|Platform|B97C0BD9
Tomb Raider - Curse of the Sword (USA, Europe)|Platform|02C1035A
Tonic Trouble (Europe) (En,Fr,De,Es,It,Nl)|Platform|A8628F7A
Toonsylvania (Europe) (En,Fr,De,Es,It,Nl)|Platform|6573B88F
Toonsylvania (USA)|Platform|096D0C27
Toy Story 2 (USA, Europe) (SGB Enhanced)|Platform|47AECB95
Turok - Rage Wars (USA, Europe) (En,Fr,De,Es)|Platform|786B5AB4
Turok 2 - Seeds of Evil (Japan)|Platform|F095B446
Turok 2 - Seeds of Evil (USA, Europe) (En,Fr,De,Es)|Platform|6EDA6A3A
Tweety Sekaiisshuu - 80 Hiki no Neko o Sagase! (Japan)|Platform|147F427A
Tweety's High-Flying Adventure (Europe) (En,Es,It)|Platform|CA9E5385
Tweety's High-Flying Adventure (Europe) (En,Fr,De)|Platform|7361D6BC
Tweety's High-Flying Adventure (USA)|Platform|4E226396
Visiteurs, Les (France)|Platform|D843F898
Wario Land 2 (Japan) (SGB Enhanced)|Platform|B30FDBF5
Wario Land 3 (World) (En,Ja)|Platform|480D0259
Wario Land II (USA, Europe) (SGB Enhanced)|Platform|047BDF80
Woody Woodpecker (Europe) (En,Fr,De,Es,It)|Platform|2612F8C4
Woody Woodpecker (USA)|Platform|BD2D1F8B
X-Men - Wolverine's Rage (Europe)|Platform|83AD5B99
X-Men - Wolverine's Rage (USA)|Platform|12FC1A6E
Zoboomafoo - Playtime in Zobooland (USA)|Platform|38D91885
