Beatmania GB (Japan) (SGB Enhanced)|Music|0D9CB195
Beatmania GB - Gotcha Mix 2 (Japan)|Music|B92A6D16
Beatmania GB2 - Gotcha Mix (Japan) (SGB Enhanced)|Music|59BEB372
Dance Dance Revolution GB (Japan)|Music|C64FF2B6
Dance Dance Revolution GB - Disney Mix (Japan)|Music|B31A59BF
Dance Dance Revolution GB2 (Japan)|Music|565FEC36
Dance Dance Revolution GB3 (Japan)|Music|58F26F36
Ohasuta Dance Dance Revolution GB (Japan)|Music|E338C118
Pop'n Music GB (Japan)|Music|07E6CA95
Pop'n Music GB - Animation Melody (Japan)|Music|9B2429A7
Pop'n Music GB - Disney Tunes (Japan)|Music|48C3C6EF
Sylvanian Melodies - Mori no Nakama to Odori Masho! (Japan) (SGB Enhanced)|Music|6DD8AC91
