Animal Breeder (Japan) (SGB Enhanced)|Strategy|C2EEC22F
Animal Breeder 2 (Japan) (SGB Enhanced)|Strategy|8D573F37
Another Bible (Japan) (SGB Enhanced)|Strategy|4A486435
Bataille Navale (France) (En,Fr,De,Es)|Strategy|BAB8B727
Battle Space (Japan)|Strategy|A828FD4F
Battleship (USA, Europe)|Strategy|FEF62DA5
Bokujou Monogatari GB (Japan) (Rev AB) (SGB Enhanced)|Strategy|DA218E44
Bokujou Monogatari GB (Japan) (SGB Enhanced)|Strategy|D3E2FD02
Casino FunPak (USA, Europe)|Strategy|8641BA55
Castle Quest (Europe)|Strategy|2F8AAF6F
Dai-2-ji Super Robot Taisen G (Japan) (SGB Enhanced)|Strategy|DF8B2B20
Daisenryaku (Japan)|Strategy|C8F80D90
Fleet Commander VS. (Japan)|Strategy|71BF3256
Game Boy Wars (Japan)|Strategy|F5D364DB
Game Boy Wars Turbo (Japan) (SGB Enhanced)|Strategy|94563424
Game Boy Wars Turbo - Famitsu Version (Japan) (SGB Enhanced)|Strategy|86D04BFB
Game de Hakken!! Tamagotchi - Osutchi to Mesutchi (Japan) (SGB Enhanced)|Strategy|9694D69D
Game de Hakken!! Tamagotchi 2 (Japan) (SGB Enhanced)|Strategy|19889C43
Harvest Moon GB (USA) (SGB Enhanced)|Strategy|1EAE0E10
Itsudemo! Nyan to Wonderful (Japan) (SGB Enhanced)|Strategy|1C4D3665
Kaisen Game - Navy Blue (Japan)|Strategy|AFD8C47C
Kikou Keisatsu Metal Jack (Japan)|Strategy|F3CC5E62
Konchuu Hakase (Japan) (Rev A) (SGB Enhanced)|Strategy|05753790
Konchuu Hakase (Japan) (SGB Enhanced)|Strategy|F6B3E291
Little Master - Raikuban no Densetsu (Japan)|Strategy|31CD9670
Little Master 2 - Raikou no Kishi (Japan)|Strategy|187DE7F8
Maerchen Club (Japan)|Strategy|CDFD660A
Marmalade Boy (Japan) (SGB Enhanced)|Strategy|0F3FF7DA
Mini 4 Boy (Japan) (SGB Enhanced)|Strategy|0618E4B0
Mini 4 Boy II - Final Evolution (Japan) (SGB Enhanced)|Strategy|D6962241
Mini Yonku GB Let's & Go!! (Japan) (SGB Enhanced)|Strategy|FC0C180B
Mini Yonku GB Let's & Go!! - All-Star Battle Max (Japan) (SGB Enhanced)|Strategy|97EBD21D
Monster Maker - Barcode Saga (Japan)|Strategy|56BA6A71
Mr. Go no Baken Tekichuu Jutsu (Japan)|Strategy|EADAF1E7
Navy Blue 90 (Japan)|Strategy|8CFEB2E2
Navy Blue 98 (Japan)|Strategy|2CBE5381
Nectaris GB (Japan) (SGB Enhanced)|Strategy|20BFD7EF
Nobunaga no Yabou - Game Boy Ban (Japan)|Strategy|8803186A
Nobunaga's Ambition (USA)|Strategy|5A843008
Panel Action Bingo (USA)|Strategy|D000A116
Pocket Battle (Japan)|Strategy|17114316
Pocket Family (Japan) (SGB Enhanced)|Strategy|48993D4F
Populous (Europe)|Strategy|453057AC
Populous (Japan)|Strategy|F327167E
Power Mission (Japan)|Strategy|0E2A1414
Power Mission (Japan) (Rev A)|Strategy|E30EF8AB
Power Mission (USA)|Strategy|46CB2F33
Rentaiou (Japan)|Strategy|2350922B
SD Gundam - SD Sengokuden - Kunitori Monogatari (Japan)|Strategy|016A0552
SD Sengokuden 2 - Tenka Touitsu Hen (Japan)|Strategy|5B7C6FAA
SD Sengokuden 3 - Chijou Saikyou Hen (Japan)|Strategy|7C61426C
Sangokushi - Game Boy Ban (Japan)|Strategy|83706E92
Schiffe Versenken (Germany) (En,Fr,De,Es)|Strategy|1CB8BFC2
Sea Battle (Europe) (En,Fr,De,Es)|Strategy|BA091B91
Shuyaku Sentai Irem Fighter (Japan)|Strategy|ECD61F03
Super Robot Taisen (Japan)|Strategy|7DD9D7D6
Tokio Senki - Eiyuu Retsuden (Japan)|Strategy|9DB7DCC3
Uchuu Senkan Yamato (Japan)|Strategy|5BF747F8
Ultraman Club - Tekikaijuu o Hakken seyo! (Japan)|Strategy|91EDA860
Worms (Europe)|Strategy|2EBC40C2
Yu-Gi-Oh! Duel Monsters (Japan) (SGB Enhanced)|Strategy|8875EC54
