Battle of Olympus, The (Europe) (En,Fr,De,Es,It)|Adventure|CA450E93
Casper (Europe)|Adventure|E4B30634
Casper (USA)|Adventure|E67A10E1
Chibi Maruko-chan 2 - Deluxe Maruko World (Japan)|Adventure|ABFF3314
Gargoyle's Quest (USA, Europe)|Adventure|0030E61F
Jurassic Park (Europe) (En,Fr,De,Es,It)|Adventure|2C8AD255
Jurassic Park (USA)|Adventure|B350BEDF
Legend of Zelda, The - Link's Awakening (Canada)|Adventure|4407C759
Legend of Zelda, The - Link's Awakening (France)|Adventure|BF2AB18B
Legend of Zelda, The - Link's Awakening (Germany)|Adventure|760AB4E7
Legend of Zelda, The - Link's Awakening (USA, Europe)|Adventure|8CF27C90
Legend of Zelda, The - Link's Awakening (USA, Europe) (Rev A)|Adventure|7D1B6CD6
Legend of Zelda, The - Link's Awakening (USA, Europe) (Rev B)|Adventure|34D08E7B
Makai Mura Gaiden - The Demon Darkness (Japan)|Adventure|CFA358DE
Meitantei Conan - Chika Yuuenchi Satsujin Jiken (Japan) (SGB Enhanced)|Adventure|3945BC0D
Meitantei Conan - Giwaku no Gouka Ressha (Japan) (SGB Enhanced)|Adventure|1DC5C31A
Metroid II - Return of Samus (World)|Adventure|DEE05370
Mikeneko Holmes no Kishidou (Japan)|Adventure|73B80B16
Purikura Pocket - Fukanzen Joshikousei Manual (Japan) (SGB Enhanced)|Adventure|ACC589FC
Purikura Pocket 2 - Kareshi Kaizou Daisakusen (Japan) (SGB Enhanced)|Adventure|D145EA23
Purikura Pocket 3 - Talent Debut Daisakusen (Japan) (SGB Enhanced)|Adventure|CEB62411
Ranma 1-2 - Netsuretsu Kakutou Hen (Japan)|Adventure|D9D57151
Red Arremer - Makai Mura Gaiden (Japan)|Adventure|AE0122AA
Robin Hood - Prince of Thieves (Europe)|Adventure|55BBA483
Robin Hood - Prince of Thieves (France)|Adventure|EF1A493A
Robin Hood - Prince of Thieves (Germany)|Adventure|0B2071A3
Robin Hood - Prince of Thieves (Spain)|Adventure|7846DF7D
Robin Hood - Prince of Thieves (USA)|Adventure|E5C8C2B1
Rolan's Curse (USA)|Adventure|1A602590
Rolan's Curse II (USA)|Adventure|2754F360
Shinri Game, The (Japan)|Adventure|FB2FE362
Spider-Man 2 (USA, Europe)|Adventure|13DD233F
Star Trek - 25th Anniversary (USA, Europe)|Adventure|605DE43A
Thunderbirds (Japan)|Adventure|149E9393
Velious - Roland no Majuu (Japan)|Adventure|0817AA32
Velious II - Fukushuu no Jashin (Japan)|Adventure|B55EB427
Who Framed Roger Rabbit (Europe)|Adventure|DBEED84E
Who Framed Roger Rabbit (Spain)|Adventure|CD11C917
Who Framed Roger Rabbit (USA)|Adventure|B93138FA
Zelda no Densetsu - Yume o Miru Shima (Japan)|Adventure|39A6684E
Zelda no Densetsu - Yume o Miru Shima (Japan) (Rev A)|Adventure|EA20B82A
