Armana no Kiseki (Japan)|Action|BB32BBD7
Bakutoushi Patton-kun (Japan)|Action|0D2ACF3F
Clu Clu Land (Japan) (Disk Writer) [b]|Action|12BF0901
Dig Dug (Japan) (Disk Writer) [b]|Action|82B4A619
Dig Dug II (Japan) (Disk Writer) [b]|Action|819B7566
Dirty Pair - Project Eden (Japan)|Action|BB25EE05
Egger Land - Souzou e no Tabidachi (Japan) (Disk Writer) [b]|Action|ACD50FE2
Electrician (Japan)|Action|2CA83DFB
Fairy Pinball - Yousei Tachi no Pinball (Japan) (Alt 1) (Unl)|Action|8D561754
Fairy Pinball - Yousei Tachi no Pinball (Japan) (Unl)|Action|AC7ED005
Fuuun Shourin Ken (Japan)|Action|05288646
Fuuun Shourin Ken - Ankoku no Maou (Japan)|Action|03739416
Goonies (Japan) (Disk Writer) [b]|Action|7680ACFD
Kick Challenger - Air Foot - Yasai no Kuni no Ashi Senshi (Japan)|Action|78A12D0A
Kikikai-kai - Dotou Hen (Japan) (Rev 1) [b]|Action|FCE6C80B
Kinnikuman - Kinnikusei Oui Soudatsusen (Japan) [b]|Action|E1D66911
Knight Lore - Majou no Ookami Otoko (Japan)|Action|70E55476
Matou no Houkai - The Hero of Babel (Japan)|Action|B5096C18
Meikyuu Jiin Dababa (Japan)|Action|1526D32E
Moonball Magic (Japan) (Disk Writer) [b]|Action|CCFE663F
Nazo no Kabe - Block Kuzushi (Japan) [b]|Action|C8511D33
Nazo no Murasamejou (Japan)|Action|9A523757
Pac-Man (Japan) (Disk Writer) [b]|Action|E1C1C60D
Pinball (Japan) (Disk Writer) [b]|Action|A52F1CF7
Replicart (Japan)|Action|73541735
Tama & Friends - 3 Choume Daibouken (Japan) [b]|Action|91290BC3
Tobidase Daisakusen (Japan)|Action|25CBBE75
Ultraman - Kaijuu Teikoku no Gyakushuu (Japan) [b]|Action|ABCC81BF
Ultraman 2 - Shutsugeki Katoku Tai (Japan)|Action|F08F3854
Youkai Yashiki (Japan) [b]|Action|181719AD
Yuu Maze (Japan)|Action|6EB6AE74
