3 Choume no Tama - Tama and Friends - 3 Choume Obake Panic!! (Japan)|Miscellaneous|B61CD120
4 in 1 (Europe) (4B-001, Sachen-Commin) (Unl)|Miscellaneous|82F06E93
4 in 1 (Europe) (4B-002, Sachen) (Unl)|Miscellaneous|5E438DB8
4 in 1 (Europe) (4B-004, Sachen-Commin) (Unl)|Miscellaneous|C69A19F6
4 in 1 (Europe) (4B-005, Sachen-Commin) (Unl)|Miscellaneous|F4310EB3
4 in 1 (Europe) (4B-006, Sachen) (Unl)|Miscellaneous|95398DA5
4 in 1 (Europe) (4B-007, Sachen) (Unl)|Miscellaneous|62D9350E
4 in 1 (Europe) (4B-008, Sachen) (Unl)|Miscellaneous|740E9BC8
4 in 1 (Europe) (4B-009, Sachen) (Unl)|Miscellaneous|114E1F1E
4-in-1 Fun Pak (Japan)|Miscellaneous|86F45343
4-in-1 Fun Pak (USA, Europe)|Miscellaneous|0E0216E6
4-in-1 Fun Pak Volume II (USA, Europe)|Miscellaneous|018B4A02
America Oudan Ultra Quiz (Japan)|Miscellaneous|3BE275CD
America Oudan Ultra Quiz Part 2 (Japan)|Miscellaneous|1B3231C8
America Oudan Ultra Quiz Part 3 - Champion Taikai (Japan)|Miscellaneous|80CAC37C
America Oudan Ultra Quiz Part 4 (Japan)|Miscellaneous|A76043C8
Arcade Classic No. 1 - Asteroids & Missile Command (USA, Europe) (SGB Enhanced)|Miscellaneous|8259AC54
Arcade Classic No. 4 - Defender & Joust (USA, Europe) (SGB Enhanced)|Miscellaneous|1C829CE3
Bakenou V3 (Japan)|Miscellaneous|4E2FFFE5
Battle of Kingdom (Japan)|Miscellaneous|35914DEB
Bomber Man Collection (Japan) (SGB Enhanced)|Miscellaneous|509A6B73
Bugs Bunny Collection (Japan) (Rev A) (SGB Enhanced)|Miscellaneous|8244220B
Bugs Bunny Collection (Japan) (SGB Enhanced)|Miscellaneous|D2DBEA8F
Cadillac II (Japan)|Miscellaneous|A6C98122
Caesars Palace (Europe) (En,Fr,De,Es,It)|Miscellaneous|78BF3633
Caesars Palace (Japan)|Miscellaneous|000AAA74
Caesars Palace (USA)|Miscellaneous|D9F901A9
Caesars Palace (USA) (Rev A)|Miscellaneous|87A9D605
Capcom Quiz - Hatena no Daibouken (Japan)|Miscellaneous|8042AFC5
Card Game (Japan)|Miscellaneous|D05F4C90
Chessmaster, The (DMG-EM) (Europe)|Miscellaneous|02852E24
Chessmaster, The (DMG-EM) (Japan)|Miscellaneous|82150E4A
Chessmaster, The (DMG-N5) (USA)|Miscellaneous|0C1D2B68
Chessmaster, The (DMG-N5) (USA) (Rev A)|Miscellaneous|59ED370C
Chibi Maruko-chan - Maruko Deluxe Theater (Japan) (SGB Enhanced)|Miscellaneous|886049F9
Chibi Maruko-chan 4 - Kore ga Nihon Da yo! Ouji-sama (Japan)|Miscellaneous|E55138BE
Collection Pocket (Japan) (SGB Enhanced)|Miscellaneous|34E62C8B
Cool Hand (Europe)|Miscellaneous|0D430D1A
Cool Hand (Europe) (Fr,De)|Miscellaneous|A2F01695
Crayon Shin-chan - Ora to Shiro wa Otomodachi Da yo (Japan)|Miscellaneous|2699942C
Cult Jump (Japan)|Miscellaneous|943059BA
Cult Master - Ultraman ni Miserarete (Japan)|Miscellaneous|C3EB82EF
DX Bakenou Z (Japan)|Miscellaneous|3EF2E823
DX Bakenou Z (Japan) (Rev A)|Miscellaneous|FADFD0F6
Daikaijuu Monogatari - The Miracle of the Zone (Japan) (SGB Enhanced)|Miscellaneous|26D2D5C2
Doraemon no Study Boy 3 - Ku Ku Master (Japan)|Miscellaneous|0356A509
Doraemon no Study Boy 6 - Gakushuu Kanji Master 1006 (Japan)|Miscellaneous|5A16C88D
Double Yakuman (Japan)|Miscellaneous|252C32B5
Double Yakuman II (Japan)|Miscellaneous|A3D77A55
Double Yakuman Junior (Japan)|Miscellaneous|34AC7268
Dungeon Land (Japan)|Miscellaneous|11BE4B45
GB Pachi-Slot Hisshouhou! Jr (Japan)|Miscellaneous|A2E210E9
Game & Watch Gallery (Europe) (SGB Enhanced)|Miscellaneous|96ECC1E0
Game & Watch Gallery (USA) (Rev A) (SGB Enhanced)|Miscellaneous|9E6CDC96
Game & Watch Gallery (USA) (SGB Enhanced)|Miscellaneous|99B2FE79
Game Boy Camera (USA, Europe) (SGB Enhanced)|Miscellaneous|4640909F
Game Boy Camera Gold (USA) (SGB Enhanced)|Miscellaneous|A1A3F786
Game Boy Gallery (Japan) (SGB Enhanced)|Miscellaneous|A93E125B
Game Boy Gallery - 5 Games in One (Europe) (SGB Enhanced)|Miscellaneous|263FD152
Game Boy Gallery 2 (Australia) (SGB Enhanced)|Miscellaneous|6B09508F
Game Boy Gallery 2 (Japan) (SGB Enhanced)|Miscellaneous|9359A183
Genjin Collection (Japan) (SGB Enhanced)|Miscellaneous|B2EEDD36
Gluecksrad (Germany)|Miscellaneous|E8B26577
Go! Go! Hitchhike (Japan) (SGB Enhanced)|Miscellaneous|845735DE
Hayaoshi Quiz - Ouza Ketteisen (Japan) (SGB Enhanced)|Miscellaneous|60727BF9
High Stakes (USA)|Miscellaneous|6B17ABE5
Hon Shougi (Japan) (SGB Enhanced)|Miscellaneous|6C407EED
Hugo 2 (Germany)|Miscellaneous|67998FA4
Hunchback of Notre Dame, The - 5 Foolishly Fun Topsy Turvy Games (USA, Europe) (SGB Enhanced)|Miscellaneous|3A4636FF
InfoGenius Productivity Pak - Frommer's Travel Guide (USA)|Miscellaneous|40242E35
Ippatsu Gyakuten! DX Bakenou (Japan)|Miscellaneous|8F3E7F95
Ishida Yoshio Tsumego Paradise (Japan)|Miscellaneous|C97DAACA
Janshirou (Japan)|Miscellaneous|0530E1CC
Janshirou II - Sekai Saikyou no Janshi (Japan)|Miscellaneous|2812036B
Jantaku Boy (Japan)|Miscellaneous|04DAA03B
Jeopardy! (USA)|Miscellaneous|08725C79
Jeopardy! - Platinum Edition (USA) (SGB Enhanced)|Miscellaneous|5206FD09
Jeopardy! - Sports Edition (USA)|Miscellaneous|3B523216
Jeopardy! - Teen Tournament (USA) (SGB Enhanced)|Miscellaneous|CD3DF0C1
Jinsei Game (Japan) (SGB Enhanced)|Miscellaneous|09F53D55
Jinsei Game Densetsu (Japan)|Miscellaneous|590F4AFC
King James Bible (USA) (Unl)|Miscellaneous|23679231
Kingyo Chuuihou! - Wapiko no Wakuwaku Stamp Rally! (Japan)|Miscellaneous|E69A6F0A
Kingyo Chuuihou! 2 - Gyopi-chan o Sagase! (Japan)|Miscellaneous|F3CCADC3
Kiteretsu Daihyakka - Bouken Ooedo Juraki (Japan)|Miscellaneous|D53548B0
Kizuchi da Quiz da Gen-san da! (Japan)|Miscellaneous|74A52399
Konami GB Collection Vol.1 (Japan) (SGB Enhanced)|Miscellaneous|992CD78F
Konami GB Collection Vol.2 (Japan) (SGB Enhanced)|Miscellaneous|C3B318CD
Konami GB Collection Vol.3 (Japan) (SGB Enhanced)|Miscellaneous|1DE9CAF9
Konami GB Collection Vol.4 (Japan) (SGB Enhanced)|Miscellaneous|3A43EA33
Kuma no Puutarou - Takara Sagashi da Ooiri Game Battle! (Japan) (SGB Enhanced)|Miscellaneous|F01D0B87
Lingo (Europe) (En,Fr,De,Nl)|Miscellaneous|0EF4637D
Magnetic Soccer (Europe)|Miscellaneous|9C318C64
Mani 4 in 1 (China) (DMG-601 CHN)|Miscellaneous|0C38A775
Mani 4 in 1 (China) (DMG-602 CHN)|Miscellaneous|5BFC3EF5
Mani 4 in 1 (China) (DMG-603 CHN)|Miscellaneous|C373AC09
Mani 4 in 1 (China) (DMG-604 CHN)|Miscellaneous|CB48B6D0
Mani 4 in 1 (China) (DMG-605 CHN)|Miscellaneous|950773EE
Momotarou Collection (Japan) (SGB Enhanced)|Miscellaneous|AD376905
Momotarou Collection 2 (Japan) (SGB Enhanced)|Miscellaneous|562C8F7F
Momotarou Dentetsu jr. - Zenkoku Ramen Meguri no Maki (Japan) (SGB Enhanced)|Miscellaneous|218265B3
Monopoly (Europe) (En,Fr,De)|Miscellaneous|987B621E
Monopoly (Japan)|Miscellaneous|D8AC08B5
Monopoly (USA)|Miscellaneous|FD90F0D6
NIV Bible & the 20 Lost Levels of Joshua (USA) (Unl)|Miscellaneous|E7A26B31
Nada Asatarou & Kojima Takeo no Jissen Mahjong Kyoushitsu (Japan) (SGB Enhanced)|Miscellaneous|9D335162
Nada Asatarou no Powerful Mahjong - Tsugi no Itte 100 Dai (Japan)|Miscellaneous|B4DD8E6A
Namco Gallery Vol.1 (Japan) (SGB Enhanced)|Miscellaneous|1902C6BD
Namco Gallery Vol.2 (Japan) (SGB Enhanced)|Miscellaneous|A69B9260
Namco Gallery Vol.3 (Japan) (SGB Enhanced)|Miscellaneous|7740341E
Nanonote (Japan)|Miscellaneous|3E30B63D
New Chessmaster, The (Japan) (En,Ja)|Miscellaneous|5E1C3E8D
New Chessmaster, The (USA, Europe)|Miscellaneous|C7FFC203
Nichibutsu Mahjong - Yoshimoto Gekijou (Japan)|Miscellaneous|D983FF48
Nikkan Berutomo Club (Japan) (SGB Enhanced)|Miscellaneous|AD3F851D
Onigashima Pachinkoten (Japan)|Miscellaneous|F54EC8EB
Othello (Europe)|Miscellaneous|E6607E29
Othello (Japan)|Miscellaneous|C17A002E
Othello World (Japan) (SGB Enhanced)|Miscellaneous|64D13A6D
Oyatsu Quiz Mogu Mogu Q (Japan) (SGB Enhanced)|Miscellaneous|79E05789
Pachi-Slot Hisshou Guide GB (Japan) (SGB Enhanced)|Miscellaneous|6EE0F7B9
Pachi-Slot Kids (Japan)|Miscellaneous|8C21A77D
Pachi-Slot Kids 2 (Japan)|Miscellaneous|DEACE430
Pachi-Slot Kids 3 (Japan)|Miscellaneous|40FC1186
Pachi-Slot World Cup '94 (Japan)|Miscellaneous|92C9141F
Pachinko CR Daiku no Gen-san GB (Japan) (SGB Enhanced)|Miscellaneous|69A5E681
Pachinko Data Card - Chou Ataru-kun (Japan) (SGB Enhanced)|Miscellaneous|955B25BA
Pachinko Kaguya Hime (Japan)|Miscellaneous|B6D9D6C4
Pachinko Monogatari Gaiden (Japan) (SGB Enhanced)|Miscellaneous|52ADB7F9
Pachinko Saiyuuki (Japan)|Miscellaneous|E05843D3
Pachinko Time (Japan)|Miscellaneous|47658ADE
Pachio-kun (Japan)|Miscellaneous|9A3E2DC2
Pachio-kun - Game Gallery (Japan)|Miscellaneous|BE4718E8
Pachio-kun - Puzzle Castle (Japan)|Miscellaneous|3690C99C
Pachio-kun 2 (Japan)|Miscellaneous|3E8D0AE9
Pachio-kun 3 (Japan)|Miscellaneous|C6DD7D92
Pinball Deluxe (Europe)|Miscellaneous|02864C32
Pocket Camera (Japan) (Rev A) (SGB Enhanced)|Miscellaneous|73E8EF96
Pocket Kanjirou (Japan) (SGB Enhanced)|Miscellaneous|E18AEDAF
Pocket Kyoro-chan (Japan) (SGB Enhanced)|Miscellaneous|C034ECE1
Pocket Mahjong (Japan)|Miscellaneous|90F026D4
Pocket Shougi (Japan) (SGB Enhanced)|Miscellaneous|2FA1BDE6
Pocket Sonar (Japan)|Miscellaneous|D68C9F79
Pro Mahjong Kiwame GB (Japan) (SGB Enhanced)|Miscellaneous|6F5B6748
Quiz Nihon Mukashibanashi - Athena no Hatena (Japan)|Miscellaneous|471C237B
Quiz Sekai wa Show by Shoubai!! (Japan)|Miscellaneous|D8C33DCD
Race Days (Europe)|Miscellaneous|442420B3
Race Days (USA)|Miscellaneous|B9AB5319
Radar Mission (Japan)|Miscellaneous|892FC0AF
Radar Mission (USA, Europe)|Miscellaneous|581DA9C9
Renju Club (Japan) (SGB Enhanced)|Miscellaneous|52F5E960
Sanrio Uranai Party (Japan)|Miscellaneous|0D4C02A7
Sanrio Uranai Party (Japan) (Rev A)|Miscellaneous|D0687D9F
Scotland Yard (Japan)|Miscellaneous|4A0F5972
Shinri Game 2, The - Oosaka Hen (Japan)|Miscellaneous|47095204
Shinseiki GPX Cyber Formula (Japan)|Miscellaneous|72B42EA7
Shougi (Japan)|Miscellaneous|4FB44CB4
Shougi Saikyou (Japan) (Rev A) (SGB Enhanced)|Miscellaneous|A074BF7E
Shougi Saikyou (Japan) (SGB Enhanced)|Miscellaneous|2F0F7C6E
Solitaire FunPak (USA, Europe)|Miscellaneous|35A5234A
Sports Collection (Japan)|Miscellaneous|24DD09E0
Square Deal - The Game of Two-Dimensional Poker (USA)|Miscellaneous|8B882745
Super Breakout (USA)|Miscellaneous|1DC0F813
Super Momotarou Dentetsu (Japan)|Miscellaneous|4CA6D91A
Super Momotarou Dentetsu II (Japan)|Miscellaneous|E8B4891F
Super Pachinko Taisen (Japan) (SGB Enhanced)|Miscellaneous|CDE0FF00
Super Scrabble (USA)|Miscellaneous|3874B7A2
TV Champion (Japan) (SGB Enhanced)|Miscellaneous|18F64779
Taikyoku Renju (Japan) (En,Ja)|Miscellaneous|62A31DE6
Taito Variety Pack (Japan)|Miscellaneous|6DBAA5E8
Tokoro's Mahjong Jr. (Japan) (SGB Enhanced)|Miscellaneous|56AFCA4C
Tottemo! Lucky Man - Lucky Cookie Minna Daisuki!! (Japan) (SGB Enhanced)|Miscellaneous|8F9E28AD
Trump Boy (Japan)|Miscellaneous|FD16AC45
Trump Boy II (Japan)|Miscellaneous|39157849
Trump Collection GB (Japan)|Miscellaneous|8341BE0F
Tsumeshougi - Hyakuban Shoubu (Japan)|Miscellaneous|43E2A5C0
Tsumeshougi - Kanki Godan (Japan) (Beta) (SGB Enhanced)|Miscellaneous|9995EE1A
Tsumeshougi - Kanki Godan (Japan) (SGB Enhanced)|Miscellaneous|D5434C94
Tsumeshougi - Mondai Teikyou Shougi Sekai (Japan)|Miscellaneous|6403AF06
Undercover Cops Gaiden - Hakaishin Garumaa (Japan)|Miscellaneous|B7AF37F5
Uno - Small World (Japan)|Miscellaneous|A37C022D
Uno 2 - Small World (Japan) (SGB Enhanced)|Miscellaneous|A7AD65EF
Vegas Stakes (USA, Europe) (SGB Enhanced)|Miscellaneous|C8BE05D8
Welcome Nakayoshi Park (Japan)|Miscellaneous|F6E2BAAE
Wheel of Fortune (USA)|Miscellaneous|8408FE48
Yakuman (Japan)|Miscellaneous|3134EA60
Yakuman (Japan) (Rev A)|Miscellaneous|90CB60C1
