Bomber Man (Japan) (Disk Writer) [b]|Puzzle|8E440AD2
Egger Land (Japan)|Puzzle|34688660
Famimaga Disk Vol. 3 - All 1 (Japan) (Disk Writer) [b]|Puzzle|6FFE266A
Famimaga Disk Vol. 4 - Clox (Japan) (Disk Writer) [b]|Puzzle|5C497943
Jikai Shounen Met Mag (Japan)|Puzzle|7851DD72
Knight Move (Japan)|Puzzle|AEEF4A97
Monitor Puzzle Kinetic Connection, The - Kineco (Japan)|Puzzle|36094115
Monitor Puzzle Kinetic Connection, The - Kineco II (Japan) (Disk Writer) [b]|Puzzle|C4F0A9C2
Namida no Soukoban Special (Japan)|Puzzle|0C5B12D6
Puzzle Boys (Japan) (Disk Writer) [b]|Puzzle|B9F22094
Radical Bomber!! Jirai-kun (Japan) [b]|Puzzle|E9B2EDC9
Solomon no Kagi (Japan) (Disk Writer) [b]|Puzzle|091FD6D1
Super Lode Runner II (Japan) (Disk Writer) [b]|Puzzle|758888F4
