2 Games in 1 - Bionicle + Knights' Kingdom (Europe) (En,Fr,De,Da+En,De)|Action|D720BDCA
2 Games in 1 - Disney Princesas + Lizzie McGuire (Spain)|Action|57F886B0
2 Games in 1 - Disney Princess + Lizzie McGuire (Europe)|Action|99C96067
2 Games in 1 - SpongeBob SquarePants - Battle for Bikini Bottom + The Fairly OddParents! - Breakin' da Rules (USA)|Action|82C21322
2 Great Games! - Pac-Man World + Ms. Pac-Man - Maze Madness (USA)|Action|851127D4
3 Games in 1 - Rugrats - I Gotta Go Party + SpongeBob SquarePants - SuperSponge + Tak and the Power of Juju (Europe) (En+En+En,Fr,De)|Action|6721794B
Ace Lightning (Europe)|Action|E94AAFC9
Adventures of Jimmy Neutron Boy Genius vs. Jimmy Negatron, The (Germany)|Action|3690C0FD
Adventures of Jimmy Neutron Boy Genius vs. Jimmy Negatron, The (USA, Europe)|Action|D2CED674
Adventures of Jimmy Neutron Boy Genius, The - Jet Fusion (USA, Europe)|Action|67756000
Agent Hugo - Roborumble (Europe) (En,Fr,De,Es,It,Nl,Pt,Sv,No,Da,Fi)|Action|83BC2D2C
Alex Rider - Stormbreaker (Europe) (En,Fr,De,Es)|Action|25E8E2CD
Alex Rider - Stormbreaker (USA)|Action|CCA55DFD
Alienators - Evolution Continues (USA, Europe)|Action|0D694CA4
Altered Beast - Guardian of the Realms (Europe) (En,Fr,De,Es,It)|Action|654F7916
Altered Beast - Guardian of the Realms (USA)|Action|C4955F69
Amazing Virtual Sea-Monkeys, The (USA)|Action|3484F139
American Dragon - Jake Long - Rise of the Huntsclan (USA, Europe) (En,Fr,De,Es,It)|Action|698377D2
Animal Yokochou - Doki Doki Kyuushutsu Daisakusen! no Maki (Japan)|Action|D53C9438
Animal Yokochou - Doki Doki Shinkyuu Shiken! no Maki (Japan)|Action|41B39214
Ao-Zora to Nakama-tachi - Yume no Bouken (Japan)|Action|AD9AF125
Army Men - Operation Green (USA) (En,Fr,De,Es,It)|Action|6D174E28
Asterix & Obelix XXL (Europe) (En,Fr,De,Es,It,Nl)|Action|A9B1ECE5
Astro Boy - Omega Factor (Europe) (En,Ja,Fr,De,Es,It)|Action|1E2E8937
Astro Boy - Omega Factor (USA) (En,Ja,Fr,De,Es,It)|Action|E8619031
Astro Boy - Tetsuwan Atom - Atom Heart no Himitsu (Japan)|Action|E2D94B0D
Aventures de Jackie Chan, Les - La Legende de la Main Noire (France)|Action|D5FB19A0
B-Densetsu! Battle B-Daman - Fire Spirits! (Japan)|Action|EE41C0EB
B-Densetsu! Battle B-Daman - Moero! B-Damashii!! (Japan)|Action|D6E4064F
Babar to the Rescue (Europe) (En,Fr,De,Da)|Action|AB7D6C17
Babar to the Rescue (USA) (En,Fr,Es)|Action|D4073E33
Bakuten Shoot Beyblade - Gekitou! Saikyou Blader (Japan)|Action|7F2E0320
Bakuten Shoot Beyblade 2002 - Gekisen! Team Battle!! Kouryuu no Shou - Daichi Hen (Japan)|Action|F01EE06C
Bakuten Shoot Beyblade 2002 - Gekisen! Team Battle!! Seiryuu no Shou - Takao Hen (Japan)|Action|8778B36A
Bakuten Shoot Beyblade 2002 - Ikuze! Bakutou! Chou Jiryoku Battle!! (Japan)|Action|1D1BB02B
Barbie and the Magic of Pegasus (Europe) (En,Fr,De,Es,It,Nl)|Action|5661E71A
Barbie and the Magic of Pegasus (USA)|Action|29D23835
Barbie in the 12 Dancing Princesses (Europe) (En,Fr,De,Es,It)|Action|7CA7AA12
Barbie in the 12 Dancing Princesses (USA)|Action|9C0ABDDB
Barnyard (Europe) (En,Fr,De,Es,It,Nl)|Action|F2B06467
Barnyard (USA)|Action|FF7987DA
Batman - Rise of Sin Tzu (USA) (En,Fr,Es)|Action|EF3790D1
Battle B-Daman (USA)|Action|6DCE8A26
Battle B-Daman - Fire Spirits! (USA)|Action|5789F441
BattleBots - Beyond the BattleBox (Europe) (En,Fr,De)|Action|60BFCC8E
BattleBots - Beyond the BattleBox (USA)|Action|985B3704
BattleBots - Design & Destroy (USA)|Action|8D5FFBCA
Battletoads (Unknown) (Proto)|Action|31480D89
Beast Shooter - Mezase Beast King! (Japan)|Action|A13760BC
Beyblade G-Revolution (Europe) (En,De,Es,It)|Action|5111DF55
Beyblade G-Revolution (USA)|Action|33AFDBE8
Beyblade V-Force - Ultimate Blader Jam (Europe) (En,Fr,De,Es,It)|Action|02CF5E5C
Beyblade V-Force - Ultimate Blader Jam (USA)|Action|4A49272B
Bionicle (Europe) (En,Fr,De,Da)|Action|5412A24D
Bionicle (USA)|Action|C38F3530
Bionicle - Maze of Shadows (Europe) (En,De)|Action|BCE2D68E
Bionicle - Maze of Shadows (Europe) (En,De) (Rev 1)|Action|9D66EC5E
Bionicle - Maze of Shadows (USA)|Action|3FE09C34
Black Black - Bura Bura (Japan)|Action|05A4303E
Boboboubo Boubobo - Bakutou Hajike Taisen (Japan)|Action|166FEECB
Boboboubo Boubobo - Maji de!! Shinken Battle (Japan)|Action|37938CA4
Boboboubo Boubobo - Ougi 87.5 Bakuretsu Hanage Shinken (Japan)|Action|58105F89
Bomber Man Jetters - Game Collection (Japan)|Action|B9DEA90D
Bruce Lee - Return of the Legend (Europe) (En,Fr,De,Es,It)|Action|B5FF39DC
Bruce Lee - Return of the Legend (USA)|Action|B2A45A4C
Buffy - Im Bann der Daemonen - Koenig Darkhuls Zorn (Germany)|Action|4D2A1D88
Buffy contre les Vampires - La Colere de Darkhul (France)|Action|339C7586
Buffy the Vampire Slayer - Wrath of the Darkhul King (USA, Europe)|Action|F5C85BEB
Butt-Ugly Martians - B.K.M. Battles (Europe) (En,Fr,De,Es,It)|Action|7CFF011A
Butt-Ugly Martians - B.K.M. Battles (USA)|Action|74BE9148
CT Special Forces - Bioterror (Europe) (En,Fr,De,Es,It,Nl)|Action|7DC40EDA
Camp Lazlo - Leaky Lake Games (Europe)|Action|37DE9A3D
Camp Lazlo - Leaky Lake Games (USA)|Action|40C2894E
Charlotte's Web (Europe) (En,Fr,De,Es,It)|Action|8658BB4F
Charlotte's Web (USA) (En,Fr,De,Es,It)|Action|BA511FB2
Chobits for Game Boy Advance - Atashi Dake no Hito (Japan)|Action|DDC4B118
Cinnamon Game Series 2 - Yume no Daibouken (Japan)|Action|5A2CADA1
Classic NES Series - Pac-Man (USA, Europe)|Action|231F80D6
Comix Zone (Europe) (En,Fr,De,Es,It)|Action|9F30002F
Crash of the Titans (Europe) (En,Fr,De,Es,It,Nl)|Action|D1D07FA6
Crash of the Titans (USA) (En,Fr)|Action|6F28B009
Crayon Shin-chan - Densetsu o Yobu Omake no Miyako Shockgaan! (Japan)|Action|45C84466
Croket! - Yume no Banker Survival! (Japan)|Action|A2AAD079
Croket! 3 - Granu Oukoku no Nazo (Japan)|Action|AEC6D07B
Croket! 4 - Bank no Mori no Mamorigami (Japan)|Action|C86BF751
Crouching Tiger, Hidden Dragon (Europe) (En,Fr,De,Es,It)|Action|B9A75AC4
Crouching Tiger, Hidden Dragon (USA) (Beta)|Action|204FF8D5
Crouching Tiger, Hidden Dragon (USA) (En,Fr,Es)|Action|579BA507
Cubix - Robots for Everyone - Clash 'N Bash (USA)|Action|4171C811
Dan Doh!! Tobase Shouri no Smile Shot (Japan)|Action|0F4B50AE
Dancing Sword - Senkou (Japan)|Action|E2316D47
Demon Driver - Time to Burn Rubber! (Europe)|Action|1CC36766
Demon Driver - Time to Burn Rubber! (USA)|Action|9374AF5E
DigiCommunication Nyo - Datou! Black Gemagema Dan (Japan)|Action|1372E829
Digimon - Battle Spirit (Europe) (En,Fr,De,Es,It)|Action|EA5FC3DA
Digimon - Battle Spirit (USA)|Action|CEEF2008
Disney's Game + TV Episode - Lizzie McGuire 2 - Lizzie Diaries (USA) (En,Fr)|Action|2706B300
Dora the Explorer - Super Spies (USA)|Action|650FDFDB
Doraemon - Midori no Wakusei Dokidoki Daikyuushutsu! (Japan)|Action|95565762
Double Dragon Advance (Japan)|Action|A3330E8F
Double Dragon Advance (USA)|Action|764FAFB5
Doubutsu-jima no Chobigurumi 2 - Tama-chan Monogatari (Japan)|Action|16347E33
Downtown - Nekketsu Monogatari EX (Japan)|Action|32E9A0BD
Dragon Ball - Advance Adventure (Japan)|Action|8A06337A
Dragon Ball - Advance Adventure (Korea)|Action|4E2CC84D
Dragon Ball - Advanced Adventure (Europe) (En,Fr,De,Es,It)|Action|6C135820
Dragon Ball - Advanced Adventure (USA)|Action|7D7306DF
Dragon Ball GT - Transformation (USA)|Action|AD964A91
Dragon Tales - Dragon Adventures (USA)|Action|8AF23450
Drake & Josh (USA) (En,Fr)|Action|63A4422E
Dynasty Warriors Advance (Europe) (En,Fr,De,Es,It)|Action|74CDB37A
Dynasty Warriors Advance (USA, Australia)|Action|AD5A2A4E
E.T. - The Extra-Terrestrial (Europe) (En,Fr,De,Es,It,Nl)|Action|10ECE4CB
E.T. - The Extra-Terrestrial (USA)|Action|8B082CCE
Elf - The Movie (Europe) (En,Fr,De,Es,It)|Action|1E107999
Elf - The Movie (USA) (En,Fr,De,Es,It)|Action|9A1F8165
Erementar Gerad - Tozasareshi Uta (Japan)|Action|8C1AFCA4
Expedition der Stachelbeeren - Zoff im Zoo (Germany)|Action|9D60610D
Extreme Ghostbusters - Code Ecto-1 (Europe) (En,Fr,De,Es,It,Pt)|Action|88CC876C
Extreme Ghostbusters - Code Ecto-1 (USA)|Action|E434FA06
Fairly OddParents!, The - Breakin' da Rules (USA)|Action|9BF9CA2F
Famicom Mini 06 - Pac-Man (Japan) (En)|Action|3FEC1606
Famicom Mini 12 - Clu Clu Land (Japan)|Action|C4C03AA8
Famicom Mini 13 - Balloon Fight (Japan)|Action|45D299D7
Famicom Mini 16 - Dig Dug (Japan)|Action|57513B63
Famicom Mini 20 - Ganbare Goemon! - Karakuri Douchuu (Japan)|Action|10B48DBA
Famicom Mini 22 - Nazo no Murasame Jou (Japan)|Action|8233349C
Famille Delajungle, La - A la Poursuite de Darwin (France)|Action|F344D661
Fantastic 4 (Europe)|Action|B30AE33D
Fantastic 4 (Europe) (Fr,De,Es,Nl)|Action|88643DE0
Fantastic 4 (USA)|Action|FF2C6EA9
Fantastic 4 - Flame On (Europe) (En,Fr,Es,It)|Action|671957AF
Fantastic 4 - Flame On (USA)|Action|DDDE4295
Fantastic Children (Japan)|Action|FEFE25BE
Fantastici 4, I (Italy)|Action|5D4645E1
FightBox (Europe)|Action|928B4E05
Final Fight One (Europe)|Action|9DD5E6FA
Final Fight One (Japan)|Action|C9E5E223
Final Fight One (USA)|Action|052C9997
Finding Nemo - Aratanaru Bouken (Japan)|Action|4C77EDA6
Finding Nemo - The Continuing Adventures (Europe) (En,Es,It,Sv,Da)|Action|45BC9C37
Finding Nemo - The Continuing Adventures (Europe) (Fr,De,Nl)|Action|1E8CEFE9
Finding Nemo - The Continuing Adventures (USA, Europe)|Action|4F9ACA4F
Franklin's Great Adventures (Europe) (En,Fr,De,Es,It,Nl,Pt,Da)|Action|22E65767
Franklin's Great Adventures (USA) (En,Fr,Es)|Action|7FBF8E98
Frogger's Adventures - Temple of the Frog (Europe) (En,Fr,De,Es,It)|Action|9F8D58AA
Frogger's Adventures - Temple of the Frog (USA) (En,Fr,De,Es,It)|Action|2EB9EEE6
Gachasute! Dino Device - Blue (Japan)|Action|EB9F6F11
Gachasute! Dino Device - Red (Japan)|Action|DDA5EC5E
Gachasute! Dino Device 2 - Dragon (Japan)|Action|A63DFD2C
Gachasute! Dino Device 2 - Phoenix (Japan)|Action|67E21BFE
Gauntlet - Dark Legacy (USA)|Action|E99DE964
Gekido Advance - Kintaro's Revenge (Europe) (En,Fr,De,Es,It)|Action|2FB5B819
Gekido Advance - Kintaro's Revenge (USA)|Action|6BBC5F4D
Genseishin Justirisers - Souchaku! Hoshi no Senshi-tachi (Japan)|Action|580A00A5
Get Ride! Amdriver - Senkou no Hero Tanjou! (Japan)|Action|9CF6887C
GetBackers Dakkanya - Jigoku no Scaramouche (Japan)|Action|C0A0A979
Ghost Rider (USA, Europe) (En,Fr,De,Es,It,Nl)|Action|CF190F2E
Godzilla - Domination! (Europe) (En,Fr,De,Es,It)|Action|7C43545E
Godzilla - Domination! (USA)|Action|EADE083F
Goemon - New Age Shutsudou! (Japan)|Action|86D6C574
Gojira - Kaijuu Dairantou Advance (Japan)|Action|3157A4FC
Grim Adventures of Billy & Mandy, The (USA)|Action|155587BC
Hachiemon (Japan)|Action|47C45B41
Hamtaro - Ham-Ham Heartbreak (Europe) (En,Fr,De,Es,It)|Action|ECBD80EA
Hamtaro - Ham-Ham Heartbreak (USA)|Action|CD48B673
Hardcore Pinball (USA, Europe)|Action|5466C757
Hime Kishi Monogatari - Princess Blue (Japan)|Action|46810F68
Hot Potato! (Europe)|Action|99175C62
Hot Potato! (Europe) (En,Fr,De)|Action|2EB72B95
Hot Potato! (USA)|Action|5ACB7A95
Jackie Chan Adventures - Legend of the Darkhand (USA, Europe)|Action|13247954
Jajamaru Jr. Denshouki - Jalecolle mo Arisourou (Japan)|Action|8CE6BCE8
Jimmy Neutron vs. Jimmy Negatron (Germany) (Beta)|Action|220CCF25
Jurassic Park Institute Tour - Dinosaur Rescue (Japan)|Action|7C75555E
Kaiketsu Zorori to Mahou no Yuuenchi - Ohimesama o Sukue! (Japan)|Action|259CDD6F
Kawaii Pet Game Gallery (Japan)|Action|BC5ABD75
Kawaii Pet Game Gallery 2 (Japan)|Action|C8C8C4C1
Kaze no Klonoa G2 - Dream Champ Tournament (Japan)|Action|8D98DC2C
Klonoa 2 - Dream Champ Tournament (USA)|Action|8BD23A7F
Koala Brothers - Outback Adventures (Europe) (En,Fr,De,Es,It,Nl,Pt,Da)|Action|ABD866EA
Koala Brothers - Outback Adventures (USA) (En,Fr,De,Es,It,Nl,Pt,Da)|Action|6EC76BCE
Konchuu Monster Battle Master (Japan)|Action|3AA0CE79
Konchuu Monster Battle Stadium (Japan)|Action|5ADB68EF
Konchuu no Mori no Daibouken - Fushigi na Sekai no Juunin-tachi (Japan)|Action|88C56D65
Kong - King of Atlantis (Europe)|Action|9C12CD31
Kong - King of Atlantis (USA)|Action|5E8B2644
Konjiki no Gashbell!! Yuujou no Zakeru - Dream Tag Tournament (Japan)|Action|FB5516AD
Kouchu Ouja Mushiking (Japan)|Action|7AC9FFBF
Kurohige no Kurutto Jintori (Japan)|Action|99C917E9
LEGO Island - Xtreme Stunts (USA, Europe) (En,Fr,De,Es,It,Nl,Sv,Da)|Action|3BEB5446
LEGO Island 2 - The Brickster's Revenge (Europe) (En,Fr,De,Es,It,Nl,Sv,Da)|Action|C7B5D987
LEGO Island 2 - The Brickster's Revenge (USA) (En,Fr)|Action|3F513CBF
Legendz - Buhwarhaneun Siryeonyi Seom (Korea)|Action|8DF9759D
Legendz - Sign of Nekuromu (Japan)|Action|98432A11
Legendz - Yomigaeru Shiren no Shima (Japan)|Action|33950228
Lion King 1 1-2, The (USA)|Action|EA5ED4C0
Lion King, The (Europe) (En,Fr,De,Es,It,Nl,Sv,Da)|Action|63592451
Little Mermaid, The - Magic in Two Kingdoms (USA, Europe) (En,Fr,De,Es,It)|Action|02E35663
Little Patissier - Cake no Oshiro (Japan)|Action|8FEA41C4
Lizzie McGuire (Europe) (En,Fr,De,Es)|Action|7E9283F2
Lizzie McGuire - On the Go! (USA)|Action|70DED768
Lord of the Rings, The - Futatsu no Tou (Japan)|Action|DC8D4667
Lord of the Rings, The - Ou no Kikan (Japan)|Action|465F2753
Lord of the Rings, The - The Return of the King (USA, Europe) (En,Fr,De,Es,It)|Action|7590EBFA
Lord of the Rings, The - The Two Towers (USA, Europe) (En,Fr,De,Es,It,Nl)|Action|A1E3BF33
Lucky Luke - Wanted! (Europe) (En,Fr,De,Es,It,Nl)|Action|F12F29A9
MAER Heaven - Knockin' on Heaven's Door (Japan)|Action|EF6807CA
Magical Houshin (Japan)|Action|70123550
Mahou Sensei Negima! - Private Lesson - Damedesuu Toshokan-jima (Japan)|Action|79D04DAD
March of the Penguins (Europe) (En,Fr,De,Es,It)|Action|F680B0F3
March of the Penguins (USA)|Action|5195429F
Mario Pinball Land (USA, Australia)|Action|70A6D2C1
Metalgun Slinger (Japan)|Action|8DFB7A2F
Minna no Soft Series - Hyokkori Hyoutan-jima - Don Gabacho Daikatsuyaku no Maki (Japan)|Action|481D1D5F
Mirakuru! Panzou - 7-tsu no Hoshi no Uchuu Kaizoku (Japan)|Action|3A87F78B
Momotarou Dentetsu G - Gold Deck o Tsukure! (Japan)|Action|5F3E184E
Monster AG, Die (Germany)|Action|A23CB45F
Monsters, Inc. (Europe) (En,Es,Nl)|Action|D13177E0
Monsters, Inc. (Europe) (En,Fr,It)|Action|D2C53AB8
Monsters, Inc. (Japan)|Action|0DFFF34F
Monsters, Inc. (USA, Europe)|Action|327834C9
Morning Adventure, The (Spain) (Promo)|Action|B734EB4E
Ms. Pac-Man - Maze Madness (Europe) (En,Fr,De,Es,It)|Action|6E03FD6A
Ms. Pac-Man - Maze Madness (USA)|Action|DDE5DF02
Mugenborg (Japan)|Action|1C31BBEC
Mummy, The (Europe) (En,Fr,De,Es,It)|Action|B0F3799F
Mummy, The (USA) (En,Fr,De,Es,It)|Action|55BF350B
Muppet Pinball Mayhem (Europe)|Action|8D5034D7
Muppet Pinball Mayhem (USA)|Action|58575F65
Muppets, The - On with the Show! (USA, Europe) (En,Fr,De,Es,It,Nl)|Action|17CD149A
Naruto - Ninja Council 2 (USA)|Action|94699FCA
Naruto - Saikyou Ninja Daikesshuu 2 (Japan)|Action|B3D75CE1
Nicktoons - Battle for Volcano Island (USA)|Action|FEAFBD72
No Rules - Get Phat (USA, Europe) (En,Fr,De,Es,It,Nl)|Action|966FA650
Noddy - A Day in Toyland (Europe) (En,Fr,Es,It,Nl,Pt,Da)|Action|607DDC6B
Noddy - A Day in Toyland (USA) (En,Fr,Es)|Action|F906C5B6
Nyan Nyan Nyanko no NyanCollection (Japan)|Action|685E62BA
Ojarumaru - Gekkouchou Sanpo de Ojaru (Japan)|Action|6043595E
Operation Armored Liberty (USA)|Action|8F289E0B
Oshare Princess (Japan)|Action|5A2299E1
Ottifanten Pinball (Germany)|Action|77A84969
Pac-Man Collection (Europe)|Action|E1578D25
Pac-Man Collection (Japan) (En)|Action|B0FDDB8F
Pac-Man Collection (USA)|Action|6E5C16F4
Pac-Man Pinball Advance (Europe) (En,Fr,De,Es,It)|Action|3E70BF4D
Pac-Man Pinball Advance (USA)|Action|DA4E1109
Pac-Man World & Ms. Pac-Man - Maze Madness (Europe) (En,Fr,De,Es,It)|Action|B68B84C1
Pac-Man World (Europe) (En,Fr,De,Es,It)|Action|1F92814E
Pac-Man World (USA)|Action|B2A4FC78
Pinball Advance (Europe) (En,Fr,De,Es,It)|Action|39479369
Pinball Challenge Deluxe (Europe)|Action|BCB204B7
Pinball Tycoon (Europe)|Action|5D52BE1E
Pinball Tycoon (USA)|Action|1C4D3FDF
Pinball of the Dead, The (Europe) (En,Fr,De,Es,It)|Action|A9DD7EFA
Pinball of the Dead, The (Japan)|Action|1A7EFBD0
Pinball of the Dead, The (USA)|Action|0A09C517
Planet Monsters (Europe) (En,Fr,De,Es,It,Nl)|Action|D4D77BCE
Planet Monsters (USA) (En,Fr,De,Es,It,Nl)|Action|9B182354
Planet of the Apes (Europe) (En,Fr,De,Es,It,Nl)|Action|6E378BF3
Planet of the Apes (USA) (En,Fr,De,Es,It,Nl)|Action|A0F0269B
Pokemon Pinball - Ruby & Sapphire (Europe) (En,Fr,De,Es,It)|Action|A53AC14B
Pokemon Pinball - Ruby & Sapphire (Japan)|Action|8AF1EC73
Pokemon Pinball - Ruby & Sapphire (Japan) (Rev 1)|Action|925A5684
Pokemon Pinball - Ruby & Sapphire (USA)|Action|B992A3C0
Polly Pocket! - Super Splash Island (Europe) (En,Fr,De,Es,It) (Destination Software)|Action|13E2A64F
Polly Pocket! - Super Splash Island (Europe) (En,Fr,De,Es,It) (Vivendi)|Action|A654CBA9
Polly Pocket! - Super Splash Island (USA) (Destination Software)|Action|F120ECA2
Polly Pocket! - Super Splash Island (USA) (Vivendi)|Action|B5DE8C6E
Power Rangers - La Force du Temps (France)|Action|EB54D898
Power Rangers - Time Force (Germany)|Action|933F5477
Power Rangers - Time Force (USA, Europe)|Action|70359B35
Power Rangers S.P.D. (Europe) (En,Es,It)|Action|DCA64F27
Power Rangers S.P.D. (Europe) (En,Fr,De)|Action|CB59CF7D
Power Rangers S.P.D. (USA, Europe)|Action|921B66E2
Powerpuff Girls, The - Mojo Jojo A-Go-Go (Europe) (En,Fr,De,Es,It,Nl)|Action|1172D0A7
Powerpuff Girls, The - Mojo Jojo A-Go-Go (USA) (En,Fr,De,Es,It,Nl)|Action|DFB57DCF
Princess Natasha - Student, Secret Agent, Princess (Europe) (En,Fr,De,Es,It)|Action|E6567686
Princess Natasha - Student, Secret Agent, Princess (USA)|Action|B07CB7BA
PukuPuku Tennen Kairanban (Japan)|Action|91C4C334
PukuPuku Tennen Kairanban - Youkoso! Illusion Land he (Japan)|Action|E98CF9C3
Pyuu to Fuku! Jaguar - Byoo to Deru! Megane-kun (Japan)|Action|1F67BD36
Razmoket, Les - A Moi la Fiesta (France)|Action|4130F7D0
Razmoket, Les - Voler N'Est Pas Jouer (France)|Action|809A103A
Relaxuma na Mainichi (Japan)|Action|9F333017
Rescue Heroes - Billy Blazes! (USA)|Action|8111261C
Ripping Friends, The (USA, Europe)|Action|9850BF21
River City Ransom EX (USA)|Action|8686436E
Robot Wars - Advanced Destruction (Europe) (En,Fr,De,Es,It)|Action|CF8231BE
Robot Wars - Advanced Destruction (USA)|Action|E6CB567D
Robot Wars - Extreme Destruction (Europe) (En,Fr,De,Es,It,Nl)|Action|5EE9D6C5
Rocket Power - Dream Scheme (USA, Europe)|Action|93961CB2
Rocket Power - Le Cauchemar d'Otto (France)|Action|17B8B786
Rugrats - Castle Capers (USA, Europe)|Action|8AABD86A
Rugrats - I Gotta Go Party (USA, Europe)|Action|DF167D1D
Rugrats - Travesuras en el Castillo (Spain)|Action|0BCAB7D0
Sakura Momoko no UkiUki Carnival (Japan)|Action|B0A75590
Samurai Deeper Kyo (Japan)|Action|56EAD477
Samurai Deeper Kyo (USA)|Action|4AB65478
Sanrio Puroland - All Characters (Japan)|Action|5257BD92
Scan Hunter - Sennen Kaigyo o Oe! (Japan)|Action|BCD9AA71
Scooby-Doo 2 - Monsters Unleashed (Europe) (En,Fr,De,Es,It)|Action|7BDAB2CF
Scooby-Doo 2 - Monsters Unleashed (USA, Europe)|Action|9FF01DDD
Sentouin Yamada Hajime (Japan)|Action|596C5D4C
Shamu's Deep Sea Adventures (Europe)|Action|6A0F2C8B
Shamu's Deep Sea Adventures (USA)|Action|4E9426EB
Shin Sangoku Musou Advance (Japan)|Action|FE1BE6C1
Shin chan contra los Munecos de Shock Gahn (Spain)|Action|FD47A2FE
Shrek - Super Slam (Europe) (En,Fr,De,Es,It,Nl)|Action|DF73101E
Shrek - Super Slam (USA)|Action|E2EC9EED
Shrek the Third (Europe) (En,Fr,De,Es,It,Nl)|Action|DA1EE1E5
Shrek the Third (USA)|Action|D7D1DA8D
Silk to Cotton (Japan)|Action|515E2127
Smurfs, The - The Revenge of the Smurfs (Europe) (En,Fr,De,Es,It,Nl)|Action|516CE770
Sonic Pinball Party (Europe) (En,Ja,Fr,De,Es,It)|Action|4435917E
Sonic Pinball Party (Japan) (En,Ja,Fr,De,Es,It)|Action|43B5F167
Sonic Pinball Party (USA) (En,Ja,Fr,De,Es,It)|Action|08794743
SpongeBob SquarePants and Friends - Battle for Volcano Island (Europe) (En,Fr,De,Es,It,Nl)|Action|033229A7
SpongeBob's Atlantis SquarePantis (USA)|Action|190B1653
Spy Muppets - License to Croak (USA) (En,Fr,De,Es,It,Nl)|Action|848F9D42
Star Wars - Jedi Power Battles (Europe) (En,Fr,De,Es)|Action|FA0F055D
Star Wars - Jedi Power Battles (USA)|Action|3F19E156
Strawberry Shortcake - Ice Cream Island - Riding Camp (Europe) (En,Fr,De,Es,It,Nl,Pt,Da)|Action|C40220CF
Strawberry Shortcake - Sweet Dreams (USA)|Action|53384966
Sugar Sugar Rune - Heart Ga Ippai! Moegi Gakuen (Japan)|Action|0A4E0ED2
Suite Life of Zack & Cody, The - Tipton Caper (USA) (En,Fr)|Action|1D33DD2C
Super Chinese 1, 2 Advance (Japan)|Action|35448DF4
Super Duper Sumos (USA)|Action|8E20043F
Super Mario Ball (Europe)|Action|3B035681
Super Mario Ball (Japan)|Action|7EB4A336
Sweet Cookie Pie (Japan)|Action|63F45849
TMNT (USA) (En,Fr,Es)|Action|916DB9D5
TMNT - Teenage Mutant Ninja Turtles (Europe) (En,Fr,De,Es,It)|Action|89103893
Tang Tang (Europe) (En,Fr,De,Es,It,Fi)|Action|8BFB4CFE
Tang Tang (USA)|Action|F5F0C143
Teenage Mutant Ninja Turtles (Europe) (En,Fr,De,Es,It)|Action|15BDF0AD
Teenage Mutant Ninja Turtles (USA)|Action|F6C36783
Teenage Mutant Ninja Turtles 2 - Battle Nexus (Europe) (En,Fr,De,Es,It)|Action|ADA00A65
Teenage Mutant Ninja Turtles 2 - Battle Nexus (USA)|Action|802FC7C1
Three Stooges, The (USA)|Action|C3C855EA
Thunderbirds - International Rescue (Europe)|Action|9A6CB678
Tiny Toon Adventures - Buster's Bad Dream (Europe) (En,Fr,De,Es,It)|Action|3246A8BD
Tiny Toon Adventures - Scary Dreams (USA)|Action|FCD7A7C0
Tiny Toon Adventures - Wacky Stackers (Europe) (En,Fr,De,Es,It)|Action|4AC770B6
Tiny Toon Adventures - Wacky Stackers (USA)|Action|E03C633E
Tom and Jerry - The Magic Ring (Europe) (En,Fr,De,Es,It)|Action|1B7A3819
Tom and Jerry - The Magic Ring (USA) (En,Fr,De,Es,It)|Action|7DC8E08E
Tonka - On the Job (USA)|Action|DBCD4541
Totally Spies! 2 - Undercover (Europe) (En,Fr,De,Es,It,Nl)|Action|CA245559
Totally Spies! 2 - Undercover (USA) (En,Fr)|Action|2C8EB8A1
Tottoko Hamutarou 3 - Love Love Daibouken Dechu (Japan)|Action|C2945D42
Toyrobo Force (Japan)|Action|227FC16B
Ueki no Housoku - Jingi Sakuretsu! Nouryokusha Battle (Japan)|Action|ED368EF1
Ultra Keibitai - Monster Attack (Japan)|Action|C03785C7
Unfabulous (USA)|Action|2547F3A1
V.I.P. (Europe) (En,Fr,De,Es,It,Nl)|Action|718A6C3B
Wild Thornberrys, The - Chimp Chase (USA, Europe)|Action|F0CA0689
X-Men - Reign of Apocalypse (USA, Europe)|Action|25F43491
X-Men - The Official Game (Europe) (En,Fr,Es,It)|Action|34BE6923
X-Men - The Official Game (USA)|Action|C87F460A
Yuureiyashiki no Nijuuyojikan (Japan)|Action|6DA2166E
Zettaizetsumei Dangerous Jiisan - Naki no 1-kai - Zettaifukujuu Violence Kouchou - Wagahai ga 1-ban Erainjai!! (Japan)|Action|00328BB3
Zettaizetsumei Dangerous Jiisan - Shijou Saikyou no Dogeza (Japan)|Action|7DA6CC69
Zettaizetsumei Dangerous Jiisan 3 - Hateshinaki Mamonogatari (Japan)|Action|5BE52FB7
bit Generations - Boundish (Japan) (En)|Action|904B55D4
