Advanced Dungeons & Dragons - Dragons of Flame (Japan)|RPG|E616FF0A
Advanced Dungeons & Dragons - Heroes of the Lance (Japan)|RPG|1E472E7A
Advanced Dungeons & Dragons - Heroes of the Lance (USA)|RPG|B17574F3
Advanced Dungeons & Dragons - Heroes of the Lance (USA) (Beta)|RPG|C22F3E9F
Advanced Dungeons & Dragons - Hillsfar (Japan)|RPG|2C33161D
Advanced Dungeons & Dragons - Hillsfar (USA)|RPG|5DE61639
Advanced Dungeons & Dragons - Pool of Radiance (Japan)|RPG|CA730971
Advanced Dungeons & Dragons - Pool of Radiance (USA)|RPG|25952141
Akuma-kun - Makai no Wana (Japan)|RPG|2C4421B2
Arabian Dream Scheherazade (Japan)|RPG|074EC424
Artelius (Japan)|RPG|093E845F
Bard's Tale II, The - The Destiny Knight (Japan)|RPG|C4E1886F
Bard's Tale, The (Japan)|RPG|7EE02CA2
Bard's Tale, The (Japan) (Sample)|RPG|988C290E
Bard's Tale, The (USA)|RPG|9B821A83
Bard's Tale, The - Tales of the Unknown (USA) (Beta 1)|RPG|4ED5AA56
Bard's Tale, The - Tales of the Unknown (USA) (Beta 2)|RPG|FA434E09
Bikkuriman World - Gekitou Sei Senshi (Japan)|RPG|C6224026
Bloody Warriors - Shan-Go no Gyakushuu (Japan)|RPG|391AA1B8
Castle Excellent (Japan)|RPG|7FA2CC55
Castlequest (USA)|RPG|12906664
Chaos World (Japan)|RPG|E0CBC2BA
Chevaliers du Zodiaque, Les - La Legende d'Or (France)|RPG|358E29DD
Columbus - Ougon no Yoake (Japan)|RPG|30A225A8
Columbus - Ougon no Yoake (Japan) (Sample)|RPG|D3EC98AA
Crystalis (USA)|RPG|1335CB05
Crystalis (USA) (Beta)|RPG|340713DD
Daikoukai Jidai (Japan)|RPG|FE3488D1
Dark Lord (Japan)|RPG|3EFF62E4
Deep Dungeon III - Yuushi e no Tabi (Japan)|RPG|73F7E5D8
Deep Dungeon IV - Kuro no Youjutsushi (Japan)|RPG|FE364BE5
Destiny of an Emperor (USA)|RPG|A558FB52
Digital Devil Story - Megami Tensei (Japan)|RPG|5393D949
Digital Devil Story - Megami Tensei II (Japan)|RPG|96773F32
Digital Devil Story - Megami Tensei II (Japan) (Rev A)|RPG|10C9A789
Doraemon - Giga Zombie no Gyakushuu (Japan)|RPG|D7215873
Double Moon Densetsu (Japan)|RPG|A60FBA51
Dragon Ball - Daimaou Fukkatsu (Japan)|RPG|33B899C9
Dragon Ball 3 - Gokuu Den (Japan)|RPG|6E68E31A
Dragon Ball 3 - Gokuu Den (Japan) (Rev 1)|RPG|BFC7A2E9
Dragon Ball Z - Kyoushuu! Saiya Jin (Japan)|RPG|183859D2
Dragon Ball Z Gaiden - Saiya Jin Zetsumetsu Keikaku (Japan)|RPG|136CA449
Dragon Ball Z II - Gekishin Freeza!! (Japan)|RPG|99240573
Dragon Ball Z II - Gekishin Freeza!! (Japan) (Rev 1)|RPG|A9541452
Dragon Ball Z III - Ressen Jinzou Ningen (Japan)|RPG|DC52BF0C
Dragon Buster (Japan)|RPG|7B6DC772
Dragon Buster II - Yami no Fuuin (Japan)|RPG|D7AA0B6D
Dragon Quest (Japan)|RPG|88053D25
Dragon Quest II - Akuryou no Kamigami (Japan)|RPG|48349B0B
Dragon Quest III - Soshite Densetsu e... (Japan) (Rev 0A)|RPG|A49B48B8
Dragon Quest III - Soshite Densetsu e... (Japan) (Rev B)|RPG|869501CA
Dragon Quest IV - Michibikareshi Monotachi (Japan)|RPG|2DD71ACB
Dragon Quest IV - Michibikareshi Monotachi (Japan) (Rev A)|RPG|0794F2A5
Dragon Scroll - Yomigaerishi Maryuu (Japan)|RPG|AC9895CC
Dragon Slayer 4 - Drasle Family (Japan)|RPG|A5E6BAF9
Dragon Warrior (USA)|RPG|3B3F88F0
Dragon Warrior (USA) (Rev A)|RPG|2545214C
Dragon Warrior II (USA)|RPG|8C5A784E
Dragon Warrior III (USA)|RPG|A86A5318
Dragon Warrior IV (USA)|RPG|506E259D
Dragon Wars (Japan)|RPG|87CE3F34
Dragon Wars (USA) (Proto)|RPG|13E09D7A
Dungeon & Magic - Swords of Element (Japan)|RPG|459D0C2A
Dungeon Kid (Japan)|RPG|D68A6F33
Dungeon Magic - Sword of the Elements (USA)|RPG|23C3FB2D
Earth Bound (USA) (Proto)|RPG|53A9E2BA
Elysion (Japan)|RPG|240C6DE8
Esper Dream 2 - Aratanaru Tatakai (Japan)|RPG|209B4BED
Famicom Jump - Eiyuu Retsuden (Japan)|RPG|D343C66A
Famicom Jump II - Saikyou no 7 Nin (Japan)|RPG|3F15D20D
Faria - A World of Mystery & Danger! (USA)|RPG|45F03D2E
Faria - Fuuin no Tsurugi (Japan)|RPG|F885D931
Faxanadu (Europe)|RPG|76C161E3
Faxanadu (Japan)|RPG|A80FA181
Faxanadu (USA)|RPG|57DD23D1
Faxanadu (USA) (Rev A)|RPG|E71DB268
Final Fantasy (Japan) (Rev 0A)|RPG|466EFDC2
Final Fantasy (Japan) (Rev B)|RPG|F71E7EDD
Final Fantasy (USA)|RPG|CEBD2A31
Final Fantasy II (Japan)|RPG|D29DB3C7
Final Fantasy II (USA) (Proto)|RPG|93A2EEFB
Final Fantasy III (Japan)|RPG|57E220D0
Ganbare Goemon Gaiden - Kieta Ougon Kiseru (Japan)|RPG|EB92B32A
Ganbare Goemon Gaiden 2 - Tenka no Zaihou (Japan)|RPG|286FCD20
Ganso Saiyuuki - Super Monkey Daibouken (Japan)|RPG|3BF55966
Gegege no Kitarou 2 - Youkai Gundan no Chousen (Japan)|RPG|BDA8F8E4
Ginga no Sannin (Japan)|RPG|8A368744
God Slayer - Haruka Tenkuu no Sonata (Japan)|RPG|79698B98
Haja no Fuuin (Japan)|RPG|21DD2174
Heracles no Eikou - Toujin Makyou Den (Japan)|RPG|B15653BD
Heracles no Eikou II - Titan no Metsubou (Japan)|RPG|BA766EC6
Hero Quest (Europe) (Proto)|RPG|F9FC0700
Hero Quest (USA) (Proto)|RPG|A3BF2ADA
Hissatsu Doujou Yaburi (Japan)|RPG|565A4681
Hokuto no Ken 3 - Shin Seiki Souzou Seiken Restuden (Japan)|RPG|771CE357
Hokuto no Ken 4 - Shichisei Haken Den - Hokuto Shinken no Kanata e (Japan)|RPG|63469396
Hoshi o Miru Hito (Japan)|RPG|3DCADA42
Hyakkiyagyou (Japan)|RPG|DC1E07D2
Hydlide (USA)|RPG|77BF8B23
Hydlide 3 - Yami kara no Houmonsha (Japan)|RPG|47C2020B
Hydlide Special (Japan)|RPG|8575A0CB
Indora no Hikari (Japan)|RPG|174F860A
Jajamaru Gekimaden - Maboroshi no Kinmajou (Japan)|RPG|0F1BABE7
Jajamaru Ninpou Chou (Japan)|RPG|12F048DF
Jikuu Yuuden - Debias (Japan)|RPG|22D6D5BD
Juvei Quest (Japan)|RPG|CF23290F
Juvei Quest (Japan) (Rev 1)|RPG|716DAEA5
Kagerou Densetsu (Japan)|RPG|C9187B43
Kaijuu Monogatari (Japan)|RPG|BC11E61A
Karakuri Kengou Den - Musashi Lord - Karakuri Jin Hashiru (Japan)|RPG|9D9A4A26
Kawa no Nushi Tsuri (Japan)|RPG|F4E5DF0E
King Kong 2 - Ikari no Megaton Punch (Japan)|RPG|B06C0674
Kouryuu Densetsu Villgust Gaiden (Japan)|RPG|5318CDB9
Lagrange Point (Japan)|RPG|743387FF
Lasalle Ishii no Child's Quest (Japan)|RPG|D97C31B0
Last Armageddon (Japan)|RPG|8EEF8B76
Legacy of the Wizard (USA)|RPG|F181C021
Legend of the Ghost Lion (USA)|RPG|04766130
Little Ninja Brothers (Europe)|RPG|3BB31E38
Little Ninja Brothers (USA)|RPG|BC7FEDB9
Madoola no Tsubasa (Japan)|RPG|3A8F81B0
Magic Candle, The (Japan)|RPG|4942BDA8
Magic of Scheherazade, The (USA)|RPG|92197173
Magician (USA)|RPG|91E2E863
Magician (USA) (Beta 1)|RPG|B7D69A6D
Magician (USA) (Beta 2)|RPG|2D1FEE70
Maharaja (Japan)|RPG|98CCC9AB
Majou Densetsu II - Daimashikyou Galious (Japan)|RPG|4536FE1C
Mashin Eiyuu Den Wataru Gaiden (Japan)|RPG|D0CC5EC8
Metal Max (Japan)|RPG|9509F703
Might & Magic - Secret of the Inner Sanctum (USA)|RPG|532A27E6
Might and Magic - Book One - Secret of the Inner Sanctum (Japan)|RPG|9BDCD892
Minelvaton Saga - Ragon no Fukkatsu (Japan)|RPG|8EE25F78
Mirai Shinwa Jarvas (Japan)|RPG|0E1683C5
Momotarou Densetsu Gaiden (Japan)|RPG|9C58F4A6
Monster Maker - 7 Tsu no Hihou (Japan)|RPG|FB1C0551
Mother (Japan)|RPG|20CC079D
Mouryou Senki Madara (Japan)|RPG|E1383DEB
Murder Club - Honkaku Mystery Adventure (Japan)|RPG|3B1A7EEF
Musashi no Bouken (Japan)|RPG|70F67AB7
Namco Prism Zone - Dream Master (Japan)|RPG|BD523011
Niji no Silk Road (Japan)|RPG|5337F73C
Ninjara Hoi! (Japan)|RPG|CEE5857B
Nintendo - NTF2 System Cartridge (USA)|RPG|E149E0B2
Nintendo World Class Service - Joystick Test Cartridge (USA)|RPG|CD883CDC
Otaku no Seiza - An Adventure in the Otaku Galaxy (Japan)|RPG|4582F22E
Outlanders (Japan)|RPG|7AA02377
Radia Senki - Reimei Hen (Japan)|RPG|332C47E0
Rokudenashi Blues (Japan)|RPG|A262A81F
Romancia (Japan)|RPG|CF9CF7A2
SD Gundam Gaiden - Knight Gundam Monogatari (Japan)|RPG|E170404C
SD Gundam Gaiden - Knight Gundam Monogatari (Japan) (Rev 1)|RPG|276AC722
SD Gundam Gaiden - Knight Gundam Monogatari 2 - Hikari no Kishi (Japan)|RPG|B049A8C4
SD Gundam Gaiden - Knight Gundam Monogatari 3 - Densetsu no Kishi Dan (Japan)|RPG|C2840372
SD Keiji - Blader (Japan)|RPG|05F04EAC
SWAT - Special Weapons and Tactics (Japan)|RPG|7C3D2EA3
Saint Seiya - Ougon Densetsu (Japan)|RPG|026C5FCA
Saint Seiya - Ougon Densetsu Kanketsu Hen (Japan)|RPG|9561798D
Saint Seiya - Ougon Densetsu Kanketsu Hen (Japan) (Beta)|RPG|7C108923
Samsara Naga (Japan)|RPG|EBCF8419
Sanada Juu Yuushi (Japan)|RPG|0902C8F0
Satomi Hakkenden (Japan)|RPG|4C0E8BBB
Shadow Brain (Japan)|RPG|50DA4867
Shin Satomi Hakken-Den - Hikari to Yami no Tatakai (Japan)|RPG|23E9C736
Shinsenden (Japan)|RPG|BB435255
Silva Saga (Japan)|RPG|900E3A23
Spelunker II - Yuusha e no Chousen (Japan)|RPG|C37F225C
Square no Tom Sawyer (Japan)|RPG|CB0A76B1
Sted - Iseki Wakusei no Yabou (Japan)|RPG|F19A11AF
Sukeban Deka III (Japan)|RPG|02863604
Super Black Onyx (Japan)|RPG|DFC0CE21
Super Chinese 2 - Dragon Kid (Japan)|RPG|26BFED27
Super Chinese 3 (Japan)|RPG|F17486DF
Sweet Home (Japan)|RPG|252FFD12
Sweet Home (Japan) (Beta)|RPG|AF6B5B85
Swords and Serpents (Europe)|RPG|D153CAF6
Swords and Serpents (France)|RPG|46135141
Swords and Serpents (USA)|RPG|3417EC46
Taiyou no Shinden (Japan)|RPG|50CCDA33
Tao (Japan)|RPG|DAD34EE6
Taro's Quest (USA) (Proto)|RPG|A058219D
Tenchi o Kurau (Japan)|RPG|1AC701B5
Tenchi o Kurau (Japan) (Rev A)|RPG|637A7ACB
Tenchi o Kurau II - Shokatsu Koumei Den (Japan)|RPG|CB32E243
Tenchi o Kurau II - Shokatsu Koumei Den (Japan) (Rev A)|RPG|B84A73CC
Tenka no Goikenban - Mito Koumon (Japan)|RPG|21F8C4AB
Tenkaichi Bushi - Keru Naguuru (Japan)|RPG|5397E80B
Times of Lore (Japan)|RPG|2FFDE228
Times of Lore (USA)|RPG|0F86FEB4
Tombs & Treasure (USA)|RPG|50D296B3
Tower of Radia (USA) (Proto)|RPG|D6190C63
Ultima - Exodus (Japan)|RPG|250F7913
Ultima - Exodus (USA)|RPG|A4062017
Ultima - Quest of the Avatar (USA)|RPG|A25A750F
Ultima - Seija e no Michi (Japan)|RPG|71D8C6E9
Ultima - Warriors of Destiny (USA)|RPG|4823EEFE
Ultraman Club 2 - Kaettekita Ultraman Club (Japan)|RPG|7980C4F7
Ultraman Club 3 - Matamata Shutsugeki!! Ultra Kyoudai (Japan)|RPG|923F915B
Uncharted Waters (USA)|RPG|ACA15643
Ushio to Tora - Shinen no Taiyou (Japan)|RPG|A58A8DA1
Valkyrie no Bouken - Toki no Kagi Densetsu (Japan)|RPG|C6ADD8C5
White Lion Densetsu (Japan)|RPG|850090BC
Willow (Europe)|RPG|D9323EE6
Willow (Japan)|RPG|752743EC
Willow (USA)|RPG|103E7E7F
Wing of Madoola, The (Japan) (Sample)|RPG|62217BA7
Wizardry - Knight of Diamonds - The Second Scenario (USA)|RPG|6BC33D2F
Wizardry - Proving Grounds of the Mad Overlord (Japan)|RPG|498187B6
Wizardry - Proving Grounds of the Mad Overlord (USA)|RPG|D9BB572C
Wizardry II - Llylgamyn no Isan (Japan)|RPG|55397DB3
Wizardry III - Diamond no Kishi (Japan)|RPG|5C123EF7
Ying Xiong Yuan Yi Jing Chuan Qi (China) (Unl)|RPG|DFAD3F66
Ys (Japan)|RPG|92547F1C
Ys II - Ancient Ys Vanished - The Final Chapter (Japan)|RPG|5A0454F3
Ys III - Wanderers from Ys (Japan)|RPG|37B62D04
Zelda II - The Adventure of Link (Europe)|RPG|47FD88CF
Zelda II - The Adventure of Link (Europe) (Rev A)|RPG|97D52C06
Zelda II - The Adventure of Link (Europe) (Rev B)|RPG|47B6A39F
Zelda II - The Adventure of Link (USA)|RPG|BA322865
Zelda II - The Adventure of Link (USA) (GameCube Edition)|RPG|262F31AC
Zoids 2 - Zenebas no Gyakushuu (Japan)|RPG|89E085FE
Zombie Hunter (Japan)|RPG|41632CB6
