Exploding Fist (USA) (Proto 1)|Fighting|B97BFDD7
Exploding Fist (USA) (Proto 2)|Fighting|1C31DD60
Fighting Hero (Asia) (Unl)|Fighting|637134E8
Fighting Hero III (Asia) (Unl)|Fighting|FD55DD33
Fighting Road (Japan)|Fighting|974D0745
Joy Mech Fight (Japan)|Fighting|708EA2BE
Karate Champ (USA)|Fighting|ACA145D8
Karate Champ (USA) (Rev A)|Fighting|F42B0DBD
Street Heroes (Asia) (Unl)|Fighting|A1DC16C0
Teenage Mutant Hero Turtles - Tournament Fighters (Europe)|Fighting|34629104
Teenage Mutant Ninja Turtles - Tournament Fighters (USA)|Fighting|86964EDD
Urban Champion (World)|Fighting|656D4265
Yie Ar Kung-Fu (Japan) (Rev 1.2)|Fighting|8BAA5FF2
Yie Ar Kung-Fu (Japan) (Rev 1.4)|Fighting|86CEFC12
