Aces - Iron Eagle 3 (Japan)|Simulation|7C27AB86
After Burner (Japan)|Simulation|F2CE3641
After Burner (USA) (Unl)|Simulation|F699EE7E
Astro Fang - Super Machine (Japan)|Simulation|E949EF8A
Chuck Yeager's Fighter Combat (USA) (Proto)|Simulation|10C06E27
Death Race (USA) (Unl)|Simulation|5CAA3E61
Destination Earthstar (USA)|Simulation|EB9960EE
Elite (Europe) (En,Fr,De)|Simulation|A4BDCC1D
Elite (Unknown) (NTSC Demo)|Simulation|BC7485B5
F-117A - Stealth Fighter (USA)|Simulation|0A7E62D4
F-15 Strike Eagle (Europe)|Simulation|989C1019
F-15 Strike Eagle (France) (En,Fr,Nl)|Simulation|BBB710D9
F-15 Strike Eagle (Germany)|Simulation|D353D351
F-15 Strike Eagle (Italy)|Simulation|FA74F656
F-15 Strike Eagle (Sweden) (Sv,Da,Fi)|Simulation|872DE7A2
F-15 Strike Eagle (USA)|Simulation|0BCAA4D7
F15 City War (Spain) (Gluk Video) (Unl)|Simulation|2FBEA66D
F15 City War (USA) (v1.0) (Unl)|Simulation|88A6B192
F15 City War (USA) (v1.1) (Unl)|Simulation|F3841DCD
Garry Kitchen's BattleTank (USA)|Simulation|90D68A43
Gekitotsu Yonku Battle (Japan)|Simulation|04109355
Infiltrator (USA)|Simulation|DF64963B
Jovial Race (Asia) (PAL) (Unl)|Simulation|5AEFBC94
Jovial Race (Unknown) (Unl)|Simulation|A923E441
Route-16 Turbo (Japan)|Simulation|728BFA8D
Silent Service (Europe)|Simulation|FA014BA1
Silent Service (USA)|Simulation|5E767671
Silent Service (USA) (Rev A)|Simulation|B843EB84
Star Luster (Japan)|Simulation|26BD6EC6
Star Trek - The Next Generation (USA)|Simulation|E575687C
Stealth ATF (Europe)|Simulation|E5A8401B
Stealth ATF (USA)|Simulation|C6DD7E69
Top Gun (Europe)|Simulation|D78BFB28
Top Gun (Japan)|Simulation|37CB1801
Top Gun (USA)|Simulation|4E22368D
Top Gun (USA) (Rev A)|Simulation|CF6D0D7A
Top Gun - Dual Fighters (Japan)|Simulation|CA96AD0E
Top Gun - The Second Mission (Europe)|Simulation|E1C59D94
Top Gun - The Second Mission (USA)|Simulation|6F8AF3E8
Ultimate Air Combat (Europe) (En,Fr,De)|Simulation|C0F251EA
Ultimate Air Combat (Europe) (En,Fr,De) (Beta)|Simulation|690AFE9F
Ultimate Air Combat (USA)|Simulation|E387C77F
