Bubblegum Crash! - Knight Sabers 2034 (Japan)|Adventure|0D766139
Chikudenya Toubei - Kubikiri Yakata Yori (Japan)|Adventure|CAB21B2E
Chikudenya Toubei - Kubikiri Yakata Yori (Japan) (Alt 1)|Adventure|84098884
Maison Ikkoku (Japan)|Adventure|5C78FEE1
Nazo no Mascarade (Japan)|Adventure|0441D85A
Neutopia (Japan)|Adventure|9C49EF11
Neutopia (USA)|Adventure|A9A94E1B
Neutopia II (Japan)|Adventure|2B94AEDC
Neutopia II (USA)|Adventure|C4ED4307
Sadakichi 7 Series - Hideyoshi no Ougon (Japan)|Adventure|F999356F
