1943 Kai (Japan)|Shooter|FDE08D6D
Aero Blasters (Japan)|Shooter|25BE2B81
Aero Blasters (USA)|Shooter|B03E0B32
After Burner II (Japan)|Shooter|CA72A828
Air Zonk (USA)|Shooter|933D5BCC
Armed F (Japan)|Shooter|20EF87FD
Atomic Robo-Kid Special (Japan)|Shooter|DD175EFD
Barunba (Japan)|Shooter|4A3DF3CA
Blazing Lazers (USA)|Shooter|B4A1B0F6
Bloody Wolf (USA)|Shooter|37BAF6BC
Bouken Danshaku Don - The Lost Sunheart (Japan)|Shooter|8F4D9F94
Burning Angels (Japan)|Shooter|D233C05A
Coryoon - Child of Dragon (Japan)|Shooter|B4D29E3B
Coryoon - Child of Dragon (Japan) (Alt 1)|Shooter|D5389889
Cyber Core (Japan)|Shooter|A98D276A
Cyber Core (USA)|Shooter|4CFB6E3E
Daisenpuu (Japan)|Shooter|9107BCC8
Darius Alpha (Japan)|Shooter|B0BA689F
Darius Plus (Japan)|Shooter|BEBFE042
Dead Moon (USA)|Shooter|F5D98B0B
Dead Moon - Getsu Sekai no Akumu (Japan)|Shooter|56739BC7
Deep Blue (USA)|Shooter|16B40B44
Deep Blue - Kaitei Shinwa (Japan)|Shooter|053A0F83
Detana!! TwinBee (Japan)|Shooter|5CF59D80
Download (Japan)|Shooter|85101C20
Download (Japan) (Alt 1)|Shooter|4E0DE488
Dragon Saber - After Story of Dragon Spirit (Japan)|Shooter|3219849C
Dragon Saber - After Story of Dragon Spirit (Japan) (Alt 1)|Shooter|C89CE75A
Dragon Spirit (Japan)|Shooter|01A76935
Dragon Spirit (USA)|Shooter|086F148C
Fantasy Zone (Japan)|Shooter|72CB0F9D
Fantasy Zone (USA)|Shooter|E8C3573D
Final Blaster (Japan)|Shooter|C90971BA
Final Soldier (Japan)|Shooter|AF2DD2AF
Final Soldier (Japan) (Special Version)|Shooter|02A578C5
Galaga '88 (Japan)|Shooter|1A8393C6
Galaga '90 (USA)|Shooter|2909DEC6
Gokuraku! Chuuka Taisen (Japan)|Shooter|E749A22C
Gradius (Japan)|Shooter|0517DA65
Gunhed (Japan)|Shooter|A17D4D7E
Gunhed - Hudson Gunhed Taikai (Japan)|Shooter|57F183AE
Hana Taaka Daka! (Japan)|Shooter|BA4D0DD4
Hanii in the Sky (Japan)|Shooter|BF3E2CC7
Heavy Unit (Japan)|Shooter|EB923DE5
Image Fight (Japan)|Shooter|A80C565F
Jinmu Denshou (Japan)|Shooter|C150637A
Jinmu Denshou (Japan) (Alt 1)|Shooter|84240EF9
Kikikai-kai (Japan)|Shooter|C0CB5ADD
Kyuukyoku Tiger (Japan)|Shooter|09509315
Magical Chase (Japan)|Shooter|DD0EBF8C
Magical Chase (USA)|Shooter|95CD2979
Mesopotamia (Japan)|Shooter|E87190F1
Metal Stoker (Japan)|Shooter|25A02BEE
Mr. Heli no Daibouken (Japan)|Shooter|2CB92290
Mr. Heli no Daibouken (Japan) (Alt 1)|Shooter|AC0CD796
Narazumono Sentou Butai - Bloody Wolf (Japan)|Shooter|B01F70C2
Operation Wolf (Japan)|Shooter|FF898F87
Ordyne (Japan)|Shooter|8C565CB6
Ordyne (USA)|Shooter|E7BF2A74
Override (Japan)|Shooter|B74EC562
P-47 - The Freedom Fighter (Japan)|Shooter|7632DB90
PC Denjin - Punkic Cyborgs (Japan)|Shooter|740491C2
PC Denjin - Punkic Cyborgs (Japan) (Alt 1)|Shooter|8FB4F228
Paranoia (Japan)|Shooter|9893E0E6
Parodius Da! - Shinwa kara Owarai e (Japan)|Shooter|647718F9
Power Gate (Japan)|Shooter|BE8B6E3B
Psycho Chaser (Japan)|Shooter|03883EE8
Psychosis (USA)|Shooter|6CC10824
R-Type (USA)|Shooter|91CE5156
R-Type Part-1 (Japan)|Shooter|CEC3D28A
R-Type Part-2 (Japan)|Shooter|F207ECAE
Rabio Lepus Special (Japan)|Shooter|D8373DE6
Raiden (Japan)|Shooter|850829F2
Raiden (USA)|Shooter|BC59C31E
Rock-On (Japan)|Shooter|2FD65312
Salamander (Japan)|Shooter|FAECCE20
SideArms - Hyper Dyne (Japan)|Shooter|E5E7B8B7
SideArms - Hyper Dyne (USA)|Shooter|D1993C9F
Silent Debuggers (Japan)|Shooter|616EA179
Silent Debuggers (USA)|Shooter|FA7E5D66
Sinistron (USA)|Shooter|4F6E2DBD
Soldier Blade (Japan)|Shooter|8420B12B
Soldier Blade (USA)|Shooter|4BB68B13
Soldier Blade - Special Version (Japan)|Shooter|F39F38ED
Somer Assault (USA)|Shooter|8FCAF2E9
Space Harrier (Japan)|Shooter|64580427
Space Harrier (USA)|Shooter|43B05EB8
Space Invaders - Fukkatsu no Hi (Japan)|Shooter|99496DB3
Spiral Wave (Japan)|Shooter|A5290DD0
Super Star Soldier (Japan)|Shooter|5D0E3105
Super Star Soldier (USA)|Shooter|DB29486F
TaleSpin (USA)|Shooter|BAE9CECC
Tatsujin (Japan)|Shooter|A6088275
Tatsujin (Japan) (Proto)|Shooter|C1B26659
Tenseiryuu - Saint Dragon (Japan)|Shooter|2E278CCB
Terra Cresta II - Mandoraa no Gyakushuu (Japan)|Shooter|1B2D0077
Thunder Blade (Japan)|Shooter|DDC3E809
Toilet Kids (Japan)|Shooter|53B7784B
Toy Shop Boys (Japan)|Shooter|97C5EE9A
Veigues - Tactical Gladiator (Japan)|Shooter|04188C5C
Veigues - Tactical Gladiator (USA)|Shooter|99D14FB7
Violent Soldier (Japan)|Shooter|1BC36B36
W-Ring - The Double Rings (Japan)|Shooter|BE990010
Xevious - Fardraut Saga (Japan)|Shooter|F8F85EEC
