Alf (USA)|Action|82038AD4
Alien Storm (Europe)|Action|7F30F793
Altered Beast (USA, Europe)|Action|BBA2FE98
Back to the Future Part II (Europe)|Action|E5FF50D8
Back to the Future Part III (Europe)|Action|2D48C1D3
Batman Returns (Europe)|Action|B154EC38
Battlemaniacs (Brazil)|Action|1CBB7BF1
Black Belt (USA, Europe)|Action|DA3A2F57
Bonanza Bros. (Europe)|Action|CAEA8002
Chouon Senshi Borgman (Japan)|Action|E421E466
Chouon Senshi Borgman (Japan) (Beta)|Action|86F49AE9
Cyborg Hunter (USA, Europe)|Action|908E7524
Desert Strike (Europe) (En,Fr,De,Es)|Action|6C1433F9
Dick Tracy (USA, Europe)|Action|F6FAB48D
Double Dragon (World)|Action|A55D89F3
Dynamite Dux (Europe)|Action|0E1CC1E0
Fantasy Zone - The Maze (USA, Europe)|Action|D29889AD
Flintstones, The (Europe)|Action|CA5C78A5
Gain Ground (Europe)|Action|3EC5E627
Gain Ground (Europe) (Beta)|Action|D40D03C7
Gauntlet (Europe)|Action|D9190956
Golden Axe (USA, Europe)|Action|C08132FB
Hokuto no Ken (Japan)|Action|24F5FE8C
Hokuto no Ken (Taiwan)|Action|C4AB363D
Home Alone (Europe)|Action|C9DBF936
Maze Hunter 3-D (USA, Europe)|Action|31B8040B
Maze Walker (Japan)|Action|871562B0
Megumi Rescue (Japan)|Action|29BC7FAD
Ms. Pac-Man (Europe)|Action|3CD816C6
My Hero (USA, Europe)|Action|62F0C23D
Opa Opa (Japan)|Action|BEA27D5C
Pac-Mania (Europe)|Action|BE57A9A5
Paperboy (Europe)|Action|294E0759
Paperboy (USA)|Action|327A0B4C
Penguin Adventure (Korea) (Unl) (Pirate)|Action|445525E2
Psychic World (Europe)|Action|5C0B1F0F
Rampage (USA, Europe)|Action|42FC47EE
Rampart (Europe)|Action|426E5C8A
Rastan (USA, Europe)|Action|C547EB1B
Renegade (Europe)|Action|3BE7F641
Running Battle (Europe)|Action|1FDAE719
Seishun Scandal (Japan)|Action|F0BA2BC6
Simpsons, The - Bart vs. the World (Europe)|Action|F6B2370A
Spy vs Spy (Japan)|Action|D41B9A08
Spy vs Spy (Taiwan)|Action|689F58A2
Spy vs. Spy (USA, Europe)|Action|78D7FAAB
Streets of Rage (Europe)|Action|4AB3790F
Streets of Rage II (Europe)|Action|04E9C089
Submarine Attack (Europe)|Action|D8F2F1B9
Superman - The Man of Steel (Europe)|Action|6F9AC98F
Tensai Bakabon (Japan)|Action|8132AB2C
Terminator 2 - Judgment Day (Europe)|Action|AC56104F
Ttoriui Moheom (Korea)|Action|178801D2
Vigilante (USA, Europe)|Action|DFB0B161
Woody Pop - Shinjinrui no Block Kuzushi (Japan)|Action|315917D4
X-Men - Mojo World (Brazil)|Action|3E1387F6
