94 Super World Cup Soccer (Korea)|Sports|060D6A7C
American Baseball (Europe)|Sports|7B27202F
American Pro Football (Europe)|Sports|3727D8B2
Andre Agassi Tennis (Europe)|Sports|F499034D
Basket Ball Nightmare (Europe)|Sports|0DF8597F
California Games (USA, Europe)|Sports|AC6009A7
California Games II (Brazil, Korea)|Sports|45C50294
California Games II (Europe)|Sports|C0E25D62
Champions of Europe (Europe)|Sports|23163A12
Championship Hockey (Europe)|Sports|7E5839A0
Dallyeora Pigu-Wang (Korea) (Unl)|Sports|89B79E77
FIFA International Soccer (Brazil) (En,Es,Pt)|Sports|9BB3B5F9
Game Box Serie Esportes Radicais (Brazil)|Sports|1890F407
George Foreman's KO Boxing (Europe)|Sports|A64898CE
Gokuaku Doumei Dump Matsumoto (Japan)|Sports|A249FA9D
Golfamania (Europe)|Sports|48651325
Golfamania (Europe) (Beta)|Sports|5DABFDC3
Great Baseball (Japan)|Sports|89E98A7C
Great Baseball (USA, Europe)|Sports|10ED6B57
Great Basketball (World)|Sports|2AC001EB
Great Football (World)|Sports|2055825F
Great Golf (Japan)|Sports|6586BD1F
Great Golf (Korea)|Sports|5DEF1BF5
Great Golf (World)|Sports|98E4AE4A
Great Golf (World) (Beta)|Sports|4847BC91
Great Ice Hockey (Japan, USA)|Sports|0CB7E21F
Great Soccer (Europe)|Sports|0ED170C9
Great Soccer (Japan)|Sports|2D7FD7EF
Great Soccer (Taiwan)|Sports|84665648
Great Tennis (Japan)|Sports|95CBF3DD
Great Volleyball (Japan)|Sports|6819B0C0
Great Volleyball (USA, Europe)|Sports|8D43EA95
Heavyweight Champ (Europe)|Sports|FDAB876A
James 'Buster' Douglas Knockout Boxing (USA)|Sports|6A664405
James 'Buster' Douglas Knockout Boxing (USA) (Beta)|Sports|CFB4BD7B
Joe Montana Football (USA, Europe)|Sports|0A9089E5
NBA Jam (Europe) (Proto)|Sports|332A847D
Nekkyuu Koushien (Japan)|Sports|5B5F9106
Olympic Gold (Europe) (En,Fr,De,Es,It,Nl,Pt,Sv)|Sports|6A5A1E39
Olympic Gold (Korea) (En,Fr,De,Es,It,Nl,Pt,Sv)|Sports|D1A7B1AA
PGA Tour Golf (Europe)|Sports|95B9EA95
Pat Riley Basketball (USA) (Proto)|Sports|9AEFE664
Pro Wrestling (USA, Europe)|Sports|FBDE42D3
Pro Yakyuu Pennant Race, The (Japan)|Sports|DA9BE8F0
Putt & Putter (Europe)|Sports|357D4F78
Putt & Putter (Europe) (Beta)|Sports|8167CCC4
Reggie Jackson Baseball (USA)|Sports|6D94BB0E
Rocky (World)|Sports|1BCC7BE3
Sega World Tournament Golf (Europe)|Sports|296879DD
Sensible Soccer (Europe)|Sports|F8176918
Slap Shot (Europe)|Sports|C93BD0E9
Slap Shot (Europe) (Rev 1)|Sports|D33B296A
Slap Shot (USA)|Sports|702C3E98
Slap Shot (Unknown) (Beta)|Sports|FBB0A92A
Speedball (Europe) (Image Works)|Sports|A57CAD18
Speedball (Europe) (Image Works)|Sports|A57CAD18
Speedball (Europe) (Virgin)|Sports|5CCC1A65
Speedball (Europe) (Virgin)|Sports|5CCC1A65
Speedball 2 (Europe)|Sports|0C7366A0
Sports Pad Football (USA)|Sports|E42E4998
Sports Pad Soccer (Japan)|Sports|41C948BF
Summer Games (Europe)|Sports|8DA5C93F
Summer Games (Europe) (Beta)|Sports|80EB1FFF
Super Golf (Europe) (Beta)|Sports|7F7B568D
Super Kick Off (Europe) (En,Fr,De,Es,It,Nl,Pt,Sv)|Sports|406AA0C2
Super Tennis (USA, Europe)|Sports|914514E3
Super Tetris (Korea) (Pirate)|Sports|BD1CC7DF
Tecmo World Cup '92 (Europe) (Beta)|Sports|96E75F48
Tecmo World Cup '93 (Europe)|Sports|5A1C3DDE
Tennis Ace (Europe)|Sports|1A390B93
Ultimate Soccer (Europe) (En,Fr,De,Es,It)|Sports|15668CA4
WWF Wrestlemania - Steel Cage Challenge (Europe)|Sports|2DB21448
Walter Payton Football (USA)|Sports|3D55759B
Wimbledon (Europe)|Sports|912D92AF
Wimbledon II (Europe)|Sports|7F3AFE58
Winter Olympics - Lillehammer '94 (Brazil) (En,Fr,De,Es,It,Pt,Sv,No)|Sports|2FEC2B4A
Winter Olympics - Lillehammer '94 (Europe) (En,Fr,De,Es,It,Pt,Sv,No)|Sports|A20290B6
Winter Olympics - Lillehammer '94 (Europe) (En,Fr,De,Es,It,Pt,Sv,No)|Sports|A20290B6
World Class Leader Board (Europe)|Sports|C9A449B7
World Cup Italia '90 (Europe)|Sports|6E1AD6FD
World Cup Italia '90 (Europe) (Sample)|Sports|A0CF8B15
World Cup USA 94 (Europe) (En,Fr,De,Es,It,Nl,Pt,Sv)|Sports|A6BF8F9E
World Games (Europe)|Sports|A2A60BC8
World Games (Europe) (Beta)|Sports|914D3FC4
World Soccer (World)|Sports|72112B75
