007 Shitou - The Duel (Japan)|Platform|AEB4B262
10 Super Jogos (Brazil)|Miscellaneous|C19AE368
16t (Japan) (SegaNet)|Action|537F04B6
2020 Nen Super Baseball (Japan)|Sports|2BBEE127
3 Ninjas Kick Back (USA)|Platform|E5A24999
6-Pak (USA)|Miscellaneous|1A6F45DC
688 Attack Sub (USA, Europe)|Simulation|F2C58BF7
A Ressha de Ikou MD (Japan)|Strategy|3D45DE4F
ATP Tour (Europe)|Sports|1A3DA8C5
ATP Tour Championship Tennis (USA)|Sports|8C822884
AWS Pro Moves Soccer (USA)|Sports|707017E5
Aa Harimanada (Japan)|Sports|065F6021
Aaahh!!! Real Monsters (Europe)|Platform|7AD115FF
Aaahh!!! Real Monsters (USA)|Platform|FDC80BFC
Aaahh!!! Real Monsters (USA) (Beta) (1995-07-07)|Platform|F4B44B82
Action 52 (USA) (Alt 1) (Unl)|Miscellaneous|8809D666
Action 52 (USA) (Unl)|Miscellaneous|29FF58AE
Addams Family Values (Europe) (En,Fr,De)|RPG|B906B992
Addams Family, The (USA) (Beta)|Platform|2803A5CA
Addams Family, The (USA) (Beta) (Alt 1)|Platform|3A173E1F
Addams Family, The (USA, Europe)|Platform|71F58614
Advanced Busterhawk Gleylancer (Japan)|Shooter|42CF9B5B
Advanced Daisenryaku - Deutsch Dengeki Sakusen (Japan) (Rev A)|Strategy|E0D5E18A
Adventures of Batman & Robin, The (Europe)|Shooter|355E8C39
Adventures of Batman & Robin, The (USA)|Shooter|0CAAA4AC
Adventures of Mighty Max, The (Europe)|Platform|24F1A3BB
Adventures of Mighty Max, The (USA)|Platform|55F13A00
Adventures of Rocky and Bullwinkle and Friends, The (USA)|Platform|EF02D57B
Aero Blasters (Japan)|Shooter|A00DA987
Aero the Acro-Bat (Europe)|Platform|1A3EAF57
Aero the Acro-Bat (USA)|Platform|A3A7A8B5
Aero the Acro-Bat 2 (Europe)|Platform|A451F9A1
Aero the Acro-Bat 2 (USA)|Platform|39EB74EB
Aerobiz (USA)|Strategy|CFAA9BCE
Aerobiz Supersonic (USA)|Strategy|9377F1B5
After Burner II (Japan)|Shooter|4FF37E66
After Burner II (USA, Europe)|Shooter|CCAFE00E
Air Buster (USA)|Shooter|F3D65BAA
Air Diver (Japan)|Shooter|9E2D5B91
Air Diver (USA)|Shooter|2041885E
Air Management - Oozora ni Kakeru (Japan)|Strategy|B3DB0C71
Air Management II - Koukuuou o Mezase (Japan)|Strategy|4582817B
Aladdin (Europe)|Hardware|D1845E8F
Aladdin (Japan)|Hardware|FB5AACF0
Aladdin (USA)|Hardware|ED427EA9
Aladdin (USA) (Beta)|Hardware|8C60EF73
Alex Kidd - Cheongong Maseong (Korea)|Platform|5B0678FB
Alex Kidd - Tenkuu Majou (Japan)|Platform|8A5ED856
Alex Kidd in the Enchanted Castle (Europe)|Platform|C3A52529
Alex Kidd in the Enchanted Castle (Europe) (Rev A)|Platform|778A0F00
Alex Kidd in the Enchanted Castle (USA)|Platform|47DBA0AC
Alien 3 (USA, Europe)|Platform|A3B00D6E
Alien 3 (USA, Europe) (Rev A)|Platform|B327FD1B
Alien Soldier (Europe)|Platform|0496E06C
Alien Soldier (Japan)|Platform|90FA1539
Alien Storm (World)|Action|F5AC8DE5
Alisia Dragoon (Europe)|Platform|28165BD1
Alisia Dragoon (Japan)|Platform|4D476722
Alisia Dragoon (USA)|Platform|D28D5C40
Altered Beast (USA, Europe)|Action|154D59BB
American Gladiators (USA)|Sports|9952FA85
Andre Agassi Tennis (Europe)|Sports|224256C7
Andre Agassi Tennis (USA)|Sports|E755DD51
Andre Agassi Tennis (USA) (Beta)|Sports|3BBF700D
Animaniacs (Europe) (En,Fr,De)|Platform|92B6F255
Animaniacs (USA)|Platform|86224D86
Another World (Europe)|Platform|E9742041
Aoki Ookami to Shiroki Mejika - Genchou Hishi (Japan)|Strategy|10BE1D93
Aquatic Games Starring James Pond and the Aquabats, The (USA, Europe)|Miscellaneous|400F4BA7
Arcade Classics (USA, Europe)|Miscellaneous|8AED2090
Arch Rivals - The Arcade Game (USA, Europe)|Sports|E389D7E7
Arcus Odyssey (Japan)|RPG|41C5FB4F
Arcus Odyssey (USA)|RPG|BC4D9B20
Ariel the Little Mermaid (USA, Europe)|Action|58E297DF
Arnold Palmer Tournament Golf (USA, Europe)|Sports|35B995EF
Arrow Flash (Japan, Europe)|Shooter|D49F8444
Arrow Flash (USA, Europe)|Shooter|4D89E66B
Art Alive (World)|Educational|F1B72CDD
Art of Fighting (Europe)|Fighting|9970C422
Art of Fighting (USA)|Fighting|C9A57E07
Asterix and the Great Rescue (Europe) (En,Fr,De,Es,It)|Platform|4735FEE6
Asterix and the Great Rescue (USA)|Platform|7F112CD8
Asterix and the Power of the Gods (Europe) (Beta)|Platform|45C8B5B7
Asterix and the Power of the Gods (Europe) (En,Fr,De,Es)|Platform|4FF1D83F
Atomic Robo-Kid (Japan)|Shooter|E833067E
Atomic Robo-Kid (USA)|Shooter|7CD8169E
Atomic Runner (Europe)|Shooter|B3C05418
Atomic Runner (USA)|Shooter|0677C210
Australian Rugby League (Europe)|Sports|AC5BC26A
Awesome Possum Kicks Dr Machino's Butt! (USA) (Beta)|Platform|0158DC53
Awesome Possum... ...Kicks Dr. Machino's Butt (Japan) (En)|Platform|8C64445E
Awesome Possum... ...Kicks Dr. Machino's Butt (USA)|Platform|1F07577F
Aworg (Japan) (SegaNet)|Platform|069C27C1
Ayrton Senna's Super Monaco GP II (Japan, Europe) (En,Ja)|Racing / Driving|60AF0F76
Ayrton Senna's Super Monaco GP II (USA) (En,Ja)|Racing / Driving|EAC8DED6
B.O.B. (USA) (Beta)|Platform|E3E8421E
B.O.B. (USA, Europe)|Platform|EAA2ACB7
Baby's Day Out (USA) (Proto)|Platform|B2E7CC49
Baby's Day Out (USA) (Proto) (Earlier)|Platform|459B891C
Back to the Future Part III (Europe)|Action|2737F92E
Back to the Future Part III (USA)|Action|66A388C3
Bad Omen (Japan, Korea)|Action|975693CE
Bahamut Senki (Japan)|Strategy|B1E268DA
Ball Jacks (Japan, Europe)|Action|F5C3C54F
Ballz 3D - Fighting at Its Ballziest ~ Ballz 3D - The Battle of the Ballz (USA, Europe)|Fighting|B362B705
Barbie Super Model (USA)|Platform|81C9662B
Barbie Super Model (USA) (Beta)|Platform|D4823175
Barbie Vacation Adventure (USA) (Proto)|Miscellaneous|10E0BA69
Bare Knuckle - Ikari no Tetsuken ~ Streets of Rage (World)|Action|BFF227C6
Bare Knuckle - Ikari no Tetsuken ~ Streets of Rage (World) (Rev A)|Action|4052E845
Bare Knuckle II (Japan) (Beta)|Action|0CF2ACBE
Bare Knuckle II - Shitou e no Requiem ~ Streets of Rage II (Japan, Europe)|Action|42E3EFDC
Bare Knuckle III (Japan)|Action|5D09236F
Barkley Shut Up and Jam 2 (USA)|Sports|321BB6BD
Barkley Shut Up and Jam 2 (USA) (Beta)|Sports|DE27357B
Barkley Shut Up and Jam! (USA, Europe)|Sports|63FBF497
Barney's Hide & Seek Game (USA)|Platform|1EFA9D53
Barver Battle Saga - Tai Kong Zhan Shi (China) (Unl)|RPG|D37A37C6
Bass Masters Classic (USA)|Sports|CF1FF00A
Bass Masters Classic - Pro Edition (USA)|Sports|9EDDEB3D
Batman (Europe)|Platform|61C60C35
Batman (Japan)|Platform|D7B4FEBF
Batman - Revenge of the Joker (USA)|Platform|CAA044A1
Batman - The Video Game (USA)|Platform|017410AE
Batman Forever (World)|Action|8B723D01
Batman Returns (World)|Action|4A3225C0
Battle Golfer Yui (Japan)|Sports|4AA03E4E
Battle Mania (Japan)|Shooter|A76C4A29
Battle Mania Daiginjou (Japan, Korea)|Shooter|312FA0F2
Battle Squadron (USA, Europe)|Shooter|0FEAA8BF
BattleTech - A Game of Armored Combat (USA)|Action|409E5D14
Battlemaster (USA)|Action|FD2B35E3
Battletoads (World)|Action|D10E103A
Battletoads-Double Dragon (USA)|Action|8239DD17
Beast Warriors (Japan)|Action|4646C694
Beast Wrestler (USA)|Action|0CA5BB64
Beastball (World) (Proto)|Sports|6A176576
Beauty and the Beast - Belle's Quest (USA)|Platform|BEFB6FAE
Beauty and the Beast - Roar of the Beast (USA)|Platform|13E7B519
Beavis and Butt-Head (Europe)|Adventure|C7B6435E
Beavis and Butt-Head (USA)|Adventure|F5D7B948
Beavis and Butt-Head (USA) (Beta)|Adventure|81ED5335
Beggar Prince (World) (Unl)|RPG|F3AF46CD
Berenstain Bears' Camping Adventure, The (USA)|Platform|1F86237B
Best of the Best - Championship Karate (Europe)|Sports|F842240B
Best of the Best - Championship Karate (USA)|Sports|C3D6A5D4
Beyond Oasis (USA)|RPG|C4728225
Beyond Zero Tolerance (USA) (Proto)|Shooter|C61ED2ED
Bible Adventures (USA) (Unl)|Platform|64446B77
Bill Walsh College Football (USA, Europe)|Sports|3ED83362
Bill Walsh College Football 95 (USA)|Sports|A582F45A
Bill's Tomato Game (USA) (Proto)|Puzzle|0E1F263F
Bimini Run (USA)|Action|D4DC5188
Bio Hazard Battle (USA) (Beta)|Shooter|DD10DD1A
Bio Hazard Battle (USA, Europe)|Shooter|95B0EA2B
Bishoujo Senshi Sailor Moon (Japan)|Action|5E246938
Blades of Vengeance (USA, Europe)|Platform|74C65A49
Blaster Master 2 (USA)|Platform|C11E4BA1
Blaster Master 2 (USA) (Beta)|Platform|08F78C70
Blockbuster World Video Game Championship II (USA)|Miscellaneous|4385E366
Blockout (World)|Puzzle|5E2966F1
Bloodshot (Europe) (En,Fr,De,Es)|Shooter|F9F2BCEB
Blue Almanac (Japan)|RPG|7222EBB3
Body Count (Brazil)|Action|649607D1
Body Count (Europe) (En,Fr,De,Es,It)|Action|3575A030
Body Count (Europe) (En,Fr,De,Es,It) (Beta)|Action|B4FFB6CE
Bonanza Bros. (Japan, Europe)|Action|ADF6476C
Bonanza Bros. (Japan, Europe) (Rev A)|Action|C6AAC589
Bonanza Bros. (World) (Rev B)|Action|20D1AD4C
Bonkers (USA, Europe)|Platform|D1E66017
Boogerman - A Pick and Flick Adventure (Europe)|Platform|DBC4340C
Boogerman - A Pick and Flick Adventure (USA)|Platform|1A7A2BEC
Boogie Woogie Bowling (Japan)|Sports|CCF52828
Boxing Legends of the Ring (USA)|Sports|00F225AC
Bram Stoker's Dracula (Europe)|Platform|9BA5A063
Bram Stoker's Dracula (USA)|Platform|077084A6
Brett Hull Hockey '95 (USA)|Sports|F7775A09
Brian Lara Cricket (Europe) (June 1995)|Sports|408CF5C3
Brian Lara Cricket (Europe) (March 1995)|Sports|90F5C2B7
Brian Lara Cricket 96 (Europe) (April 1996)|Sports|FE52F7E1
Brian Lara Cricket 96 (Europe) (March 1996)|Sports|FA3024AF
Brutal - Paws of Fury (Europe) (En,Fr,De)|Fighting|7E9A8D32
Brutal - Paws of Fury (USA)|Fighting|98D502CD
Bubba 'N' Stix (Europe)|Platform|B467432E
Bubba 'N' Stix (USA)|Platform|D45CB46F
Bubba N Stix (Europe) (Beta)|Platform|A8731CB4
Bubble and Squeak (Europe)|Action|86151BF1
Bubble and Squeak (USA)|Action|28C4A006
Bubsy II (USA, Europe)|Platform|F8BEFF56
Bubsy in - Claws Encounters of the Furred Kind (USA, Europe)|Platform|3E30D365
Buck Rogers - Countdown to Doomsday (USA, Europe)|RPG|44E3BFFF
Budokan - The Martial Spirit (Europe)|Fighting|97ADD5BD
Budokan - The Martial Spirit (USA)|Fighting|ACD9F5FC
Bugs Bunny in Double Trouble (USA)|Platform|365305A2
Bulls versus Blazers and the NBA Playoffs (USA, Europe)|Sports|D4E4B4E8
Bulls vs Lakers and the NBA Playoffs (USA, Europe)|Sports|E56023A0
Burning Force (Europe)|Shooter|776FF6FF
Burning Force (Japan)|Shooter|0C1DEB47
Burning Force (USA)|Shooter|BDC8F02C
Cadash (USA, Korea)|RPG|13BDF374
Caesar no Yabou (Japan)|Strategy|69796E93
Caesar no Yabou II (Japan)|Strategy|4F327B3A
Caesars Palace (USA)|Miscellaneous|8FDAA9BB
Cal Ripken Jr. Baseball (USA)|Sports|9B1C96C0
Caliber.50 (USA)|Shooter|44F4FA05
California Games (USA, Europe)|Sports|43B1B672
Cannon Fodder (Europe)|Action|AD217654
Captain America and the Avengers (Europe)|Action|43225612
Captain America and the Avengers (USA)|Action|E0639CA2
Captain America and the Avengers (USA) (Beta)|Action|BAAC59C0
Captain Lang (Japan) (En,Ja)|Platform|61BA8199
Captain Planet and the Planeteers (Europe)|Platform|7672EFA5
Captain Planet and the Planeteers (USA)|Platform|BF2CBD3A
Castle of Illusion - Fushigi no Oshiro Daibouken (Japan)|Platform|CE8333C6
Castle of Illusion Starring Mickey Mouse (USA, Europe)|Platform|BA4E9FD0
Castlevania - Bloodlines (USA)|Platform|FB1EA6DF
Castlevania - The New Generation (Europe)|Platform|4DD4E4A5
Castlevania - The New Generation (Europe) (Beta)|Platform|84CD103A
Centurion - Defender of Rome (USA, Europe)|Strategy|21283B14
Chakan (USA, Europe)|Platform|046A48DE
Chameleon Kid (Japan)|Platform|50217C80
Champions World Class Soccer (World) (En,Fr,De,Es)|Sports|883E33DB
Championship Bowling (USA)|Sports|1BF92520
Championship Pool (USA)|Sports|253512CF
Championship Pro-Am (USA)|Racing / Driving|B496DE28
Chaos Engine 2, The (Europe) (Proto)|Shooter|3FB045C2
Chaos Engine, The (Europe)|Shooter|BD9EECF4
Chase H.Q. II (USA)|Racing / Driving|F39E4BF2
Chavez II (USA)|Sports|5BC0DBB8
Cheese Cat-Astrophe Starring Speedy Gonzales (Europe)|Platform|FF634B28
Chelnov (Japan)|Shooter|B2FE74D8
Chester Cheetah - Too Cool to Fool (USA)|Platform|250E3EC3
Chester Cheetah - Wild Wild Quest (USA)|Platform|B97B735D
Chi Chi's Pro Challenge Golf (USA)|Sports|9C3973A4
Chibi Maruko-chan - Wakuwaku Shopping (Japan)|Miscellaneous|91A144B8
Chiki Chiki Boys (Japan, Korea)|Platform|06918C17
Chiki Chiki Boys (USA, Europe)|Platform|813A7D62
Chou Kyuukai Miracle Nine (Japan)|Sports|6D8C2206
Chou Touryuu Retsuden Dino Land (Japan)|Action|81F939DE
Chuck Rock (Europe)|Platform|7CD40BEA
Chuck Rock (USA)|Platform|F8AC454A
Chuck Rock II (Japan)|Platform|BFD24BE8
Chuck Rock II - Son of Chuck (Europe)|Platform|1ADE9488
Chuck Rock II - Son of Chuck (USA)|Platform|408B1CDB
Chuck Rock II - Son of Chuck (USA) (Beta)|Platform|D6A3B324
Classic Collection (Europe)|Miscellaneous|73F948B1
Clay Fighter (Europe)|Fighting|1AAF7707
Clay Fighter (USA)|Fighting|B12C1BC1
Cliffhanger (Europe)|Action|35BFF1FD
Cliffhanger (USA)|Action|9CBF44D3
Clue (USA)|Miscellaneous|7753A296
Coach K College Basketball (USA)|Sports|67C309C6
College Football USA 96 (USA)|Sports|B9075385
College Football USA 97 (USA)|Sports|2EBB90A3
College Football's National Championship (USA)|Sports|172C5DBB
College Football's National Championship II (USA)|Sports|65B64413
College Slam (USA)|Sports|96A42431
Columns (World)|Puzzle|03163D7A
Columns (World) (v1.1)|Puzzle|D783C244
Columns III (USA)|Puzzle|DC678F6D
Columns III - Taiketsu! Columns World (Japan, Korea)|Puzzle|CD07462F
Combat Cars (USA, Europe)|Simulation|E439B101
Comix Zone (Europe) (En,Fr,De,Es)|Action|1318E923
Comix Zone (Japan)|Action|7A6027B8
Comix Zone (USA)|Action|17DA0354
Comix Zone (USA) (Beta)|Action|2EFCB6EE
Comix Zone (USA) (Sega Smash Pack)|Action|2BB02A7D
Congo (Unknown) (Proto)|Action|13746716
Contra - Hard Corps (USA, Korea)|Shooter|C579F45E
Contra - The Hard Corps (Japan)|Shooter|2AB26380
Cool Spot (Europe)|Platform|5F09FA41
Cool Spot (Japan, Korea)|Platform|E869EFB1
Cool Spot (USA)|Platform|F024C1A1
Cool Spot (USA) (Beta)|Platform|0EBAA4A8
Corporation (Europe)|Action|A80D18AA
Cosmic Spacehead (USA, Europe) (En,Fr,De,Es)|Adventure|C593D31C
Crack Down (Japan, Europe)|Action|538AAA5D
Crack Down (Japan, Europe) (Rev A)|Action|D012A47A
Crack Down (USA)|Action|B9CE9051
Crayon Shin-chan - Arashi o Yobu Enji (Japan)|Platform|97FC42D2
Cross Fire (USA)|Shooter|CC73F3A9
Crude Buster (Japan)|Action|AFFB4B00
Crue Ball (Japan)|Action|514C53E2
Crue Ball - Heavy Metal Pinball (USA, Europe)|Action|4B195FC0
Crusader of Centy (USA)|RPG|41858F6F
Crying - Aseimei Sensou (Japan)|Shooter|4ABA1D6A
Crystal's Pony Tale (USA)|Platform|6CF7A4DF
Curse (Japan)|Shooter|A4FBF9A9
CutThroat Island (USA, Europe)|Action|EBABBC70
Cutie Suzuki no Ringside Angel (Japan)|Sports|13795DCA
Cyber Police ESWAT (Japan)|Platform|87B636A2
Cyber-Cop (USA)|Action|01E719C8
Cyberball (World)|Sports|76120E96
Cyborg Justice (USA, Europe)|Action|AB0D1269
DEcapAttack (USA, Europe)|Platform|73DC0DD8
DJ Boy (Europe)|Action|860E749A
DJ Boy (Japan)|Action|202ABAA8
DJ Boy (USA)|Action|DC9F02DB
Daffy Duck in Hollywood (Europe) (Beta)|Platform|0EAA4740
Daffy Duck in Hollywood (Europe) (En,Fr,De,Es,It)|Platform|1FDC66B0
Dahna (Korea)|Action|10829EA1
Dahna Megami Tanjou (Japan)|Action|4602584F
Daikoukai Jidai (Japan)|RPG|5A652458
Daikoukai Jidai II (Japan)|RPG|E040F0DA
Daimakai Mura (Japan)|Platform|5659F379
Daisenpuu ~ Twin Hawk (Japan, Europe)|Shooter|A2EC8C67
Dangerous Seed (Japan)|Shooter|A2990031
Darius II (Japan)|Shooter|25DFE62A
Dark Castle (USA, Europe)|Platform|0464ACA4
Darwin 4081 (Japan, Korea)|Shooter|7A33B0CB
Dashin' Desperadoes (USA)|Racing / Driving|DCB76FB7
Dashin' Desperadoes (USA) (Beta)|Racing / Driving|98D224A5
David Crane's Amazing Tennis (USA)|Sports|9177088C
David Robinson Basketball (Japan)|Sports|56164B00
David Robinson's Supreme Court (USA, Europe)|Sports|512B7599
Davis Cup Tennis (Japan)|Sports|802CD123
Davis Cup Tennis ~ Davis Cup World Tour (USA, Europe) (July 1993)|Sports|894686F0
Davis Cup Tennis ~ Davis Cup World Tour (USA, Europe) (June 1993)|Sports|7C6B0646
Daze Before Christmas (Australia)|Platform|B95E25C9
Daze Before Christmas (Australia) (Beta)|Platform|317C9491
Deadly Moves (USA)|Fighting|35CBD237
Death Duel (USA)|Shooter|A9804DCC
Death and Return of Superman, The (USA)|Action|982242D3
Demolition Man (USA) (Beta)|Platform|57FFAD7A
Demolition Man (USA, Europe)|Platform|5FF71877
Desert Demolition Starring Road Runner and Wile E. Coyote (USA, Europe)|Platform|C287343D
Desert Strike - Return to the Gulf (USA, Europe)|Action|67A9860B
Desert Strike - Wangan Sakusen ~ Desert Strike (Japan, Korea)|Action|1E740145
Devil Crash MD (Japan)|Action|4C4CAAD8
Devilish - The Next Possession (USA)|Action|D3F300AC
Dick Tracy (World)|Action|EF887533
Dick Vitale's 'Awesome, Baby!' College Hoops (USA)|Sports|1312CF22
Dino Dini's Soccer (Europe)|Sports|4608F53A
Dino Land (USA)|Action|5FE351B8
Dinosaur's Tale, A (USA)|Action|70155B5B
Disney Collection, The - QuackShot Starring Donald Duck + Castle of Illusion Starring Mickey Mouse (Europe)|Platform|ADFDE883
Divine Sealing (Japan) (Unl)|Shooter|CA72973C
Donald in Maui Mallard (Brazil)|Platform|5F9B9A48
Donald in Maui Mallard (Europe)|Platform|B2DD857F
Dong Gu Ri Te Chi Jak Jeon (Korea)|Puzzle|E32F0B1C
Doom Troopers (USA)|Action|11194414
Doraemon - Yume Dorobou to 7 Nin no Gozans (Japan)|Platform|EEED1130
Double Clutch (Europe)|Racing / Driving|D98C623C
Double Dragon (USA, Europe) (Unl)|Action|054F5D53
Double Dragon 3 - The Arcade Game (USA, Europe)|Action|B36AB75C
Double Dragon II - The Revenge (Japan)|Action|A8BFDBD6
Double Dragon V - The Shadow Falls (USA)|Fighting|27E59E35
Double Dribble - The Playoff Edition (USA)|Sports|8352B1D0
Dr. Robotnik's Mean Bean Machine (Europe)|Puzzle|70680706
Dr. Robotnik's Mean Bean Machine (USA)|Puzzle|C7CA517F
Dr. Robotnik's Mean Bean Machine (USA) (Beta)|Puzzle|4D0E5273
Dragon - The Bruce Lee Story (Europe)|Platform|FDEED51D
Dragon - The Bruce Lee Story (USA)|Platform|EFE850E5
Dragon Ball Z - Buyuu Retsuden (Japan)|Fighting|AF8F3371
Dragon Ball Z - L'Appel du Destin (France)|Fighting|F035C737
Dragon Slayer - Eiyuu Densetsu (Japan)|RPG|01BC1604
Dragon Slayer - Eiyuu Densetsu II (Japan)|RPG|46924DC3
Dragon's Eye Plus - Shanghai III (Japan)|Puzzle|81F0C3CF
Dragon's Fury (USA, Europe)|Action|58037BC6
Dragon's Lair (USA) (Proto)|Action|A33EB522
Dragon's Revenge (Japan) (En)|Action|D8D2EFD7
Dragon's Revenge (USA, Europe)|Action|841EDBC0
Dream Team USA (Japan)|Sports|E2E21B72
Duke Nukem 3D (Brazil)|Shooter|6BD2ACCB
Dune - The Battle for Arrakis (USA)|Strategy|4DEA40BA
Dune II - Kampf um den Wuestenplaneten (Germany)|Strategy|39790728
Dune II - The Battle for Arrakis (Europe)|Strategy|B58AE71D
Dungeons & Dragons - Warriors of the Eternal Sun (USA, Europe)|RPG|AF4A9CD7
Dyna Brothers (Japan)|Strategy|360C1B20
Dyna Brothers 2 (Japan)|Strategy|47E0A64E
Dyna Brothers 2 - Sega Channel Special (Japan) (Sega Channel)|Strategy|BA3554BC
Dynamite Duke (World)|Action|39D01C8C
Dynamite Duke (World) (Rev A)|Action|246F0BDA
Dynamite Headdy (Japan)|Platform|D03CDB53
Dynamite Headdy (Japan) (Beta)|Platform|5C25E934
Dynamite Headdy (USA, Europe)|Platform|3DFEEB77
EA Hockey (Europe)|Sports|9BFC279C
EA Hockey (Japan)|Sports|9DCDC894
EA Sports Double Header (Europe)|Miscellaneous|A0B54CBC
ESPN Baseball Tonight (USA)|Sports|96D8440C
ESPN National Hockey Night (USA)|Sports|1D08828C
ESPN National Hockey Night (USA) (Beta)|Sports|A427814A
ESPN Speed World (USA)|Racing / Driving|F50BE478
ESPN Speed World (USA) (Beta)|Racing / Driving|AB12849A
ESPN Sunday Night NFL (USA)|Sports|61E9C309
ESPN Sunday Night NFL (USA) (Beta)|Sports|D13AECDC
ESWAT - City Under Siege (USA, Europe)|Platform|E72F8A36
Earnest Evans (USA)|Platform|A243816D
Earth Defense (USA) (Unl)|Shooter|3519C422
Earthworm Jim (Europe)|Platform|1C07B337
Earthworm Jim (USA)|Platform|DF3ACF59
Earthworm Jim 2 (Europe)|Platform|AF235FDF
Earthworm Jim 2 (USA)|Platform|D57F8BA7
Ecco - The Tides of Time (Europe)|Platform|7B1BF89C
Ecco - The Tides of Time (USA)|Platform|CCB21F98
Ecco - The Tides of Time (USA) (Beta)|Platform|8DB60749
Ecco Jr. (USA, Australia) (February 1995)|Platform|6C6F4B89
Ecco Jr. (USA, Australia) (March 1995)|Platform|3C517975
Ecco the Dolphin (Japan)|Platform|6520304D
Ecco the Dolphin (USA, Europe)|Platform|45547390
Ecco the Dolphin II (Japan)|Platform|062D439C
El. Viento (Japan)|Platform|6091C36E
El. Viento (USA)|Platform|070A1CEB
Elemental Master (Japan)|Shooter|5F553E29
Elemental Master (USA)|Shooter|390918C6
Eliminate Down (Japan)|Shooter|48467542
Elitserien 95 (Sweden)|Sports|E10A25C0
Elitserien 96 (Sweden)|Sports|9821D0A3
Empire of Steel (Europe)|Shooter|E5517B77
Eternal Champions (Europe)|Fighting|B9512F5E
Eternal Champions (Europe) (Beta)|Fighting|E0665F06
Eternal Champions (Japan, Korea)|Fighting|66AA3C64
Eternal Champions (USA)|Fighting|48F1A42E
Europa Sensen (Japan)|Strategy|B0416C60
European Club Soccer (Europe)|Sports|6A5CF104
Evander Holyfield's 'Real Deal' Boxing (World)|Sports|4FEF37C8
Ex-Mutants (USA, Europe)|Platform|33B1979F
Ex-Ranza (Japan)|Shooter|349BB68D
Ex-Ranza (Japan) (Beta)|Shooter|C642FDF4
Exile (USA)|Platform|1B569DC2
Exile - Toki no Hazama he (Japan)|Platform|880BF311
Exo Squad (Europe)|Action|B599B9F9
Exo Squad (USA)|Action|10EC03F3
Exo Squad (USA) (Beta)|Action|70EDF964
Exodus - Journey to the Promised Land (USA) (Unl)|Action|22E6FC04
F-117 Night Storm (USA, Europe)|Simulation|1BF67A07
F-117 Stealth - Operation - Night Storm (Japan)|Simulation|EA6E421A
F-15 Strike Eagle II (Europe)|Simulation|E98EE370
F-15 Strike Eagle II (USA)|Simulation|412C4D60
F-15 Strike Eagle II (USA) (Beta 1)|Simulation|FD4F5A01
F-15 Strike Eagle II (USA) (Beta 2)|Simulation|DC5F07BA
F-22 Interceptor (Japan)|Action|FB55C785
F-22 Interceptor (USA) (Beta)|Action|D6A880A4
F-22 Interceptor (USA, Europe) (June 1992)|Action|DD19B2B3
F-22 Interceptor (USA, Europe) (September 1991)|Action|9CF552C2
F1 (Europe)|Racing / Driving|FBDD4520
F1 - World Championship Edition (Europe)|Racing / Driving|74CEE0A7
F1 - World Championship Edition (Europe) (Beta 1)|Racing / Driving|2269ED6B
F1 - World Championship Edition (Europe) (Beta 2)|Racing / Driving|5A72FCE8
F1 Circus MD (Japan)|Racing / Driving|5D30BEFB
FIFA 98 - Road to World Cup (Europe) (En,Fr,Es,It,Sv)|Sports|96947F57
FIFA International Soccer (Japan) (En,Ja)|Sports|B555E8B4
FIFA International Soccer (USA, Europe) (En,Fr,De,Es)|Sports|BDDBB763
FIFA Soccer 95 (Korea) (En,Fr,De,Es)|Sports|012591F9
FIFA Soccer 95 (USA, Europe) (En,Fr,De,Es)|Sports|B389D036
FIFA Soccer 96 (USA, Europe) (En,Fr,De,Es,It,Sv)|Sports|BAD30FFA
FIFA Soccer 97 (USA, Europe) (En,Fr,De,Es,It,Sv)|Sports|A33D5803
FZ Senki Axis ~ Final Zone (Japan, USA)|Action|731FA4A1
Faery Tale Adventure, The (USA, Europe)|RPG|963F4969
Family Feud (USA)|Miscellaneous|1AA628B0
Fantasia (World)|Platform|D351B242
Fantasia (World) (Rev A)|Platform|FC43DF2D
Fantastic Dizzy (USA, Europe) (En,Fr,De,Es,It)|Adventure|46447E7A
Fastest 1 (Japan)|Racing / Driving|BB43F0DE
Fatal Fury (Europe)|Fighting|2E730A91
Fatal Fury (USA)|Fighting|98D49170
Fatal Fury 2 (USA, Korea)|Fighting|1B1754CB
Fatal Labyrinth (USA, Europe)|RPG|5F0BD984
Fatal Rewind (Europe)|Platform|21DBB69D
Fatal Rewind (USA, Europe) (Rev A)|Platform|E91AED05
Fatman (Japan)|Fighting|7867DA3A
Feng Shen Ying Jie Chuan (China) (Unl)|RPG|6A382B60
Ferias Frustradas do Pica-Pau (Brazil)|Platform|7B2E416D
Ferrari Grand Prix Challenge (Europe) (Rev A)|Racing / Driving|250111DF
Ferrari Grand Prix Challenge (USA)|Racing / Driving|F73F6BEC
Fever Pitch Soccer (Europe) (En,Fr,De,Es,It)|Sports|FAC29677
Fido Dido (USA) (Proto)|Platform|C6D4A240
Fighting Masters (Japan, Korea)|Fighting|39BE80EC
Fighting Masters (USA)|Fighting|5F51983B
Final Blow (Japan)|Sports|48AD505D
Fire Mustang (Japan)|Shooter|EB7E36C3
Fire Shark (Europe)|Shooter|2351CE61
Fire Shark (USA)|Shooter|570B5024
Flashback (Europe) (Rev A)|Platform|6F311C83
Flashback (Japan)|Platform|B790E3B4
Flashback - The Quest for Identity (USA)|Platform|23A9616D
Flashback - The Quest for Identity (USA) (Alt 1)|Platform|33CD2B65
Flicky (USA, Europe)|Platform|4291C8AB
Flink (Europe)|Platform|BEF9A4F4
Flintstones, The (Europe)|Platform|21845D61
Flintstones, The (Japan)|Platform|920A3031
Flintstones, The (USA)|Platform|7C982C59
Foreman for Real (World)|Sports|36248F90
Forgotten Worlds (World)|Shooter|D0EE6434
Forgotten Worlds (World) (v1.1)|Shooter|95513985
Formula One (USA)|Racing / Driving|CCD73738
Frank Thomas Big Hurt Baseball (USA, Europe)|Sports|863E0950
Frogger (USA)|Action|EA2E48C0
From TV Animation Slam Dunk - Kyougou Makkou Taiketsu! (Japan)|Sports|CDF5678F
Fun 'n Games (Europe)|Miscellaneous|DA4AB3CD
Fun 'n' Games (USA)|Miscellaneous|B5AE351D
Fun Car Rally (USA) (Proto)|Simulation|42E27845
Funny World & Balloon Boy (USA) (Unl)|Miscellaneous|A82F05F0
Fushigi no Umi no Nadia (Japan)|Adventure|4762062A
G-LOC Air Battle (World)|Simulation|F2AF886E
G-LOC Air Battle (World) (Beta)|Simulation|175C7E63
GO-NET (Japan)|Miscellaneous|DB30F773
Gadget Twins (USA)|Action|7AE5E248
Gaiares (Japan, USA)|Shooter|5D8BF68B
Gain Ground (World)|Action|8641A2AB
Gain Ground (World) (Alt 1)|Action|83E7B8AE
Gain Ground (World) (Rev A)|Action|AEE20A64
Galaxy Force II (World)|Shooter|CAE883C5
Galaxy Force II (World) (Rev B)|Shooter|D15F5C3C
Gambler Jiko Chuushinha - Katayama Masayuki no Mahjong Doujou (Japan)|Miscellaneous|05650B7A
Garfield - Caught in the Act (USA, Europe)|Platform|F0FF078E
Gargoyles (USA)|Action|2D965364
Garou Densetsu - Shukumei no Tatakai (Japan)|Fighting|BF3E3FA4
Garou Densetsu 2 - Aratanaru Tatakai (Japan)|Fighting|2AF4427F
Garry Kitchen's Super Battletank - War in the Gulf (USA)|Action|B0B5E3C9
Gauntlet (Japan) (En,Ja)|Action|F9872055
Gauntlet IV (USA, Europe) (En,Ja) (August 1993)|Action|3BF46DCE
Gauntlet IV (USA, Europe) (En,Ja) (September 1993)|Action|F9D60510
Gemfire (USA)|Strategy|3D36135B
General Chaos (USA, Europe)|Action|F1ECC4DF
General Chaos Daikonsen (Japan)|Action|05CC7369
Generations Lost (USA, Europe)|Action|131F36A6
Genghis Khan II - Clan of the Gray Wolf (USA)|Strategy|87A281AE
George Foreman's KO Boxing (Europe)|Sports|BD556381
George Foreman's KO Boxing (USA)|Sports|E1FDC787
Ghostbusters (World)|Platform|00419DA3
Ghostbusters (World) (v1.1)|Platform|792DF93B
Ghouls'n Ghosts (USA, Europe)|Platform|D31BD910
Ghouls'n Ghosts (USA, Europe) (Rev A)|Platform|4F2561D5
Global Gladiators (Europe)|Platform|5C218C6A
Gods (Europe)|Platform|6C415016
Gods (Japan)|Platform|E4F50206
Gods (USA)|Platform|FD234CCD
Gods (USA) (Beta)|Platform|2C06BB64
Golden Axe (World)|Action|E8182B90
Golden Axe (World) (Sega Smash Pack)|Action|31227079
Golden Axe (World) (v1.1)|Action|665D7DF9
Golden Axe II (World)|Action|725E0A18
Golden Axe II (World) (Beta)|Action|E62EA1BB
Golden Axe III (Japan)|Action|C7862EA3
Goofy's Hysterical History Tour (USA)|Platform|4E1CC833
Gouketsuji Ichizoku (Japan)|Fighting|ABE9C415
Granada (Japan, USA)|Shooter|7F45719B
Granada (Japan, USA) (v1.1)|Shooter|E89D1E66
GrandSlam - The Tennis Tournament '92 (Japan)|Sports|30CF37D0
GrandSlam - The Tennis Tournament (Europe)|Sports|8C2670DE
Great Circus Mystery - Mickey to Minnie Magical Adventure 2 (Japan)|Platform|5AA0F3A0
Great Circus Mystery Starring Mickey & Minnie, The (USA)|Platform|14744883
Great Waldo Search, The (USA)|Puzzle|8C5C93B8
Greatest Heavyweights (Europe)|Sports|9778C181
Greatest Heavyweights (Japan)|Sports|7EF8B162
Greatest Heavyweights (USA)|Sports|6E3621D5
Greendog - The Beached Surfer Dude! (USA, Europe)|Platform|C4820A03
Grind Stormer (USA)|Shooter|7E6BEF15
Growl (USA)|Action|F60EF143
Gunship (Europe)|Simulation|DA1440C9
Gunstar Heroes (Europe)|Shooter|866ED9D0
Gunstar Heroes (Japan)|Shooter|1CFD0383
Gunstar Heroes (Japan) (Sample)|Shooter|6F90B502
Gunstar Heroes (USA)|Shooter|B813CF0D
Gynoug (Europe)|Shooter|03405102
Gynoug (Japan)|Shooter|1B69241F
Hard Drivin' (World)|Racing / Driving|3225BAAF
HardBall '94 (USA, Europe)|Sports|EA9C4878
HardBall '95 (USA)|Sports|ED10BC9E
HardBall III (USA) (Unl)|Sports|A4F2F011
HardBall! (USA) (Unl)|Sports|BD1B9A04
Haunting Starring Polterguy (USA, Europe)|Action|C9FC876D
Havoc (Europe)|Platform|76E6D20D
Head-On Soccer (USA)|Sports|DCFFA327
Heavy Nova (USA)|Fighting|F6B6A9D8
Heavy Unit - Mega Drive Special (Japan)|Shooter|1ACBE608
Hellfire (Europe)|Shooter|CF30ACEC
Hellfire (Japan)|Shooter|8E5E13BA
Hellfire (USA)|Shooter|184018F9
Herzog Zwei (Japan)|Strategy|4CF676B3
Herzog Zwei (USA, Europe)|Strategy|A605B65B
High Seas Havoc (USA)|Platform|17BE551C
Hit the Ice - VHL - The Official Video Hockey League (USA)|Sports|85B23606
Hokuto no Ken - Shin Seikimatsu Kyuuseishu Densetsu (Japan)|Action|1B6585E7
Home Alone (USA) (Beta)|Action|3A235FB9
Home Alone (USA, Europe)|Action|AA0D4387
Home Alone 2 - Lost in New York (USA)|Platform|CBF87C14
Honoo no Toukyuuji - Dodge Danpei (Japan)|Sports|630F07C6
Hook (Europe)|Platform|A154433A
Hook (USA)|Platform|2C48E712
Humans, The (USA)|Puzzle|A0CF4366
Hurricanes (Europe)|Platform|DECCC874
Hybrid Front, The (Japan)|Strategy|A1F1CFE7
Hybrid Front, The (Japan) (Beta)|Strategy|04F02687
Hyokkori Hyoutan-jima - Daitouryou wo Mezase! (Japan)|Puzzle|72253BDB
Hyper Dunk (Europe)|Sports|F27C576A
Hyper Dunk - The Playoff Edition (Japan)|Sports|5BAF53D7
Hyper Dunk - The Playoff Edition (Japan) (Beta)|Sports|DB124BBB
Hyper Marbles (Japan) (SegaNet)|Action|83BB2799
IMG International Tour Tennis (USA, Europe)|Sports|E04FFC2B
Ikasuze! Koi no Doki Doki Penguin Land MD (Japan) (SegaNet)|Puzzle|0053BFD6
Immortal, The (USA, Europe)|Adventure|F653C508
Incredible Crash Dummies, The (USA) (Beta)|Platform|623A920F
Incredible Crash Dummies, The (USA, Europe)|Platform|1F6E574A
Incredible Hulk, The (USA, Europe)|Platform|84A5A2DC
Indiana Jones and the Last Crusade (Europe)|Platform|EB8F4374
Indiana Jones and the Last Crusade (USA)|Platform|3599A3FD
Insector X (Japan, Korea)|Shooter|9625C434
Insector X (USA)|Shooter|70626304
Instruments of Chaos Starring Young Indiana Jones (USA)|Action|4E384EF0
Instruments of Chaos Starring Young Indiana Jones (USA) (Beta)|Action|AD6C2050
International Rugby (Europe)|Sports|D97D1699
International Superstar Soccer Deluxe (Europe)|Sports|9BB3B180
Ishido - The Way of Stones (USA) (Unl)|Puzzle|B1DE7D5E
It Came from the Desert (USA) (Proto)|Adventure|25AFB4F7
Itchy & Scratchy Game, The (USA) (Proto)|Platform|81B7725D
Izzy's Quest for the Olympic Rings (USA, Europe)|Platform|77B416E4
J. League Champion Soccer (Japan)|Sports|453C405E
J. League Pro Striker (Japan) (v1.0)|Sports|EC229156
J. League Pro Striker (Japan) (v1.3)|Sports|2D5B7A11
J. League Pro Striker 2 (Japan)|Sports|9FE71002
J. League Pro Striker Perfect (Japan)|Sports|0ABED379
Jack Nicklaus' Power Challenge Golf (USA, Europe)|Sports|5545E909
James 'Buster' Douglas Knockout Boxing (USA, Europe)|Sports|87BBCF2A
James Bond 007 - The Duel (Europe) (Rev A)|Platform|291A3E4B
James Bond 007 - The Duel (USA)|Platform|4E614548
James Pond - Underwater Agent (USA, Europe)|Platform|D0E7B466
James Pond 3 (USA, Europe)|Platform|26F64B2A
James Pond II (Japan, Korea)|Platform|98794702
James Pond II - Codename - Robocod (USA, Europe)|Platform|F4ABEDBA
Jammit (USA)|Sports|D91B52B8
Janou Touryuumon (Japan)|Miscellaneous|B5EF97C6
Jantei Monogatari (Japan)|Miscellaneous|8A1B19AD
Jashin Draxos (Japan, Korea)|Platform|1EA07AF2
Jelly Boy (Europe) (Proto)|Platform|7CFADC16
Jennifer Capriati Tennis (USA)|Sports|AB2ABC8E
Jeopardy! (USA)|Miscellaneous|56CFF3F1
Jeopardy! - Deluxe Edition (USA)|Miscellaneous|25E2F9D2
Jeopardy! - Sports Edition (USA)|Miscellaneous|13F924D2
Jerry Glanville's Pigskin Footbrawl (USA)|Sports|E7F48D30
Jewel Master (Japan)|Platform|2CF6926C
Jewel Master (USA, Europe) (Rev A)|Platform|CEE98813
Jim Power - The Arcade Game (USA) (Proto) [b]|Shooter|1CF3238B
Jimmy White's Whirlwind Snooker (Europe)|Sports|0AEF5B1F
Joe & Mac (USA)|Platform|85BCC1C7
Joe Montana Football (World)|Sports|8AA6A1DD
Joe Montana II Sports Talk Football (World)|Sports|F2363A4A
Joe Montana II Sports Talk Football (World) (Rev A)|Sports|A45DA893
John Madden Football '92 (USA, Europe)|Sports|046E3945
John Madden Football '93 (USA, Europe)|Sports|CA323B3E
John Madden Football (USA, Europe)|Sports|90FB8818
John Madden Football - Championship Edition (USA)|Sports|CA534B1A
John Madden Football - Pro Football (Japan)|Sports|0460611C
Jordan vs Bird (USA, Europe)|Sports|22D77E6D
Jordan vs Bird (USA, Europe) (v1.1)|Sports|4D3DDD7C
Jordan vs Bird - One on One (Japan)|Sports|8837E896
Joshua & the Battle of Jericho (USA) (Unl)|Action|DA9E25AA
JuJu Densetsu ~ Toki - Going Ape Spit (World)|Platform|D09B1EF1
JuJu Densetsu ~ Toki - Going Ape Spit (World) (Rev A)|Platform|7362C3F4
Judge Dredd (USA) (Beta)|Platform|8D46F4DA
Judge Dredd (USA) (Beta) (Alt 1)|Platform|E649F784
Judge Dredd (World)|Platform|EA342ED8
Junction (Japan, USA)|Puzzle|94CDCE8D
Jungle Book, The (Europe)|Platform|B9709A99
Jungle Book, The (USA)|Platform|3FB6D92E
Jungle Strike (USA) (Beta)|Shooter|0CD540D4
Jungle Strike (USA, Europe)|Shooter|A5D29735
Jungle Strike - Uketsugareta Kyouki (Japan)|Shooter|BA7A870B
Junker's High (Japan) (Beta) [b]|Racing / Driving|23534949
Jurassic Park (Europe)|Adventure|448341F6
Jurassic Park (Japan)|Adventure|EC8E5783
Jurassic Park (USA)|Adventure|7B31DEEF
Jurassic Park (USA) (Beta)|Adventure|CF890EED
Jurassic Park - Rampage Edition (USA, Europe)|Platform|98B4AA1B
Justice League Task Force (World)|Fighting|2A60EBE9
Juuouki (Japan)|Action|1B7C96C0
Juuouki (Japan) (v1.1)|Action|B2233E87
Juusou Kihei Leynos (Japan)|Shooter|81A2C800
Ka-Ge-Ki (Japan)|Fighting|391866A1
Ka-Ge-Ki - Fists of Steel (USA)|Fighting|EFFC0FA6
Kawasaki Superbike Challenge (USA) (Beta)|Racing / Driving|55934D1B
Kawasaki Superbike Challenge (USA, Europe)|Racing / Driving|631CC8E9
Kick Boxing, The (Japan, Korea)|Sports|9BDC230C
Kick Off 3 - European Challenge (Europe)|Sports|BC37401A
Kid Chameleon (USA, Europe)|Platform|CE36E6CC
Kidou Keisatsu Patlabor - 98-Shiki Kidou Seyo! (Japan)|Adventure|21A0E749
Killing Game Show, The (Japan)|Platform|B8E7668A
King Salmon (Japan)|Sports|2CFC9F61
King Salmon - The Big Catch (USA)|Sports|F516E7D9
King of the Monsters (Europe)|Fighting|7A94FD49
King of the Monsters (Japan)|Fighting|3AF7E74E
King of the Monsters (USA)|Fighting|F390D406
King of the Monsters 2 (USA)|Fighting|EE1638AC
King's Bounty - The Conqueror's Quest (USA, Europe)|Strategy|AA68A92E
Kishi Densetsu (Japan)|Strategy|22E1F04A
Kiss Shot (Japan) (SegaNet)|Sports|E487088C
Klax (Japan)|Puzzle|1AFCC1DA
Klax (USA, Europe)|Puzzle|248CD09E
Koutetsu Teikoku (Japan)|Shooter|755D0B8A
Krusty's Super Fun House (USA, Europe)|Puzzle|F764005E
Krusty's Super Fun House (USA, Europe) (v1.1)|Puzzle|56976261
Kujaku Ou 2 - Geneijou (Japan)|Platform|AFFD56BC
Kuuga - Operation Code 'Vapor Trail' (Japan)|Shooter|83B6B6BA
Kyuukai Douchuuki (Japan)|Sports|DE48DCE3
Kyuukyoku Tiger (Japan)|Shooter|61276D21
LHX Attack Chopper (Japan)|Simulation|224FF103
LHX Attack Chopper (USA, Europe)|Simulation|70C3428D
La Russa Baseball 95 (USA, Australia)|Sports|3F848A92
Lakers versus Celtics and the NBA Playoffs (USA)|Sports|0E33FC75
Landstalker (USA)|RPG|FBBB5B97
Landstalker (USA) (Beta)|RPG|70483D03
Landstalker - Die Schatze von Konig Nolo (Germany)|RPG|10FEDB8F
Landstalker - Koutei no Zaihou (Japan)|RPG|60D4CEDB
Landstalker - Le Tresor du Roi Nole (France)|RPG|5DE7D917
Landstalker - The Treasures of King Nole (Europe)|RPG|E3C65277
Langrisser (Japan)|Strategy|B6EA5016
Langrisser II (Japan)|Strategy|7F891DFC
Langrisser II (Japan) (v1.1)|Strategy|0CAA0593
Langrisser II (Japan) (v1.2)|Strategy|4967C9F9
Last Action Hero (USA, Europe)|Action|15357DDE
Last Battle (USA, Europe)|Action|BBFAAD77
Lawnmower Man, The (USA, Europe)|Action|A7CACD59
Legend of Galahad, The (USA, Europe)|Platform|679557BC
Legend of Wukong (World) (Unl)|RPG|72F11771
Legende de Thor, La (France)|RPG|B97CCA1C
Lemmings (Europe)|Puzzle|6A1A4579
Lemmings (Japan, USA)|Puzzle|F015C2AD
Lemmings (Japan, USA) (v1.1)|Puzzle|68C70362
Lemmings 2 - The Tribes (Europe)|Puzzle|741EB624
Lemmings 2 - The Tribes (USA)|Puzzle|DE59A3A3
Lethal Enforcers (Europe)|Shooter|CA2BF99D
Lethal Enforcers (Japan)|Shooter|F25F1E49
Lethal Enforcers (USA)|Shooter|51D9A84A
Lethal Enforcers (USA) (Beta) (1993-08-13)|Shooter|F4010503
Lethal Enforcers II - Gun Fighters (Europe)|Shooter|4BFE045C
Lethal Enforcers II - Gun Fighters (USA)|Shooter|E5FDD28B
Liberty or Death (USA)|Strategy|2ADB0364
Light Crusader (Europe) (En,Fr,De,Es)|RPG|52C7252B
Light Crusader (Japan)|RPG|237076A4
Light Crusader (Korea) (En,Ko)|RPG|6D0CBCB2
Light Crusader (USA)|RPG|BEB715DC
Lightening Force - Quest for the Darkstar (USA)|Shooter|C8F8C0E0
Lion King, The (World)|Platform|5696A5BC
Lobo (USA) (Proto)|Action|B5E09338
Lord Monarch - Tokoton Sentou Densetsu (Japan)|Strategy|238BF5DB
Lost Vikings, The (Europe)|Puzzle|1F14EFC6
Lost Vikings, The (Europe) (Beta)|Puzzle|17BED25F
Lost Vikings, The (USA)|Puzzle|7BA49EDB
Lost Vikings, The (USA)|Puzzle|7BA49EDB
Lost World, The - Jurassic Park (USA, Europe)|Action|140A284C
Lotus II (USA) (Beta)|Racing / Driving|2997B7D4
Lotus II (USA, Europe)|Racing / Driving|1D8EE010
Lotus Turbo Challenge (USA, Europe)|Racing / Driving|A3CF6E9C
M-1 Abrams Battle Tank (USA, Europe)|Action|1E2F74CF
MLBPA Baseball (USA)|Sports|14A8064D
MUSHA - Metallic Uniframe Super Hybrid Armor (USA)|Shooter|58A7F7B4
Ma Qiao E Mo Ta - Devilish Mahjong Tower (China) (Unl)|Miscellaneous|12E35994
Madden NFL '94 (USA, Europe)|Sports|D14B811B
Madden NFL 95 (USA, Europe)|Sports|DB0BE0C2
Madden NFL 96 (USA, Europe)|Sports|F126918B
Madden NFL 97 (USA, Europe)|Sports|C4B4E112
Madden NFL 98 (USA)|Sports|E051EA62
Madou Monogatari I (Japan)|RPG|DD82C401
Magic School Bus, The (USA)|Action|1A5D4412
Magical Hat no Buttobi Turbo! Daibouken (Japan)|Platform|E43E853D
Magical Taruruuto-kun (Japan)|Action|F11060A5
Mahjong Cop Ryuu - Shiro Ookami no Yabou (Japan)|Miscellaneous|1CCBC782
Mamono Hunter Youko - Dai 7 no Keishou (Japan)|Platform|10BB359B
Man Overboard! (Europe)|Platform|CAE0E3A6
Maou Renjishi (Japan)|Action|24A7F28C
Marble Madness (Japan)|Puzzle|775BC464
Marble Madness (USA, Europe)|Puzzle|79EBA28A
Mario Andretti Racing (USA, Europe)|Racing / Driving|7F1DC0AA
Mario Lemieux Hockey (USA, Europe)|Sports|F664EB6C
Marko (USA)|Platform|2B8C8CCE
Marko's Magic Football (Europe) (En,Fr,De,Es)|Platform|2307B905
Marko's Magic Football (Europe) (En,Fr,De,Es) (Beta)|Platform|0273E564
Marsupilami (Europe) (En,Fr,De,Es,It)|Platform|E09BBD70
Marsupilami (USA) (En,Fr,De,Es,It)|Platform|C76558DF
Marvel Land (Japan)|Platform|5D162D21
Marvel Land (USA)|Platform|CD7EEEB7
Mary Shelley's Frankenstein (USA)|Platform|48993DC3
Master of Monsters (Japan)|Strategy|D51EE8C2
Master of Monsters (USA)|Strategy|91354820
Master of Weapon (Japan)|Shooter|12AD6178
Maten no Soumetsu (Japan)|RPG|B804A105
Math Blaster - Episode 1 (USA)|Educational|D055A462
Mazin Saga (Asia)|Action|36459B59
Mazin Saga (Japan, Korea)|Action|45B3A34B
Mazin Saga - Mutant Fighter (USA)|Action|1BD9FEF1
Mazin Wars (Europe)|Action|4B07A105
McDonald's Treasure Land Adventure (Europe)|Platform|6AB6A8DA
McDonald's Treasure Land Adventure (Japan)|Platform|FEBCFD06
McDonald's Treasure Land Adventure (Japan) (Beta)|Platform|7BF477E8
McDonald's Treasure Land Adventure (USA)|Platform|04EF4899
Medal City (Japan) (SegaNet)|Miscellaneous|3EF4135D
Mega Bomberman (Europe)|Puzzle|54AB3BEB
Mega Bomberman (USA)|Puzzle|4BD6667D
Mega Games 2 (Europe)|Miscellaneous|30D59F2F
Mega Games 3 (Europe)|Miscellaneous|B4247D98
Mega Games 6 (Europe)|Miscellaneous|B66FB80D
Mega Games 6 Vol. 2 (Europe)|Miscellaneous|E8D10DB9
Mega Games I (Europe)|Miscellaneous|DB753224
Mega Lo Mania (Japan)|Strategy|A60D8619
Mega Man - The Wily Wars (Europe)|Platform|DCF6E8B2
Mega SWIV (Europe)|Shooter|78C2F046
Mega Turrican (Europe)|Platform|B1D15D0F
Mega Turrican (USA)|Platform|FE898CC9
Mega-Lo-Mania (Europe)|Strategy|2148D56D
Mega-Lo-Mania (Europe) (v1.1)|Strategy|AB9FED30
Mega-Lo-Mania (France)|Strategy|3B3231ED
MegaMind (Japan) (SegaNet)|Puzzle|76DF2AE2
MegaPanel (Japan)|Puzzle|6240F579
MegaTrax (Japan)|Racing / Driving|A0837741
Menacer 6-Game Cartridge (USA, Europe)|Shooter|936B85F7
Meng Huan Shui Guo Pan - 777 Casino (China) (Unl)|Miscellaneous|42DC03E4
Metal Fangs (Japan)|Racing / Driving|A8DF1C4C
Michael Jackson's Moonwalker (World)|Platform|6A70791B
Michael Jackson's Moonwalker (World) (Rev A)|Platform|11CE1F9E
Mick & Mack as the Global Gladiators (USA)|Platform|40F17BB3
Mick & Mack as the Global Gladiators (USA) (Beta)|Platform|08C2AF21
Mickey Mania - The Timeless Adventures of Mickey Mouse (Europe)|Platform|CB5A8B85
Mickey Mania - The Timeless Adventures of Mickey Mouse (Japan)|Platform|23180CF7
Mickey Mania - The Timeless Adventures of Mickey Mouse (USA)|Platform|629E5963
Mickey Mania - The Timeless Adventures of Mickey Mouse (USA) (Beta)|Platform|7FC1BDF0
Mickey's Ultimate Challenge (USA)|Action|30B512EE
Micro Machines (USA, Europe)|Racing / Driving|7FFBD1AD
Micro Machines (USA, Europe) (Alt 1)|Racing / Driving|E5CF560D
Micro Machines (USA, Europe) (MDMM ACD3)|Racing / Driving|50081A0B
Micro Machines 2 - Turbo Tournament (Europe) (J-Cart)|Racing / Driving|42BFB7EB
Micro Machines 2 - Turbo Tournament (Europe) (J-Cart) (Alt 1)|Racing / Driving|01C22A5D
Micro Machines Military (Europe) (J-Cart)|Simulation|B3ABB15E
Micro Machines Turbo Tournament 96 (Europe) (J-Cart)|Racing / Driving|7492B1DE
Micro Machines Turbo Tournament 96 (Europe) (v1.1) (J-Cart)|Racing / Driving|23319D0D
Midnight Resistance (Japan)|Shooter|8F3F6E4D
Midnight Resistance (USA)|Shooter|187C6AF6
Midway Presents Arcade's Greatest Hits (Europe)|Miscellaneous|C0DCE0E5
Mig-29 Fighter Pilot (Europe)|Simulation|70B0A5D7
Mig-29 Fighter Pilot (Japan)|Simulation|3D239046
Mig-29 Fighter Pilot (USA)|Simulation|59CCABB2
Might and Magic - Gates to Another World (USA, Europe)|RPG|F509145F
Mighty Morphin Power Rangers (Europe)|Action|7F96E663
Mighty Morphin Power Rangers (USA)|Action|715158A9
Mighty Morphin Power Rangers - The Movie (Europe)|Action|254A4972
Mighty Morphin Power Rangers - The Movie (USA)|Action|AA941CBC
Mike Ditka Power Football (USA, Europe) (Alt 1) (Unl)|Sports|DE50CA8E
Mike Ditka Power Football (USA, Europe) (Unl)|Sports|6078B310
Minato no Traysia (Japan)|RPG|BD89FD09
Minnesota Fats - Pool Legend (USA)|Sports|38174F40
Miracle Piano Teaching System, The (USA)|Educational|A719542E
Monopoly (USA)|Miscellaneous|C10268DA
Monopoly (USA) (Beta)|Miscellaneous|DFBCC3FA
Monster World IV (Japan)|Platform|36A3AAA4
Monster World IV (USA, Europe) (En,Ja) (Virtual Console)|Platform|AF050C46
Mortal Kombat (World)|Fighting|1AA3A207
Mortal Kombat (World) (v1.1)|Fighting|33F19AB6
Mortal Kombat 3 (Europe)|Fighting|AF6DE3E8
Mortal Kombat 3 (USA)|Fighting|DD638AF6
Mortal Kombat II (World)|Fighting|A9E013D8
Mr. Nutz (Europe)|Platform|0786EA0B
Mr. Nutz Hoppin' Mad (Europe) (Proto)|Platform|2BFCAA3E
Ms. Pac-Man (USA, Europe)|Action|AF041BE6
Mugen Senshi Valis (Japan)|Platform|24431625
Muhammad Ali Heavyweight Boxing (Europe)|Sports|A920C852
Muhammad Ali Heavyweight Boxing (USA)|Sports|B638B6A3
Muhammad Ali Heavyweight Boxing (USA) (Beta)|Sports|7B852653
Musha Aleste - Full Metal Fighter Ellinor (Japan)|Shooter|8FDE18AB
Mutant League Football (Japan)|Sports|2A97E6AF
Mutant League Football (USA, Europe)|Sports|DCE29C9D
Mutant League Hockey (USA, Europe)|Sports|3529180F
Mystic Defender (USA, Europe)|Platform|F9CE1AB8
Mystic Defender (USA, Europe) (Rev A)|Platform|50FD5D93
Mystical Fighter (USA)|Action|B2F2A69B
NBA Action '94 (USA)|Sports|99C348BA
NBA Action '95 Starring David Robinson (USA, Europe)|Sports|AA7006D6
NBA All-Star Challenge (USA, Europe)|Sports|C4674ADF
NBA Hang Time (Europe)|Sports|EDB4D4AA
NBA Hang Time (USA)|Sports|176B0338
NBA Jam (Japan)|Sports|A6C6305A
NBA Jam (USA, Europe)|Sports|10FA248F
NBA Jam (USA, Europe) (v1.1)|Sports|EB8360E6
NBA Jam - Tournament Edition (World)|Sports|E9FFCB37
NBA Live 95 (Korea)|Sports|779C1244
NBA Live 95 (USA, Europe)|Sports|66018ABC
NBA Live 96 (USA, Europe)|Sports|49DE0062
NBA Live 97 (USA, Europe)|Sports|7024843A
NBA Live 98 (USA)|Sports|23473A8A
NBA Playoffs - Bulls vs Blazers (Japan)|Sports|EAE8C000
NBA Pro Basketball '94 (Japan)|Sports|EEA19BCE
NBA Pro Basketball - Bulls vs Lakers (Japan)|Sports|4416CE39
NBA Showdown '94 (USA) (Unl) (Pirate)|Sports|6643A308
NBA Showdown '94 (USA, Europe)|Sports|160B7090
NCAA Final Four Basketball (USA)|Sports|ED0C1303
NCAA Football (USA)|Sports|081012F0
NFL '95 (USA, Europe)|Sports|B58E4A81
NFL 98 (USA)|Sports|F73EC54C
NFL Football '94 (Japan)|Sports|E490DC4A
NFL Football '94 Starring Joe Montana (USA)|Sports|0D486ED5
NFL Quarterback Club (World)|Sports|94542EAF
NFL Quarterback Club 96 (USA, Europe)|Sports|D5A37CAB
NFL Sports Talk Football '93 Starring Joe Montana (USA, Europe)|Sports|CE0B1FE1
NHK Taiga Drama - Taiheiki (Japan)|Strategy|09FBB30E
NHL '94 (USA, Europe)|Sports|9438F5DD
NHL 95 (USA, Europe)|Sports|E8EE917E
NHL 96 (USA, Europe)|Sports|8135702C
NHL 97 (USA, Europe)|Sports|F067C103
NHL 98 (USA)|Sports|7B64CD98
NHL All-Star Hockey '95 (USA)|Sports|E6C0218B
NHL Hockey (USA)|Sports|2641653F
NHLPA Hockey 93 (USA, Europe)|Sports|CBBF4262
NHLPA Hockey 93 (USA, Europe) (v1.1)|Sports|F361D0BF
Nakajima Satoru Kanshuu - F-1 Grand Prix (Japan)|Racing / Driving|93BE47CF
Nakajima Satoru Kanshuu - F-1 Hero MD (Japan)|Racing / Driving|24F87987
Nakajima Satoru Kanshuu - F-1 Super License (Japan)|Racing / Driving|8774BC79
Nekketsu Koukou Dodgeball-bu - Soccer Hen MD (Japan)|Sports|F49C3A86
New 3D Golf Simulation - Devil's Course (Japan)|Sports|BD090C67
New 3D Golf Simulation - Harukanaru Augusta (Japan)|Sports|D2A9BF92
New 3D Golf Simulation - Pebble Beach no Hatou (Japan)|Sports|96ED2E5D
New 3D Golf Simulation - Waialae no Kiseki (Japan)|Sports|CBE2C1F6
New Horizons (USA)|RPG|EAD69824
New Zealand Story, The (Japan)|Platform|1C77AD21
Newman Haas IndyCar featuring Nigel Mansell (World)|Racing / Driving|1233A229
Nigel Mansell's World Championship Racing (Europe)|Racing / Driving|3FE3D63B
Nigel Mansell's World Championship Racing (USA)|Racing / Driving|6BC57B2C
Nightmare Circus (Brazil)|Action|06DA3217
Nightmare Circus (Brazil) (Beta)|Action|31DE5A94
Nikkan Sports Pro Yakyuu Van (Japan)|Sports|C3655A59
Ninja Burai Densetsu (Japan)|Strategy|A8D828A0
Ninja Gaiden (Japan) (Proto) [b]|Platform|0D7F74BA
No Escape (USA)|Action|44EE5F20
Nobunaga no Yabou - Bushou Fuuunroku (Japan)|Strategy|30BF8637
Nobunaga no Yabou - Haouden (Japan)|Strategy|96C01FC6
Nobunaga no Yabou - Zenkoku Ban (Japan)|Strategy|1381B313
Nobunaga's Ambition (USA)|Strategy|B9BC07BC
Normy's Beach Babe-O-Rama (USA, Europe)|Action|B56A8220
Oh Mummy Genesis (World) (Unl)|Puzzle|B7F68B29
Olympic Gold (Europe) (En,Fr,De,Es,It,Nl,Pt,Sv)|Sports|924E57D3
Olympic Gold (Japan, USA) (En,Fr,De,Es,It,Nl,Pt,Sv) (Rev A)|Sports|E9C925B8
Olympic Gold (USA) (En,Fr,De,Es,It,Nl,Pt,Sv)|Sports|339594B4
Olympic Gold (USA) (En,Fr,De,Es,It,Nl,Pt,Sv) (Alt 1)|Sports|AF639376
Olympic Summer Games (USA, Europe)|Sports|9E470FB9
On Dal Jang Goon (Korea)|Platform|67CCB1CA
Onslaught (USA, Europe) (Unl)|Platform|9F19D6DF
Ooze, The (Europe)|Action|E16B102C
Ooze, The (Japan, USA)|Action|1C0DD42F
Operation Europe - Path to Victory 1939-45 (USA)|Strategy|E7CBA1D8
Osomatsu-kun Hachamecha Gekijou (Japan)|Action|2453350C
Ottifants, The (Europe)|Platform|41AC8003
Ottifants, The (Germany) (Beta)|Platform|C6E3DD23
Out of this World (USA)|Platform|2DA36E01
OutRun (Japan)|Racing / Driving|EE7D9F4A
OutRun (USA, Europe)|Racing / Driving|FDD9A8D2
OutRun (USA, Europe) (Sega Smash Pack)|Racing / Driving|E6821FB1
OutRun 2019 (Europe)|Racing / Driving|5CB3536A
OutRun 2019 (Japan)|Racing / Driving|0EAC7440
OutRun 2019 (USA)|Racing / Driving|E32E17E2
OutRun 2019 (USA) (Beta)|Racing / Driving|D2ECDDFA
OutRunners (Japan)|Racing / Driving|E164A09F
OutRunners (USA)|Racing / Driving|EDE636B9
Outlander (Europe)|Action|FE6F2350
Outlander (USA)|Action|C5BA7BBF
Ozaki Naomichi no Super Masters (Japan)|Sports|088BA825
P.T.O. - Pacific Theater of Operations (USA)|Strategy|D9D4C6E2
PGA European Tour (USA, Europe)|Sports|8CA45ACD
PGA Tour 96 (USA, Europe)|Sports|9698BBDE
PGA Tour Golf (USA, Europe) (v1.1)|Sports|0489FF8E
PGA Tour Golf (USA, Europe) (v1.2)|Sports|C1F0B4E1
PGA Tour Golf II (Japan)|Sports|C05B7A4A
PGA Tour Golf II (USA, Europe)|Sports|16B2D816
PGA Tour Golf II (USA, Europe) (v1.1)|Sports|E82B8606
PGA Tour Golf III (USA, Europe)|Sports|AEB3F65F
Pac-Attack (USA)|Puzzle|5DF382F7
Pac-Man 2 - The New Adventures (USA)|Platform|FE7A7ED1
Pac-Mania (USA, Europe)|Action|74BBA09B
Pac-Panic (Europe)|Puzzle|EBD6D5BA
Pachinko Kuunyan (Japan)|Miscellaneous|9D137E7F
Paddle Fighter (Japan) (SegaNet)|Sports|3D8147E6
Pagemaster, The (Europe)|Platform|79A180E2
Pagemaster, The (USA)|Platform|75A96D4E
Pagemaster, The (USA) (Beta)|Platform|29895E3D
Panorama Cotton (Japan)|Shooter|9E57D92E
Panorama Cotton (Japan) (Beta) (1993-11-27)|Shooter|54D82F86
Paperboy (Japan)|Action|E14250AE
Paperboy (USA, Europe)|Action|0A44819B
Paperboy 2 (USA, Europe)|Action|1DE28BB1
Party Quiz Mega Q (Japan)|Miscellaneous|9D4B447A
Pat Riley Basketball (USA)|Sports|3D9318A7
Pebble Beach Golf Links (Europe)|Sports|6CFC7297
Pebble Beach Golf Links (USA)|Sports|95823C43
Pele II - World Tournament Soccer (USA, Europe)|Sports|05A486E9
Pele! (USA, Europe)|Sports|5A8ABE51
Pepenga Pengo (Japan)|Puzzle|D1E2324B
Pete Sampras Tennis (USA, Europe) (J-Cart)|Sports|9EF5BBD1
Pete Sampras Tennis (USA, Europe) (J-Cart) (MDST6636)|Sports|94E505B2
Pete Sampras Tennis (USA, Europe) (J-Cart) (MDSTEE 13)|Sports|AA8B19BC
Phantasy Star - Sennenki no Owari ni (Japan)|RPG|F0BFAD42
Phantasy Star II (Brazil)|RPG|E6688B66
Phantasy Star II (USA, Europe)|RPG|0D07D0EF
Phantasy Star II (USA, Europe) (Rev A)|RPG|904FA047
Phantasy Star II - Amia's Adventure (Japan) (SegaNet)|RPG|A3A724AA
Phantasy Star II - Anne's Adventure (Japan) (SegaNet)|RPG|FAFA5B6F
Phantasy Star II - Huey's Adventure (Japan) (SegaNet)|RPG|1A076F83
Phantasy Star II - Kaerazaru Toki no Owari ni (Japan)|RPG|BEC8EB5A
Phantasy Star II - Kinds's Adventure (Japan) (SegaNet)|RPG|C334F308
Phantasy Star II - Nei's Adventure (Japan) (SegaNet)|RPG|3D9AD465
Phantasy Star II - Rudger's Adventure (Japan) (SegaNet)|RPG|6B5916D2
Phantasy Star II - Shilka's Adventure (Japan) (SegaNet)|RPG|1F83BEB2
Phantasy Star II - Yushis's Adventure (Japan) (SegaNet)|RPG|D40C76D6
Phantasy Star III - Generations of Doom (Brazil)|RPG|2E9B4C23
Phantasy Star III - Generations of Doom (USA, Europe)|RPG|C6B42B0F
Phantasy Star IV (Europe)|RPG|389C2968
Phantasy Star IV (USA)|RPG|FE236442
Phantom 2040 (Europe)|Platform|B024882E
Phantom 2040 (USA)|Platform|FB36E1F3
Phelios (Europe)|Shooter|13ABC2B2
Phelios (Japan)|Shooter|94596174
Phelios (USA)|Shooter|11C79320
Pier Solar and the Great Architects (World) (Beta) (Unl)|RPG|55FFB501
Pier Solar and the Great Architects (World) (En,Es,Pt) (Rev C) (Unl)|RPG|DFB94F1B
Pier Solar and the Great Architects (World) (En,Fr,De) (Rev A) (Unl)|RPG|4261EA9B
Pier Solar and the Great Architects (World) (En,Fr,De) (Rev B) (Unl)|RPG|25B7063E
Pink Goes to Hollywood (USA) (Beta)|Platform|56087CFF
Pink Goes to Hollywood (USA, Europe)|Platform|B5804771
Pinocchio (Europe)|Platform|28014BDC
Pinocchio (USA)|Platform|CD4128D8
Pirates of Dark Water, The (USA) (January 1994)|Action|0C45B9F7
Pirates of Dark Water, The (USA, Europe) (May 1994)|Action|0A62DE34
Pirates! Gold (USA)|Adventure|ED50E75C
Pirates! Gold (USA) (Beta)|Adventure|0A525641
Pit-Fighter (World)|Fighting|1E0E0831
Pit-Fighter (World) (Rev A)|Fighting|D48A8B02
Pitfall - The Mayan Adventure (Europe)|Platform|C9198E19
Pitfall - The Mayan Adventure (USA)|Platform|F917E34F
Pocahontas (Europe)|Platform|165E7987
Pocahontas (USA)|Platform|6DDD1C6D
Populous (Europe)|Strategy|83D56F64
Populous (Japan)|Strategy|97C26818
Populous (USA)|Strategy|BD74B31E
Power Athlete (Japan, Korea)|Fighting|B41B77CF
Power Drive (Europe) (En,Fr,De,Es,Pt)|Racing / Driving|8C00AD61
Power Monger (Japan, Korea)|Strategy|553289B3
Power Monger (USA, Europe)|Strategy|FB599B86
Powerball (USA)|Sports|7ADF232F
Predator 2 (USA, Europe)|Shooter|BDBA113E
Premier Manager (Europe)|Sports|303B889F
Premier Manager 97 (Europe)|Sports|FCCBF69B
Primal Rage (USA, Europe)|Fighting|2884C6D1
Prime Time NFL Starring Deion Sanders (USA)|Sports|5AA53CBC
Prince of Persia (Europe)|Platform|61DE6FE0
Prince of Persia (Europe) (Beta)|Platform|505314B6
Prince of Persia (Europe) (Beta) (Earlier)|Platform|425E6A87
Prince of Persia (USA)|Platform|13C181A4
Prince of Persia 2 - The Shadow and the Flame (Europe) (Proto)|Platform|3AB44D46
Pro Quarterback (USA)|Sports|CC8B2B69
Pro Striker Final Stage (Japan)|Sports|E35E25FB
Pro Yakyuu Super League '91 (Japan)|Sports|A948AB7E
Probotector (Europe) (En,Fr,De)|Shooter|BC597D48
Psy-O-Blade (Japan)|Adventure|8BA7E6C5
Psycho Pinball (Europe) (En,Fr,De,Es,It) (October 1994)|Action|D704784B
Psycho Pinball (Europe) (En,Fr,De,Es,It) (September 1994)|Action|11E9C3F2
Puggsy (Europe)|Platform|5D5C9ADE
Puggsy (USA)|Platform|70132168
Pulseman (Japan)|Platform|138A104E
Punisher, The (Europe)|Action|729EDD17
Punisher, The (USA)|Action|695CD8B8
Putter Golf (Japan) (SegaNet)|Sports|20F168A6
Putty Squad (Europe) (Proto)|Platform|2348DA80
Puyo Puyo (Japan)|Puzzle|7F26614E
Puyo Puyo 2 (Japan)|Puzzle|51AD7797
Puyo Puyo 2 (Japan) (v1.1)|Puzzle|25B7B2AA
Puzzle & Action - Ichidanto-R (Japan)|Miscellaneous|7BDEC762
Puzzle & Action - Tanto-R (Japan)|Miscellaneous|D2D2D437
Pyramid Magic (Japan) (SegaNet)|Puzzle|306D839E
Pyramid Magic II (Japan) (SegaNet)|Puzzle|C9DDAC72
Pyramid Magic III (Japan) (SegaNet)|Puzzle|8329820A
Pyramid Magic Special (Japan) (SegaNet)|Puzzle|153A3AFA
QuackShot Starring Donald Duck ~ QuackShot - I Love Donald Duck - Guruzia Ou no Hihou (World)|Platform|88C8DD94
QuackShot Starring Donald Duck ~ QuackShot - I Love Donald Duck - Guruzia Ou no Hihou (World) (v1.1)|Platform|1801098B
Quad Challenge (USA)|Racing / Driving|74736A80
R.B.I. Baseball '93 (USA)|Sports|BEAFCE84
R.B.I. Baseball '94 (USA, Europe)|Sports|4EB4D5E4
R.B.I. Baseball 3 (USA)|Sports|4840348C
R.B.I. Baseball 4 (Japan)|Sports|8F4E1005
R.B.I. Baseball 4 (USA)|Sports|FECF9B94
Race Drivin' (USA)|Racing / Driving|D737CF3D
Radical Rex (Europe)|Platform|D02D3282
Radical Rex (USA)|Platform|2E6EEC7E
Ragnacenty (Korea)|RPG|77B5B10B
Raiden Densetsu ~ Raiden Trad (Japan, USA)|Shooter|F839A811
Rainbow Islands Extra (Japan)|Platform|C74DCB35
Rambo III (World)|Shooter|2232F03D
Rambo III (World) (v1.1)|Shooter|4D47A647
Rampart (Japan, Korea)|Action|16EAD64C
Rampart (USA)|Action|9C4DD057
Ranger X (Europe)|Shooter|B8C04804
Ranger X (USA)|Shooter|55915915
Ransei no Hasha (Japan)|Strategy|A9A0083D
Rastan Saga II (Japan)|Action|EBACFB5A
Rastan Saga II (USA)|Action|C7EE8965
Red Zone (USA, Europe)|Action|56512EE5
Ren & Stimpy Show Presents, The - Stimpy's Invention (Europe)|Platform|C276C220
Ren & Stimpy Show Presents, The - Stimpy's Invention (USA)|Platform|D9503BA5
Ren & Stimpy Show Presents, The - Stimpy's Invention (USA) (Beta)|Platform|FCB86336
Rent a Hero (Japan)|RPG|2E515F82
Resq (Europe) (Proto)|Platform|558E35E0
Revenge of Shinobi, The (Japan) (En) (Beta) (1989-03-XX) (Sega Smash Pack)|Platform|FA1B8AEB
Revenge of Shinobi, The (USA, Europe)|Platform|05F27994
Revenge of Shinobi, The (USA, Europe) (Rev A)|Platform|FE91AB7E
Revenge of Shinobi, The (USA, Europe) (Rev B)|Platform|4D35EBE4
Revenge of Shinobi, The (World) (Rev C) (Virtual Console)|Platform|5CA24F66
Revolution X (USA, Europe)|Shooter|5FB0C5D4
Richard Scarry's Busytown (USA)|Action|7BB60C3F
Riddle Wired (Japan) (SegaNet)|Miscellaneous|FAE3D720
Rings of Power (USA, Europe)|RPG|41FCC497
Rise of the Robots (Europe)|Fighting|5650780B
Risk (USA)|Miscellaneous|80416D0D
Risky Woods (USA, Europe)|Platform|D975E93C
Ristar (USA, Europe) (August 1994)|Platform|9700139B
Ristar (USA, Europe) (September 1994)|Platform|6511AA61
Ristar - The Shooting Star (Japan, Korea)|Platform|CE464F0E
Road Rash (Japan)|Racing / Driving|256A21D2
Road Rash (USA, Europe)|Racing / Driving|DEA53D19
Road Rash 3 (USA) (Alpha)|Racing / Driving|B6626083
Road Rash 3 (USA, Europe)|Racing / Driving|15785956
Road Rash II (Japan)|Racing / Driving|9A5723B6
Road Rash II (USA, Europe)|Racing / Driving|7B29C209
Road Rash II (USA, Europe) (v1.2)|Racing / Driving|0876E992
RoadBlasters (Japan)|Racing / Driving|A0015440
RoadBlasters (USA)|Racing / Driving|EC6CD5F0
RoboCop 3 (USA, Europe)|Platform|34FB7B27
RoboCop versus The Terminator (Europe)|Platform|85A93F8D
RoboCop versus The Terminator (Europe) (Beta)|Platform|2487049F
RoboCop versus The Terminator (Japan, Korea)|Platform|D444E1F0
RoboCop versus The Terminator (USA)|Platform|BBAD77A4
Robot Battler (Japan) (SegaNet)|Action|FDF23EFF
Robot Wreckage (USA) (Proto)|Action|C67DDB14
Rock 'n' Roll Racing (Europe)|Racing / Driving|BC5A0562
Rock n' Roll Racing (USA)|Racing / Driving|6ABAB577
Rocket Knight Adventures (Europe)|Platform|8EEDFD51
Rocket Knight Adventures (Japan)|Platform|D1C8C1C5
Rocket Knight Adventures (USA)|Platform|A6EFEC47
Rocket Knight Adventures (USA) (Sample)|Platform|9CBEE37B
Rockman - Mega World (Japan)|Platform|4D87235E
Rockman - Mega World (Japan) (Alt 1)|Platform|85C956EF
Roger Clemens' MVP Baseball (USA)|Sports|83699E34
Rolling Thunder 2 (Europe)|Shooter|C440F292
Rolling Thunder 2 (Japan)|Shooter|965B2628
Rolling Thunder 2 (USA)|Shooter|3ACE429B
Rolling Thunder 3 (USA)|Shooter|64FB13AA
Rolo to the Rescue (USA, Europe)|Platform|306861A2
Romance of the Three Kingdoms II (USA)|Strategy|3D842478
Romance of the Three Kingdoms III - Dragon of Destiny (USA)|Strategy|7E41C8FE
Royal Blood (Japan)|Strategy|0E0107F1
Rugby World Cup 95 (USA, Europe) (En,Fr,It)|Sports|61F90A8A
Runark (Japan, Korea)|Action|0894D8FB
Ryuuko no Ken (Japan)|Fighting|054CF5F6
SD Valis (Japan)|Platform|1AEF72EA
Sagaia (USA)|Shooter|F1E22F43
Saint Sword (Japan)|Action|3960A00F
Saint Sword (USA)|Action|44F66BFF
Same! Same! Same! (Japan)|Shooter|77BBD841
Sampras Tennis 96 (Europe) (J-Cart)|Sports|14E3FB7B
Samurai Shodown (Europe)|Fighting|C972014F
Samurai Shodown (USA)|Fighting|5BB8B2D4
Samurai Spirits (Japan)|Fighting|0EA2AE36
San Guo Zhi Lie Zhuan - Luan Shi Qun Ying (China)|Strategy|3B5CC398
Sangokushi II (Japan)|Strategy|437BA326
Sangokushi III (Japan)|Strategy|A8DE6AEA
Sangokushi Retsuden - Ransei no Eiyuutachi (Japan)|Strategy|0F56785A
Sansan (Japan)|Miscellaneous|5B85DEED
Saturday Night Slammasters (Europe)|Sports|08FA5A3F
Saturday Night Slammasters (USA)|Sports|2FB4EABA
Scooby-Doo Mystery (USA)|Adventure|7BB9DD9B
Scrabble (Europe) (Proto)|Miscellaneous|360B2610
SeaQuest DSV (Europe)|Action|0BB511BD
SeaQuest DSV (USA)|Action|25B05480
Second Samurai (Europe)|Action|78E92143
Sega Sports 1 (Europe)|Miscellaneous|07FEDAF1
Senjou no Ookami II ~ Mercs (World)|Shooter|16113A72
Sensible Soccer (Europe) (En,Fr,De,It)|Sports|F9B396B8
Sesame Street Counting Cafe (USA)|Educational|0A4F48C3
Shadow Blasters (USA)|Action|713D377B
Shadow Dancer - The Secret of Shinobi (World)|Platform|EBE9AD10
Shadow of the Beast (USA, Europe)|Platform|BD385C27
Shadow of the Beast - Mashou no Okite (Japan)|Platform|0CD09D31
Shadow of the Beast II (USA, Europe)|Action|2DEDE3DB
Shadowrun (Japan)|RPG|D32199F7
Shadowrun (USA)|RPG|FBB92909
Shane Warne Cricket (Australia)|Sports|68865F6F
Shanghai II - Dragon's Eye (USA)|Puzzle|EBE9E840
Shanghai II - Dragon's Eye (USA) (Beta)|Puzzle|154ACA2D
Shaq-Fu (USA, Europe)|Fighting|499955F2
Shi no Meikyuu - Labyrinth of Death (Japan) (SegaNet)|RPG|A6D7E02D
Shijou Saidai no Soukoban (Japan)|Puzzle|40F4AACC
Shikinjou (Japan)|Puzzle|5EA0C97D
Shin Souseiki Ragnacenty (Japan)|RPG|6A3F5AE2
Shining Force (USA)|Strategy|E0594ABE
Shining Force (USA) (Beta)|Strategy|CE67143A
Shining Force - Kamigami no Isan (Japan)|Strategy|9378FBCD
Shining Force II (Europe)|Strategy|83CB46D1
Shining Force II (USA)|Strategy|4815E075
Shining Force II - Inishie no Fuuin (Japan)|Strategy|0288F3E1
Shining and the Darkness (Japan)|RPG|496AF51C
Shining in the Darkness (Brazil)|RPG|3EE2BBC4
Shining in the Darkness (USA, Europe)|RPG|4D2785BC
Shinobi III - Return of the Ninja Master (Europe)|Platform|0B6D3EB5
Shinobi III - Return of the Ninja Master (USA)|Platform|5381506F
Shiten Myouou (Japan)|Action|7E729693
Shougi no Hoshi (Japan)|Miscellaneous|4148F816
Shove It! ...The Warehouse Game (USA)|Puzzle|C51F40CB
Show do Milhao (Brazil)|Miscellaneous|0A22DF04
Show do Milhao Volume 2 (Brazil)|Miscellaneous|48EE66CB
Show do Milhao Volume 2 (Brazil) (Alt 1)|Miscellaneous|D8C9AC6D
Shui Hu - Feng Yun Zhuan (China) (Unl)|Action|3E9E010C
Shura no Mon (Japan)|Strategy|E19DA6E5
Side Pocket (Europe)|Sports|36E08145
Side Pocket (Japan)|Sports|336BBF3E
Side Pocket (USA)|Sports|AF9F275D
Simpsons, The - Bart vs. the Space Mutants (USA, Europe)|Platform|C8620574
Simpsons, The - Bart vs. the Space Mutants (USA, Europe) (Rev A)|Platform|DB70E8CA
Simpsons, The - Bart's Nightmare (USA, Europe)|Action|24D7507C
Skeleton Krew (Europe)|Action|5F872737
Skeleton Krew (USA)|Action|C2E05ACB
Skitchin' (USA, Europe)|Sports|F785F9D7
Slam - Shaq vs. the Legends (USA) (Proto)|Sports|C19C200E
Slap Fight MD (Japan)|Shooter|D6695695
Slaughter Sport (USA)|Fighting|AF9F9D9C
Slime World (Japan)|Action|7FF5529F
Smurfs Travel the World, The (Europe) (En,Fr,De,Es)|Platform|B28BDD69
Smurfs, The (Europe) (En,Fr,De,Es,It) (Rev A)|Platform|88B30EFF
Snake Rattle n Roll (Europe)|Platform|543BED30
Snow Bros. - Nick & Tom (Japan)|Platform|11B56228
Socket (USA)|Platform|3C14E15A
Sol-Deace (USA)|Shooter|A77E4E9F
Soldiers of Fortune (USA)|Shooter|A84D28A1
Soleil (Europe)|RPG|A30EBDB1
Soleil (France)|RPG|08DC1EAD
Soleil (Germany)|RPG|332B9ECD
Soleil (Japan) (Beta)|RPG|43797455
Soleil (Spain)|RPG|9ED4C323
Sonic & Knuckles (World)|Platform|0658F691
Sonic & Knuckles + Sonic The Hedgehog (World)|Platform|E01F6ED5
Sonic & Knuckles + Sonic The Hedgehog 2 (World)|Platform|2AC1E7C6
Sonic & Knuckles + Sonic The Hedgehog 3 (World)|Platform|63522553
Sonic 3D Blast (USA) (Beta)|Platform|D20F385B
Sonic 3D Blast ~ Sonic 3D Flickies' Island (USA, Europe)|Platform|44A2CA44
Sonic Compilation (Europe)|Miscellaneous|8C70B84E
Sonic Compilation ~ Sonic Classics (World) (v1.1)|Miscellaneous|95B5E8D7
Sonic Crackers (Japan) (Proto)|Platform|7FADA88D
Sonic Eraser (Japan) (SegaNet)|Puzzle|62D8A0E7
Sonic Spinball (Japan)|Puzzle|ACD08CE8
Sonic The Hedgehog (Japan, Korea)|Platform|AFE05EEE
Sonic The Hedgehog (USA, Europe)|Platform|F9394E97
Sonic The Hedgehog (World) (GameCube Edition)|Platform|6382B2C5
Sonic The Hedgehog 2 (World)|Platform|24AB4C3A
Sonic The Hedgehog 2 (World) (Beta 1)|Platform|39FAAA70
Sonic The Hedgehog 2 (World) (Beta 2)|Platform|EEA21B5C
Sonic The Hedgehog 2 (World) (Rev A)|Platform|7B905383
Sonic The Hedgehog 3 (Europe)|Platform|6A632503
Sonic The Hedgehog 3 (Japan, Korea)|Platform|F4951D1F
Sonic The Hedgehog 3 (USA)|Platform|9BC192CE
Sonic The Hedgehog Spinball (Europe)|Puzzle|AEA0786D
Sonic The Hedgehog Spinball (USA)|Puzzle|677206CB
Sonic The Hedgehog Spinball (USA) (Alt 1)|Puzzle|E9960371
Sonic The Hedgehog Spinball (USA) (Beta)|Puzzle|B1524979
Sorcer Kingdom (Japan)|RPG|944135CA
Sorcerer's Kingdom (USA)|RPG|CBE6C1EA
Sorcerer's Kingdom (USA) (v1.1)|RPG|BB1FC9CE
Sorcerian (Japan)|RPG|A143A8C5
Space Funky B.O.B. (Japan)|Platform|E9310D3B
Space Harrier II (Japan) (Launch Cart)|Shooter|EDC0FB28
Space Harrier II (World)|Shooter|E5C9CBB0
Space Invaders '91 (USA)|Shooter|BB83B528
Space Invaders 90 (Japan)|Shooter|22ADBD66
Sparkster (Europe)|Platform|D63E9F2D
Sparkster (USA)|Platform|6BDB14ED
Sparkster - Rocket Knight Adventures 2 (Japan)|Platform|914EC662
Speedball 2 (Europe)|Sports|056A6E03
Speedball 2 (Japan)|Sports|F5442334
Speedball 2 - Brutal Deluxe (USA)|Sports|9FC340A7
Spider-Man (USA) (Acclaim) (Beta)|Adventure|B88A710D
Spider-Man (USA) (Acclaim) (Beta) (Earlier)|Adventure|83E1FE76
Spider-Man (USA, Europe) (Acclaim)|Adventure|11B5B590
Spider-Man (World) (Sega)|Adventure|70AB775F
Spider-Man - X-Men - Arcade's Revenge (USA, Europe)|Platform|4A4414EA
Spider-Man . Venom - Maximum Carnage (World)|Action|8FA0B6E6
Spiritual Warfare (USA) (Unl)|Action|D9A364FF
Spirou (Europe) (En,Fr,De,Es)|Platform|6634B130
Splatterhouse 2 (Europe)|Action|2559E03C
Splatterhouse 2 (USA)|Action|2D1766E9
Splatterhouse 3 (USA)|Action|00F05D07
Splatterhouse Part 2 (Japan)|Action|9FB70301
Splatterhouse Part 3 (Japan, Korea)|Action|31B83D22
Sports Talk Baseball (USA)|Sports|0DEB79C2
Spot Goes to Hollywood (Europe)|Platform|FBE254EA
Spot Goes to Hollywood (USA)|Platform|BDAD1CBC
Squirrel King (China) (Unl)|Platform|B8261FF5
Star Control (USA) (Unl)|Strategy|8E2BCEAF
Star Cruiser (Japan)|Adventure|2B75B52F
Star Odyssey (USA) (Beta) (1992-1-16)|RPG|FBBD7EF4
Star Odyssey (World) (Unl)|RPG|0B670A3E
Star Trek - Deep Space Nine - Crossroads of Time (Europe)|Adventure|D4B122F9
Star Trek - Deep Space Nine - Crossroads of Time (USA)|Adventure|A771E1A4
Star Trek - The Next Generation - Echoes from the Past (USA)|Adventure|272153FB
Star Trek - The Next Generation - Echoes from the Past (USA) (v1.1)|Adventure|EF840EF2
Starflight (USA, Europe)|RPG|D550C928
Starflight (USA, Europe) (v1.1)|RPG|1217DBEA
Stargate (Europe) (Beta)|Platform|8DC8AB23
Stargate (USA) (Sample) (NGen)|Platform|51946EA9
Stargate (USA, Europe)|Platform|E587069E
Steel Empire (USA)|Shooter|D0E7A0B6
Steel Talons (Japan, Korea)|Shooter|04F388E6
Steel Talons (USA) (Beta)|Shooter|C4052F18
Steel Talons (USA, Europe)|Shooter|10E4EC63
Stone Protectors (USA) (Proto)|Action|FBF0D54F
Stormlord (Japan)|Action|0B440FED
Stormlord (USA)|Action|39AB50A5
Story of Thor, The (Europe)|RPG|1110B0DB
Story of Thor, The (Germany)|RPG|FA20D011
Story of Thor, The (Japan) (Beta) [b]|RPG|BFC11649
Story of Thor, The (Korea)|RPG|EE1603C5
Story of Thor, The (Spain)|RPG|4631F941
Story of Thor, The - Hikari o Tsugumono (Japan)|RPG|4F39783C
Street Fighter II' - Special Champion Edition (Europe)|Fighting|56D41136
Street Fighter II' - Special Champion Edition (USA)|Fighting|13FE08A1
Street Fighter II' Plus - Champion Edition (Asia)|Fighting|2E487EE3
Street Racer (Europe)|Racing / Driving|1A58D5FE
Street Smart (Japan, USA)|Fighting|B1DEDFAD
Streets of Rage 2 (USA)|Action|E01FA526
Streets of Rage 3 (Asia)|Action|90EF991E
Streets of Rage 3 (Europe)|Action|3B78135F
Streets of Rage 3 (USA)|Action|D5BB15D9
Strider (USA, Europe)|Platform|B9D099A4
Strider Hiryuu (Japan, Korea)|Platform|859173F2
Strider II (Europe)|Platform|E85E5270
Strider Returns - Journey from Darkness (USA)|Platform|42589B79
Striker (Europe)|Sports|CC5D7AB2
Striker (Europe) (Beta)|Sports|C10B270E
Sub-Terrania (Europe)|Shooter|E8CED28D
Sub-Terrania (Japan)|Shooter|7638EA91
Sub-Terrania (USA)|Shooter|DC3C6C45
Sub-Terrania (USA) (Beta)|Shooter|3A1022D1
Sub-Terrania (USA) (Beta) (Earlier)|Shooter|9C13D25C
Summer Challenge (USA, Europe) (Unl)|Sports|D7D53DC1
Sunset Riders (Europe)|Shooter|0FF33054
Sunset Riders (USA)|Shooter|AC30C297
Super Airwolf (Japan)|Shooter|FA451982
Super Baseball 2020 (USA, Europe)|Sports|C17ACEE5
Super Battleship (USA)|Strategy|99CA1BFB
Super Daisenryaku (Japan)|Strategy|D50A166F
Super Daisenryaku (Japan) (Rev A)|Strategy|11645D6E
Super Fantasy Zone (Europe)|Shooter|927975BE
Super Fantasy Zone (Japan)|Shooter|767780D7
Super H.Q. (Japan)|Racing / Driving|AB2C52B0
Super Hang-On (World) (En,Ja)|Racing / Driving|CB2201A3
Super Hang-On (World) (En,Ja) (Rev A)|Racing / Driving|3877D107
Super Hang-On (World) (Sega Smash Pack)|Racing / Driving|7E892199
Super High Impact (USA)|Sports|B870C2F7
Super Hydlide (Europe)|RPG|1FE2D90B
Super Hydlide (Japan)|RPG|599BE386
Super Hydlide (USA)|RPG|1335DDAA
Super Kick Off (Europe)|Sports|F43793FF
Super League (Europe)|Sports|55BAEC6E
Super League (Japan)|Sports|EA13CB1D
Super Monaco GP (Japan) (En,Ja)|Racing / Driving|90F9BAB3
Super Monaco GP (Japan, Europe) (En,Ja)|Racing / Driving|B1823595
Super Monaco GP (Japan, Europe) (En,Ja) (Rev A)|Racing / Driving|BE91B28A
Super Monaco GP (USA) (En,Ja)|Racing / Driving|725018EE
Super Off Road (USA, Europe) (Unl)|Racing / Driving|8F2FDADA
Super Real Basketball (Europe)|Sports|F04765BA
Super Real Basketball (Japan, Korea)|Sports|4346E11A
Super Shinobi II, The (Japan) (Beta)|Platform|C47E8AEA
Super Shinobi II, The (Japan) (Beta) (Earlier)|Platform|1EE5BCE3
Super Shinobi II, The (Japan, Korea)|Platform|5B412816
Super Shinobi, The (Japan)|Platform|5C7E5EA6
Super Skidmarks (Europe) (Beta)|Racing / Driving|A61A0F0C
Super Skidmarks (Europe) (J-Cart)|Racing / Driving|4A9C62F9
Super Smash T.V. (USA, Europe)|Shooter|F22412B6
Super Street Fighter II (Europe)|Fighting|682C192F
Super Street Fighter II (USA)|Fighting|165DEFBF
Super Street Fighter II - The New Challengers (Japan)|Fighting|D8EEB2BD
Super Thunder Blade (Japan) (Launch Cart)|Shooter|8BD77836
Super Thunder Blade (World)|Shooter|B13087EE
Super Volley Ball (Japan)|Sports|9B5C28EA
Super Volley Ball (USA)|Sports|85102799
Superman (USA)|Action|543A5869
Superman (USA) (Beta)|Action|5CD0E1D4
Superman - The Man of Steel (Europe)|Action|7DB434BA
Surging Aura (Japan)|RPG|65AC1D2B
Swamp Thing (USA) (Proto)|Platform|82013EF6
Sword of Sodan (Japan)|Action|58EDB3F3
Sword of Sodan (USA, Europe)|Action|9CB8468F
Sword of Vermilion (USA, Europe)|RPG|EA1BC9AB
Syd of Valis (USA)|Platform|37DC0108
Sylvester & Tweety in Cagey Capers (Europe)|Platform|89FC54CE
Sylvester and Tweety in Cagey Capers (USA)|Platform|9D9C786B
Syndicate (USA, Europe)|Strategy|95BBF87B
T2 - Terminator 2 - Judgment Day (USA, Europe)|Action|2F75E896
T2 - The Arcade Game (Japan)|Shooter|5E6FE52C
T2 - The Arcade Game (USA) (Beta)|Shooter|94255703
T2 - The Arcade Game (USA, Europe)|Shooter|A1264F17
TNN Bass Tournament of Champions (USA)|Sports|C83FFA1B
TNN Outdoors Bass Tournament '96 (USA)|Sports|5C523C0B
Taikou Risshiden (Japan)|RPG|F96FE15B
TaleSpin (USA, Europe)|Shooter|F5C0C8D0
Talmit's Adventure (Europe)|Platform|05DC3FFC
Target Earth (USA)|Shooter|CDDF62D3
Task Force Harrier EX (Japan)|Shooter|E9A54EED
Task Force Harrier EX (USA)|Shooter|C8BB0257
Tatsujin ~ Truxton (World)|Shooter|5BD0882D
Taz in Escape from Mars (Europe)|Platform|62100099
Taz in Escape from Mars (USA)|Platform|62009F8C
Taz-Mania (World)|Platform|0E901F45
Team USA Basketball (USA, Europe)|Sports|A0CAF97E
TechnoClash (USA, Europe)|Action|4E65E483
Technocop (USA)|Action|7459AD06
Technocop (USA) (Beta)|Action|059AC8FB
Tecmo Cup (Japan) (Proto) [b]|Sports|88FDD060
Tecmo Super Baseball (USA)|Sports|227A1178
Tecmo Super Bowl (Japan)|Sports|90C6E20C
Tecmo Super Bowl (USA) (October 1993)|Sports|21F27D34
Tecmo Super Bowl (USA) (September 1993)|Sports|BD5933EE
Tecmo Super Bowl II - Special Edition (Japan)|Sports|32FB633D
Tecmo Super Bowl II - Special Edition (USA)|Sports|0A0E67D8
Tecmo Super Bowl III - Final Edition (USA)|Sports|AAE4089F
Tecmo Super Hockey (USA)|Sports|5F86DDC9
Tecmo Super NBA Basketball (Japan)|Sports|79F33EB6
Tecmo Super NBA Basketball (USA)|Sports|53913991
Tecmo World Cup '92 (Japan)|Sports|5E93C8B0
Tecmo World Cup (USA)|Sports|CAF8EB2C
Teddy Boy Blues (Japan) (SegaNet)|Platform|733D2EB3
Teenage Mutant Hero Turtles - The Hyperstone Heist (Europe)|Action|966D5286
Teenage Mutant Hero Turtles - Tournament Fighters (Europe)|Fighting|3CD2B7E6
Teenage Mutant Ninja Turtles - Return of the Shredder (Japan)|Action|1B003498
Teenage Mutant Ninja Turtles - The Hyperstone Heist (USA)|Action|679C41DE
Teenage Mutant Ninja Turtles - Tournament Fighters (Japan)|Fighting|8843F2C9
Teenage Mutant Ninja Turtles - Tournament Fighters (USA)|Fighting|95B5484D
Teitoku no Ketsudan (Japan)|Strategy|9B08E4E4
Tel-Tel Mahjong (Japan)|Miscellaneous|44817E92
Tel-Tel Stadium (Japan)|Sports|54CF8C29
Terminator, The (Europe)|Platform|15F4D302
Terminator, The (USA)|Platform|31A629BE
Test Drive II - The Duel (USA, Europe) (Unl)|Racing / Driving|F9BDF8C5
Tetris (Japan)|Puzzle|4CE90DB0
Theme Park (USA, Europe)|Strategy|289DA2C5
Thomas the Tank Engine & Friends (USA)|Miscellaneous|1A406299
Thunder Force II (USA, Europe)|Shooter|9B1561B3
Thunder Force II MD (Japan)|Shooter|E75EC3E0
Thunder Force III (Japan, USA)|Shooter|1B3F399A
Thunder Force IV (Europe)|Shooter|E7E3C05B
Thunder Force IV (Japan)|Shooter|8D606480
Thunder Fox (Japan)|Action|ECA6CFFA
Thunder Fox (USA)|Action|5463F50F
Thunder Pro Wrestling Retsuden (Japan)|Sports|24408C73
Tick, The (USA)|Action|425132F0
Time Dominator 1st (Japan, Korea)|Platform|7EBA7A5C
Time Killers (Europe)|Fighting|A4F48A1A
Time Killers (USA)|Fighting|4B5F52AC
Time Trax (USA) (Proto)|Platform|DFF045EB
TinHead (USA)|Platform|D6724B84
Tintin au Tibet (Europe) (En,Fr,De,Es,Nl,Sv)|Platform|4243CAF3
Tiny Toon Adventures (Korea)|Platform|4CA3A8FB
Tiny Toon Adventures - Acme All-Stars (Europe)|Sports|1227B2B2
Tiny Toon Adventures - Acme All-Stars (USA, Korea)|Sports|2F9FAA1D
Tiny Toon Adventures - Buster's Hidden Treasure (Europe)|Platform|D10FBA51
Tiny Toon Adventures - Buster's Hidden Treasure (USA)|Platform|A26D3AE0
Todd's Adventures in Slime World (USA)|Action|652E8B7D
ToeJam & Earl (World)|Action|D1B36786
ToeJam & Earl (World) (Rev A)|Action|7A588F4B
ToeJam & Earl in Panic auf Funkotron (Germany)|Platform|4081B9F2
ToeJam & Earl in Panic on Funkotron (Europe)|Platform|47B0A871
ToeJam & Earl in Panic on Funkotron (Japan)|Platform|E1B36850
ToeJam & Earl in Panic on Funkotron (USA)|Platform|AA021BDD
ToeJam & Earl in Panic on Funkotron (USA) (Beta)|Platform|C6A1A8DC
Toki no Keishousha - Phantasy Star III (Japan)|RPG|6C48C06F
Tom Mason's Dinosaurs for Hire (USA)|Shooter|39351146
Tom and Jerry - Frantic Antics (USA) (1993)|Action|B9992E1C
Tom and Jerry - Frantic Antics (USA) (1994)|Action|3044460C
Tommy Lasorda Baseball (USA)|Sports|4FB50304
Tony La Russa Baseball (USA, Australia)|Sports|24629C78
Top Gear 2 (USA)|Racing / Driving|BD3074D2
Top Pro Golf (Japan)|Sports|62BAD606
Top Pro Golf 2 (Japan)|Sports|B8CE98B3
Total Football (Europe)|Sports|8360B66A
Toughman Contest (USA, Europe)|Sports|E19FBC93
Tougiou King Colossus (Japan)|RPG|FFE7B3C7
Toxic Crusaders (USA)|Action|11FD46CE
Toy Story (Europe)|Platform|8E89A9F3
Toy Story (USA)|Platform|829FE313
Toy Story (USA) (Sample)|Platform|9321BEC1
Toys (USA)|Action|CBC9951B
Trampoline Terror! (USA)|Action|AABB349F
Traysia (USA)|RPG|96184F4F
Triple Play - Gold Edition (USA)|Sports|A89638A0
Triple Play 96 (USA)|Sports|F1748E91
Trouble Shooter (USA)|Shooter|BECFC39B
Troy Aikman NFL Football (USA)|Sports|015F2713
True Lies (World)|Action|18C09468
Turbo OutRun (Japan, Europe)|Racing / Driving|0C661369
Turma da Monica na Terra dos Monstros (Brazil)|Platform|F8288DE1
Turrican (USA, Europe) (Unl)|Platform|634D67A6
Twin Cobra - Desert Attack Helicopter (USA)|Shooter|2C708248
Twinkle Tale (Japan)|Shooter|D757F924
Twisted Flipper (USA) (Beta)|Action|6DD47554
Two Crude Dudes (Europe)|Action|B6D90A10
Two Crude Dudes (USA)|Action|721B5744
Two Tribes - Populous II (Europe)|Strategy|EE988BD9
Tyrants - Fight through Time (USA)|Strategy|A744921E
Uchuu Senkan Gomora (Japan)|Shooter|C511E8D2
Ultimate Mortal Kombat 3 (Europe)|Fighting|ECFB5CB4
Ultimate Mortal Kombat 3 (USA)|Fighting|7290770D
Ultimate QIX (USA)|Puzzle|D83369D9
Ultimate Soccer (Europe) (En,Fr,De,Es,It)|Sports|83DB6E58
Ultimate Soccer (Europe) (En,Fr,De,Es,It) (Beta)|Sports|9D451F72
Ultraman (Japan)|Fighting|83B4D5FB
Uncharted Waters (USA)|RPG|4EDAEC59
Undead Line (Japan)|Shooter|FB3CA1E6
Universal Soldier (USA, Europe) (Unl)|Platform|352EBD49
Unnecessary Roughness '95 (USA)|Sports|9920E7B7
Urban Strike (USA, Europe)|Action|CF690A75
Uzu Keobukseon (Korea)|Shooter|A7255BA8
V-V (Japan)|Shooter|AD9D0EC0
VR Troopers (USA, Europe)|Fighting|2F35516E
Valis (USA)|Platform|13BC5B72
Valis III (Japan) (Rev A)|Platform|4D49A166
Valis III (USA)|Platform|59A2A368
Vampire Killer (Japan)|Platform|91B57D2B
Vapor Trail (USA)|Shooter|C49E3A0A
Vectorman (USA) (Beta)|Platform|A315C8AA
Vectorman (USA, Europe)|Platform|D38B3354
Vectorman (USA, Europe) (Sega Smash Pack)|Platform|5C680397
Vectorman 2 (USA)|Platform|C1A24088
Vectorman 2 (USA) (Beta)|Platform|ADA2B0EF
Venom . Spider-Man - Separation Anxiety (USA, Europe)|Action|512ADE32
Vermilion (Japan)|RPG|E400DFC3
Verytex (Japan)|Shooter|BAFC375F
Viewpoint (USA)|Shooter|59C71866
Viewpoint (USA) (Beta)|Shooter|F2E69CE7
Virtua Fighter 2 (Korea)|Fighting|A95D0949
Virtua Fighter 2 (USA, Europe)|Fighting|937380F3
Virtua Racing (Europe)|Racing / Driving|9624D4EF
Virtua Racing (Japan)|Racing / Driving|53A293B5
Virtua Racing (USA)|Racing / Driving|7E1A324A
Virtual Bart (World)|Action|8DB9F378
Virtual Pinball (USA, Europe)|Action|D63473AA
Vixen 357 (Japan)|Strategy|3AFA2D7B
Volfied (Japan)|Puzzle|B0C5E3F7
WWF Raw (World)|Sports|4EF5D411
WWF Royal Rumble (World)|Sports|B69DC53E
WWF Super WrestleMania (USA, Europe)|Sports|B929D6C5
WWF WrestleMania - The Arcade Game (USA) (Alpha)|Sports|719D6155
WWF WrestleMania - The Arcade Game (USA, Europe)|Sports|A5D023F9
Wacky Races (USA) (Proto)|Racing / Driving|1B173F09
Wacky Worlds Creativity Studio (USA)|Educational|8AF4552D
Wani Wani World (Japan)|Platform|56F0DBB2
Wardner (USA)|Platform|1E369AE2
Wardner no Mori Special (Japan)|Platform|80F1035C
Warlock (USA) (Beta)|Action|C9B6EDB3
Warlock (USA, Europe)|Action|0A46539B
WarpSpeed (USA) (Unl)|Action|143697ED
Warrior of Rome (USA)|Strategy|5BE10C6A
Warrior of Rome II (USA)|Strategy|CD8C472A
Warsong (USA)|Strategy|4B680285
Waterworld (Europe) (Proto)|Action|51C80498
Wayne Gretzky and the NHLPA All-Stars (USA, Europe)|Sports|C2C13B81
Wayne's World (USA)|Platform|D2CF6EBE
WeaponLord (USA)|Fighting|B9895365
Whac-a-Critter (USA) (Unl)|Action|1BDD02B8
Wheel of Fortune (USA)|Miscellaneous|C8D8EFC3
Where in Time Is Carmen Sandiego (Brazil) (Es,Pt)|Puzzle|D523B552
Where in Time Is Carmen Sandiego (USA, Europe) (En,Fr,De,Es,It)|Puzzle|EA19D4A4
Where in the World Is Carmen Sandiego (Brazil) (Es,Pt)|Puzzle|7D4450AD
Where in the World Is Carmen Sandiego (USA, Europe) (En,Fr,De,Es,It)|Puzzle|EEF372E8
Whip Rush (USA)|Shooter|7EB6B86B
Whip Rush - Wakusei Voltegas no Nazo (Japan)|Shooter|8084B4D1
Williams Arcade's Greatest Hits (USA)|Miscellaneous|D68E9C00
Wimbledon Championship Tennis (Europe)|Sports|B791A435
Wimbledon Championship Tennis (Japan)|Sports|3E0C9DAF
Wimbledon Championship Tennis (USA)|Sports|F9142AEE
Wimbledon Championship Tennis (USA) (Beta)|Sports|9FEBC760
Wings of Wor (USA)|Shooter|210A2FCD
Winter Challenge (USA, Europe)|Sports|DBC3ED1C
Winter Challenge (USA, Europe) (Rev 1)|Sports|F57C7068
Winter Olympic Games (USA) (En,Fr,De,Es,It,Pt,Sv,No)|Sports|C5834437
Winter Olympics (Europe) (En,Fr,De,Es,It,Pt,Sv,No)|Sports|FA537A45
Winter Olympics (Japan) (En,Fr,De,Es,It,Pt,Sv,No)|Sports|654A4684
Wiz'n'Liz (USA)|Platform|DF036B62
Wiz'n'Liz - The Frantic Wabbit Wescue (Europe)|Platform|F09353B4
Wizard of the Immortal (Japan)|Adventure|C99FAD92
Wolfchild (USA)|Platform|EB5B1CBF
Wolverine - Adamantium Rage (USA, Europe)|Action|D2437BB7
Wonder Boy III - Monster Lair (Japan, Europe)|Shooter|C24BC5E4
Wonder Boy V - Monster World III (Japan, Korea)|Platform|45A50F96
Wonder Boy in Monster World (USA, Europe)|Platform|1592F5B0
World Championship Soccer II (Europe)|Sports|6065774D
World Championship Soccer II (USA)|Sports|C1DD1C8E
World Championship Soccer II (USA) (Beta)|Sports|C1E21C1A
World Class Leader Board (Europe)|Sports|DACA01C3
World Class Leaderboard Golf (USA)|Sports|53434BAB
World Cup Italia '90 (Europe)|Sports|DD95F829
World Cup Soccer ~ World Championship Soccer (Japan, USA)|Sports|B01C3D70
World Cup Soccer ~ World Championship Soccer (Japan, USA) (Rev B)|Sports|BF272BCB
World Cup Soccer ~ World Championship Soccer (Japan, USA) (v1.2)|Sports|BF84EDE6
World Cup USA 94 (USA, Europe)|Sports|0171B47F
World Heroes (Japan)|Fighting|56E3CEFF
World Heroes (USA)|Fighting|0F4D22EC
World Series Baseball '95 (USA)|Sports|25130077
World Series Baseball '96 (USA)|Sports|04EE8272
World Series Baseball (USA)|Sports|57C1D5EC
World Series Baseball 98 (USA)|Sports|05B1AB53
World Trophy Soccer (USA)|Sports|6E3EDC7C
World of Illusion - Fushigi na Magic Box (Japan)|Platform|CB9EE238
World of Illusion - Fushigi na Magic Box (Japan) (Beta)|Platform|577F680F
World of Illusion Starring Mickey Mouse and Donald Duck (Europe)|Platform|121C6A49
World of Illusion Starring Mickey Mouse and Donald Duck (USA, Korea)|Platform|921EBD1C
Worms (Europe)|Strategy|B9A8B299
Worms (Europe) (Beta)|Strategy|1D191694
Wrestle War (Japan) (Beta)|Sports|1CDEE87B
Wrestle War (Japan, Europe)|Sports|2D162A85
Wrestleball (Japan)|Sports|D563E07F
Wu Kong Wai Zhuan (China) (Unl)|RPG|880A916E
X-Men (Europe)|Platform|0B78CA97
X-Men (USA)|Platform|F71B21B4
X-Men 2 - Clone Wars (USA, Europe)|Action|710BC628
X-Perts (USA)|Action|57E8ABFD
XDR - X-Dazedly-Ray (Japan)|Shooter|AB22D002
Xenon 2 - Megablast (Europe)|Shooter|59ABE7F9
Xiao Monv - Magic Girl (China) (Unl)|Shooter|8E49A92E
Xin Qi Gai Wang Zi (China) (Alt 1) (Unl)|RPG|DA5A4BFE
Xin Qi Gai Wang Zi (China) (Unl)|RPG|DD2F38B5
Ya Se Chuan Shuo (China) (Unl)|RPG|095B9A15
Yang Jia Jiang - Yang Warrior Family (China) (Unl)|Action|6604A79E
Yogi Bear - Cartoon Capers (Europe)|Platform|204F97D8
Young Indiana Jones Chronicles, The (USA) (Proto)|Action|44F6BE35
Ys - Wanderers from Ys (Japan)|RPG|52DA4E76
Ys III (USA)|RPG|EA27976E
Yu Yu Hakusho - Makyou Toitsusen (Japan)|Fighting|71CEAC6F
Yu Yu Hakusho Gaiden (Japan)|RPG|7DC98176
YuYu Hakusho - Sunset Fighters (Brazil)|Fighting|FE3FB8EE
Zan Yasha Enbukyoku (Japan)|Simulation|637FE8F3
Zany Golf (USA, Europe)|Sports|ED5D12EA
Zany Golf (USA, Europe) (v1.1)|Sports|74ED7607
Zero Tolerance (USA, Europe)|Shooter|23F603F5
Zero Wing (Europe)|Shooter|89B744A3
Zero Wing (Japan)|Shooter|7E203D2B
Zero the Kamikaze Squirrel (Europe)|Platform|45FF0B4B
Zero the Kamikaze Squirrel (USA)|Platform|423968DF
Zombie High (USA) (Proto)|Platform|7BEA6194
Zombies (Europe)|Action|179A1AA2
Zombies Ate My Neighbors (USA)|Action|2BF3626F
Zool - Ninja of the 'Nth' Dimension (Europe)|Platform|1EE58B03
Zool - Ninja of the 'Nth' Dimension (USA)|Platform|CB2939F1
Zoom! (World)|Puzzle|724D6965
Zoop (Europe)|Puzzle|2FDAC6AB
Zoop (USA)|Puzzle|A899BEFA
Zou! Zou! Zou! Rescue Daisakusen (Japan)|Platform|1A761E67
