2020 Nen Super Baseball (Japan)|Sports|2BBEE127
ATP Tour (Europe)|Sports|1A3DA8C5
ATP Tour Championship Tennis (USA)|Sports|8C822884
AWS Pro Moves Soccer (USA)|Sports|707017E5
Aa Harimanada (Japan)|Sports|065F6021
American Gladiators (USA)|Sports|9952FA85
Andre Agassi Tennis (Europe)|Sports|224256C7
Andre Agassi Tennis (USA)|Sports|E755DD51
Andre Agassi Tennis (USA) (Beta)|Sports|3BBF700D
Arch Rivals - The Arcade Game (USA, Europe)|Sports|E389D7E7
Arnold Palmer Tournament Golf (USA, Europe)|Sports|35B995EF
Australian Rugby League (Europe)|Sports|AC5BC26A
Barkley Shut Up and Jam 2 (USA)|Sports|321BB6BD
Barkley Shut Up and Jam 2 (USA) (Beta)|Sports|DE27357B
Barkley Shut Up and Jam! (USA, Europe)|Sports|63FBF497
Bass Masters Classic (USA)|Sports|CF1FF00A
Bass Masters Classic - Pro Edition (USA)|Sports|9EDDEB3D
Battle Golfer Yui (Japan)|Sports|4AA03E4E
Beastball (World) (Proto)|Sports|6A176576
Best of the Best - Championship Karate (Europe)|Sports|F842240B
Best of the Best - Championship Karate (USA)|Sports|C3D6A5D4
Bill Walsh College Football (USA, Europe)|Sports|3ED83362
Bill Walsh College Football 95 (USA)|Sports|A582F45A
Boogie Woogie Bowling (Japan)|Sports|CCF52828
Boxing Legends of the Ring (USA)|Sports|00F225AC
Brett Hull Hockey '95 (USA)|Sports|F7775A09
Brian Lara Cricket (Europe) (June 1995)|Sports|408CF5C3
Brian Lara Cricket (Europe) (March 1995)|Sports|90F5C2B7
Brian Lara Cricket 96 (Europe) (April 1996)|Sports|FE52F7E1
Brian Lara Cricket 96 (Europe) (March 1996)|Sports|FA3024AF
Bulls versus Blazers and the NBA Playoffs (USA, Europe)|Sports|D4E4B4E8
Bulls vs Lakers and the NBA Playoffs (USA, Europe)|Sports|E56023A0
Cal Ripken Jr. Baseball (USA)|Sports|9B1C96C0
California Games (USA, Europe)|Sports|43B1B672
Champions World Class Soccer (World) (En,Fr,De,Es)|Sports|883E33DB
Championship Bowling (USA)|Sports|1BF92520
Championship Pool (USA)|Sports|253512CF
Chavez II (USA)|Sports|5BC0DBB8
Chi Chi's Pro Challenge Golf (USA)|Sports|9C3973A4
Chou Kyuukai Miracle Nine (Japan)|Sports|6D8C2206
Coach K College Basketball (USA)|Sports|67C309C6
College Football USA 96 (USA)|Sports|B9075385
College Football USA 97 (USA)|Sports|2EBB90A3
College Football's National Championship (USA)|Sports|172C5DBB
College Football's National Championship II (USA)|Sports|65B64413
College Slam (USA)|Sports|96A42431
Cutie Suzuki no Ringside Angel (Japan)|Sports|13795DCA
Cyberball (World)|Sports|76120E96
David Crane's Amazing Tennis (USA)|Sports|9177088C
David Robinson Basketball (Japan)|Sports|56164B00
David Robinson's Supreme Court (USA, Europe)|Sports|512B7599
Davis Cup Tennis (Japan)|Sports|802CD123
Davis Cup Tennis ~ Davis Cup World Tour (USA, Europe) (July 1993)|Sports|894686F0
Davis Cup Tennis ~ Davis Cup World Tour (USA, Europe) (June 1993)|Sports|7C6B0646
Dick Vitale's 'Awesome, Baby!' College Hoops (USA)|Sports|1312CF22
Dino Dini's Soccer (Europe)|Sports|4608F53A
Double Dribble - The Playoff Edition (USA)|Sports|8352B1D0
Dream Team USA (Japan)|Sports|E2E21B72
EA Hockey (Europe)|Sports|9BFC279C
EA Hockey (Japan)|Sports|9DCDC894
ESPN Baseball Tonight (USA)|Sports|96D8440C
ESPN National Hockey Night (USA)|Sports|1D08828C
ESPN National Hockey Night (USA) (Beta)|Sports|A427814A
ESPN Sunday Night NFL (USA)|Sports|61E9C309
ESPN Sunday Night NFL (USA) (Beta)|Sports|D13AECDC
Elitserien 95 (Sweden)|Sports|E10A25C0
Elitserien 96 (Sweden)|Sports|9821D0A3
European Club Soccer (Europe)|Sports|6A5CF104
Evander Holyfield's 'Real Deal' Boxing (World)|Sports|4FEF37C8
FIFA 98 - Road to World Cup (Europe) (En,Fr,Es,It,Sv)|Sports|96947F57
FIFA International Soccer (Japan) (En,Ja)|Sports|B555E8B4
FIFA International Soccer (USA, Europe) (En,Fr,De,Es)|Sports|BDDBB763
FIFA Soccer 95 (Korea) (En,Fr,De,Es)|Sports|012591F9
FIFA Soccer 95 (USA, Europe) (En,Fr,De,Es)|Sports|B389D036
FIFA Soccer 96 (USA, Europe) (En,Fr,De,Es,It,Sv)|Sports|BAD30FFA
FIFA Soccer 97 (USA, Europe) (En,Fr,De,Es,It,Sv)|Sports|A33D5803
Fever Pitch Soccer (Europe) (En,Fr,De,Es,It)|Sports|FAC29677
Final Blow (Japan)|Sports|48AD505D
Foreman for Real (World)|Sports|36248F90
Frank Thomas Big Hurt Baseball (USA, Europe)|Sports|863E0950
From TV Animation Slam Dunk - Kyougou Makkou Taiketsu! (Japan)|Sports|CDF5678F
George Foreman's KO Boxing (Europe)|Sports|BD556381
George Foreman's KO Boxing (USA)|Sports|E1FDC787
GrandSlam - The Tennis Tournament '92 (Japan)|Sports|30CF37D0
GrandSlam - The Tennis Tournament (Europe)|Sports|8C2670DE
Greatest Heavyweights (Europe)|Sports|9778C181
Greatest Heavyweights (Japan)|Sports|7EF8B162
Greatest Heavyweights (USA)|Sports|6E3621D5
HardBall '94 (USA, Europe)|Sports|EA9C4878
HardBall '95 (USA)|Sports|ED10BC9E
HardBall III (USA) (Unl)|Sports|A4F2F011
HardBall! (USA) (Unl)|Sports|BD1B9A04
Head-On Soccer (USA)|Sports|DCFFA327
Hit the Ice - VHL - The Official Video Hockey League (USA)|Sports|85B23606
Honoo no Toukyuuji - Dodge Danpei (Japan)|Sports|630F07C6
Hyper Dunk (Europe)|Sports|F27C576A
Hyper Dunk - The Playoff Edition (Japan)|Sports|5BAF53D7
Hyper Dunk - The Playoff Edition (Japan) (Beta)|Sports|DB124BBB
IMG International Tour Tennis (USA, Europe)|Sports|E04FFC2B
International Rugby (Europe)|Sports|D97D1699
International Superstar Soccer Deluxe (Europe)|Sports|9BB3B180
J. League Champion Soccer (Japan)|Sports|453C405E
J. League Pro Striker (Japan) (v1.0)|Sports|EC229156
J. League Pro Striker (Japan) (v1.3)|Sports|2D5B7A11
J. League Pro Striker 2 (Japan)|Sports|9FE71002
J. League Pro Striker Perfect (Japan)|Sports|0ABED379
Jack Nicklaus' Power Challenge Golf (USA, Europe)|Sports|5545E909
James 'Buster' Douglas Knockout Boxing (USA, Europe)|Sports|87BBCF2A
Jammit (USA)|Sports|D91B52B8
Jennifer Capriati Tennis (USA)|Sports|AB2ABC8E
Jerry Glanville's Pigskin Footbrawl (USA)|Sports|E7F48D30
Jimmy White's Whirlwind Snooker (Europe)|Sports|0AEF5B1F
Joe Montana Football (World)|Sports|8AA6A1DD
Joe Montana II Sports Talk Football (World)|Sports|F2363A4A
Joe Montana II Sports Talk Football (World) (Rev A)|Sports|A45DA893
John Madden Football '92 (USA, Europe)|Sports|046E3945
John Madden Football '93 (USA, Europe)|Sports|CA323B3E
John Madden Football (USA, Europe)|Sports|90FB8818
John Madden Football - Championship Edition (USA)|Sports|CA534B1A
John Madden Football - Pro Football (Japan)|Sports|0460611C
Jordan vs Bird (USA, Europe)|Sports|22D77E6D
Jordan vs Bird (USA, Europe) (v1.1)|Sports|4D3DDD7C
Jordan vs Bird - One on One (Japan)|Sports|8837E896
Kick Boxing, The (Japan, Korea)|Sports|9BDC230C
Kick Off 3 - European Challenge (Europe)|Sports|BC37401A
King Salmon (Japan)|Sports|2CFC9F61
King Salmon - The Big Catch (USA)|Sports|F516E7D9
Kiss Shot (Japan) (SegaNet)|Sports|E487088C
Kyuukai Douchuuki (Japan)|Sports|DE48DCE3
La Russa Baseball 95 (USA, Australia)|Sports|3F848A92
Lakers versus Celtics and the NBA Playoffs (USA)|Sports|0E33FC75
MLBPA Baseball (USA)|Sports|14A8064D
Madden NFL '94 (USA, Europe)|Sports|D14B811B
Madden NFL 95 (USA, Europe)|Sports|DB0BE0C2
Madden NFL 96 (USA, Europe)|Sports|F126918B
Madden NFL 97 (USA, Europe)|Sports|C4B4E112
Madden NFL 98 (USA)|Sports|E051EA62
Mario Lemieux Hockey (USA, Europe)|Sports|F664EB6C
Mike Ditka Power Football (USA, Europe) (Alt 1) (Unl)|Sports|DE50CA8E
Mike Ditka Power Football (USA, Europe) (Unl)|Sports|6078B310
Minnesota Fats - Pool Legend (USA)|Sports|38174F40
Muhammad Ali Heavyweight Boxing (Europe)|Sports|A920C852
Muhammad Ali Heavyweight Boxing (USA)|Sports|B638B6A3
Muhammad Ali Heavyweight Boxing (USA) (Beta)|Sports|7B852653
Mutant League Football (Japan)|Sports|2A97E6AF
Mutant League Football (USA, Europe)|Sports|DCE29C9D
Mutant League Hockey (USA, Europe)|Sports|3529180F
NBA Action '94 (USA)|Sports|99C348BA
NBA Action '95 Starring David Robinson (USA, Europe)|Sports|AA7006D6
NBA All-Star Challenge (USA, Europe)|Sports|C4674ADF
NBA Hang Time (Europe)|Sports|EDB4D4AA
NBA Hang Time (USA)|Sports|176B0338
NBA Jam (Japan)|Sports|A6C6305A
NBA Jam (USA, Europe)|Sports|10FA248F
NBA Jam (USA, Europe) (v1.1)|Sports|EB8360E6
NBA Jam - Tournament Edition (World)|Sports|E9FFCB37
NBA Live 95 (Korea)|Sports|779C1244
NBA Live 95 (USA, Europe)|Sports|66018ABC
NBA Live 96 (USA, Europe)|Sports|49DE0062
NBA Live 97 (USA, Europe)|Sports|7024843A
NBA Live 98 (USA)|Sports|23473A8A
NBA Playoffs - Bulls vs Blazers (Japan)|Sports|EAE8C000
NBA Pro Basketball '94 (Japan)|Sports|EEA19BCE
NBA Pro Basketball - Bulls vs Lakers (Japan)|Sports|4416CE39
NBA Showdown '94 (USA) (Unl) (Pirate)|Sports|6643A308
NBA Showdown '94 (USA, Europe)|Sports|160B7090
NCAA Final Four Basketball (USA)|Sports|ED0C1303
NCAA Football (USA)|Sports|081012F0
NFL '95 (USA, Europe)|Sports|B58E4A81
NFL 98 (USA)|Sports|F73EC54C
NFL Football '94 (Japan)|Sports|E490DC4A
NFL Football '94 Starring Joe Montana (USA)|Sports|0D486ED5
NFL Quarterback Club (World)|Sports|94542EAF
NFL Quarterback Club 96 (USA, Europe)|Sports|D5A37CAB
NFL Sports Talk Football '93 Starring Joe Montana (USA, Europe)|Sports|CE0B1FE1
NHL '94 (USA, Europe)|Sports|9438F5DD
NHL 95 (USA, Europe)|Sports|E8EE917E
NHL 96 (USA, Europe)|Sports|8135702C
NHL 97 (USA, Europe)|Sports|F067C103
NHL 98 (USA)|Sports|7B64CD98
NHL All-Star Hockey '95 (USA)|Sports|E6C0218B
NHL Hockey (USA)|Sports|2641653F
NHLPA Hockey 93 (USA, Europe)|Sports|CBBF4262
NHLPA Hockey 93 (USA, Europe) (v1.1)|Sports|F361D0BF
Nekketsu Koukou Dodgeball-bu - Soccer Hen MD (Japan)|Sports|F49C3A86
New 3D Golf Simulation - Devil's Course (Japan)|Sports|BD090C67
New 3D Golf Simulation - Harukanaru Augusta (Japan)|Sports|D2A9BF92
New 3D Golf Simulation - Pebble Beach no Hatou (Japan)|Sports|96ED2E5D
New 3D Golf Simulation - Waialae no Kiseki (Japan)|Sports|CBE2C1F6
Nikkan Sports Pro Yakyuu Van (Japan)|Sports|C3655A59
Olympic Gold (Europe) (En,Fr,De,Es,It,Nl,Pt,Sv)|Sports|924E57D3
Olympic Gold (Japan, USA) (En,Fr,De,Es,It,Nl,Pt,Sv) (Rev A)|Sports|E9C925B8
Olympic Gold (USA) (En,Fr,De,Es,It,Nl,Pt,Sv)|Sports|339594B4
Olympic Gold (USA) (En,Fr,De,Es,It,Nl,Pt,Sv) (Alt 1)|Sports|AF639376
Olympic Summer Games (USA, Europe)|Sports|9E470FB9
Ozaki Naomichi no Super Masters (Japan)|Sports|088BA825
PGA European Tour (USA, Europe)|Sports|8CA45ACD
PGA Tour 96 (USA, Europe)|Sports|9698BBDE
PGA Tour Golf (USA, Europe) (v1.1)|Sports|0489FF8E
PGA Tour Golf (USA, Europe) (v1.2)|Sports|C1F0B4E1
PGA Tour Golf II (Japan)|Sports|C05B7A4A
PGA Tour Golf II (USA, Europe)|Sports|16B2D816
PGA Tour Golf II (USA, Europe) (v1.1)|Sports|E82B8606
PGA Tour Golf III (USA, Europe)|Sports|AEB3F65F
Paddle Fighter (Japan) (SegaNet)|Sports|3D8147E6
Pat Riley Basketball (USA)|Sports|3D9318A7
Pebble Beach Golf Links (Europe)|Sports|6CFC7297
Pebble Beach Golf Links (USA)|Sports|95823C43
Pele II - World Tournament Soccer (USA, Europe)|Sports|05A486E9
Pele! (USA, Europe)|Sports|5A8ABE51
Pete Sampras Tennis (USA, Europe) (J-Cart)|Sports|9EF5BBD1
Pete Sampras Tennis (USA, Europe) (J-Cart) (MDST6636)|Sports|94E505B2
Pete Sampras Tennis (USA, Europe) (J-Cart) (MDSTEE 13)|Sports|AA8B19BC
Powerball (USA)|Sports|7ADF232F
Premier Manager (Europe)|Sports|303B889F
Premier Manager 97 (Europe)|Sports|FCCBF69B
Prime Time NFL Starring Deion Sanders (USA)|Sports|5AA53CBC
Pro Quarterback (USA)|Sports|CC8B2B69
Pro Striker Final Stage (Japan)|Sports|E35E25FB
Pro Yakyuu Super League '91 (Japan)|Sports|A948AB7E
Putter Golf (Japan) (SegaNet)|Sports|20F168A6
R.B.I. Baseball '93 (USA)|Sports|BEAFCE84
R.B.I. Baseball '94 (USA, Europe)|Sports|4EB4D5E4
R.B.I. Baseball 3 (USA)|Sports|4840348C
R.B.I. Baseball 4 (Japan)|Sports|8F4E1005
R.B.I. Baseball 4 (USA)|Sports|FECF9B94
Roger Clemens' MVP Baseball (USA)|Sports|83699E34
Rugby World Cup 95 (USA, Europe) (En,Fr,It)|Sports|61F90A8A
Sampras Tennis 96 (Europe) (J-Cart)|Sports|14E3FB7B
Saturday Night Slammasters (Europe)|Sports|08FA5A3F
Saturday Night Slammasters (USA)|Sports|2FB4EABA
Sensible Soccer (Europe) (En,Fr,De,It)|Sports|F9B396B8
Shane Warne Cricket (Australia)|Sports|68865F6F
Side Pocket (Europe)|Sports|36E08145
Side Pocket (Japan)|Sports|336BBF3E
Side Pocket (USA)|Sports|AF9F275D
Skitchin' (USA, Europe)|Sports|F785F9D7
Slam - Shaq vs. the Legends (USA) (Proto)|Sports|C19C200E
Speedball 2 (Europe)|Sports|056A6E03
Speedball 2 (Japan)|Sports|F5442334
Speedball 2 - Brutal Deluxe (USA)|Sports|9FC340A7
Sports Talk Baseball (USA)|Sports|0DEB79C2
Striker (Europe)|Sports|CC5D7AB2
Striker (Europe) (Beta)|Sports|C10B270E
Summer Challenge (USA, Europe) (Unl)|Sports|D7D53DC1
Super Baseball 2020 (USA, Europe)|Sports|C17ACEE5
Super High Impact (USA)|Sports|B870C2F7
Super Kick Off (Europe)|Sports|F43793FF
Super League (Europe)|Sports|55BAEC6E
Super League (Japan)|Sports|EA13CB1D
Super Real Basketball (Europe)|Sports|F04765BA
Super Real Basketball (Japan, Korea)|Sports|4346E11A
Super Volley Ball (Japan)|Sports|9B5C28EA
Super Volley Ball (USA)|Sports|85102799
TNN Bass Tournament of Champions (USA)|Sports|C83FFA1B
TNN Outdoors Bass Tournament '96 (USA)|Sports|5C523C0B
Team USA Basketball (USA, Europe)|Sports|A0CAF97E
Tecmo Cup (Japan) (Proto) [b]|Sports|88FDD060
Tecmo Super Baseball (USA)|Sports|227A1178
Tecmo Super Bowl (Japan)|Sports|90C6E20C
Tecmo Super Bowl (USA) (October 1993)|Sports|21F27D34
Tecmo Super Bowl (USA) (September 1993)|Sports|BD5933EE
Tecmo Super Bowl II - Special Edition (Japan)|Sports|32FB633D
Tecmo Super Bowl II - Special Edition (USA)|Sports|0A0E67D8
Tecmo Super Bowl III - Final Edition (USA)|Sports|AAE4089F
Tecmo Super Hockey (USA)|Sports|5F86DDC9
Tecmo Super NBA Basketball (Japan)|Sports|79F33EB6
Tecmo Super NBA Basketball (USA)|Sports|53913991
Tecmo World Cup '92 (Japan)|Sports|5E93C8B0
Tecmo World Cup (USA)|Sports|CAF8EB2C
Tel-Tel Stadium (Japan)|Sports|54CF8C29
Thunder Pro Wrestling Retsuden (Japan)|Sports|24408C73
Tiny Toon Adventures - Acme All-Stars (Europe)|Sports|1227B2B2
Tiny Toon Adventures - Acme All-Stars (USA, Korea)|Sports|2F9FAA1D
Tommy Lasorda Baseball (USA)|Sports|4FB50304
Tony La Russa Baseball (USA, Australia)|Sports|24629C78
Top Pro Golf (Japan)|Sports|62BAD606
Top Pro Golf 2 (Japan)|Sports|B8CE98B3
Total Football (Europe)|Sports|8360B66A
Toughman Contest (USA, Europe)|Sports|E19FBC93
Triple Play - Gold Edition (USA)|Sports|A89638A0
Triple Play 96 (USA)|Sports|F1748E91
Troy Aikman NFL Football (USA)|Sports|015F2713
Ultimate Soccer (Europe) (En,Fr,De,Es,It)|Sports|83DB6E58
Ultimate Soccer (Europe) (En,Fr,De,Es,It) (Beta)|Sports|9D451F72
Unnecessary Roughness '95 (USA)|Sports|9920E7B7
WWF Raw (World)|Sports|4EF5D411
WWF Royal Rumble (World)|Sports|B69DC53E
WWF Super WrestleMania (USA, Europe)|Sports|B929D6C5
WWF WrestleMania - The Arcade Game (USA) (Alpha)|Sports|719D6155
WWF WrestleMania - The Arcade Game (USA, Europe)|Sports|A5D023F9
Wayne Gretzky and the NHLPA All-Stars (USA, Europe)|Sports|C2C13B81
Wimbledon Championship Tennis (Europe)|Sports|B791A435
Wimbledon Championship Tennis (Japan)|Sports|3E0C9DAF
Wimbledon Championship Tennis (USA)|Sports|F9142AEE
Wimbledon Championship Tennis (USA) (Beta)|Sports|9FEBC760
Winter Challenge (USA, Europe)|Sports|DBC3ED1C
Winter Challenge (USA, Europe) (Rev 1)|Sports|F57C7068
Winter Olympic Games (USA) (En,Fr,De,Es,It,Pt,Sv,No)|Sports|C5834437
Winter Olympics (Europe) (En,Fr,De,Es,It,Pt,Sv,No)|Sports|FA537A45
Winter Olympics (Japan) (En,Fr,De,Es,It,Pt,Sv,No)|Sports|654A4684
World Championship Soccer II (Europe)|Sports|6065774D
World Championship Soccer II (USA)|Sports|C1DD1C8E
World Championship Soccer II (USA) (Beta)|Sports|C1E21C1A
World Class Leader Board (Europe)|Sports|DACA01C3
World Class Leaderboard Golf (USA)|Sports|53434BAB
World Cup Italia '90 (Europe)|Sports|DD95F829
World Cup Soccer ~ World Championship Soccer (Japan, USA)|Sports|B01C3D70
World Cup Soccer ~ World Championship Soccer (Japan, USA) (Rev B)|Sports|BF272BCB
World Cup Soccer ~ World Championship Soccer (Japan, USA) (v1.2)|Sports|BF84EDE6
World Cup USA 94 (USA, Europe)|Sports|0171B47F
World Series Baseball '95 (USA)|Sports|25130077
World Series Baseball '96 (USA)|Sports|04EE8272
World Series Baseball (USA)|Sports|57C1D5EC
World Series Baseball 98 (USA)|Sports|05B1AB53
World Trophy Soccer (USA)|Sports|6E3EDC7C
Wrestle War (Japan) (Beta)|Sports|1CDEE87B
Wrestle War (Japan, Europe)|Sports|2D162A85
Wrestleball (Japan)|Sports|D563E07F
Zany Golf (USA, Europe)|Sports|ED5D12EA
Zany Golf (USA, Europe) (v1.1)|Sports|74ED7607
