Advanced Busterhawk Gleylancer (Japan)|Shooter|42CF9B5B
Adventures of Batman & Robin, The (Europe)|Shooter|355E8C39
Adventures of Batman & Robin, The (USA)|Shooter|0CAAA4AC
Aero Blasters (Japan)|Shooter|A00DA987
After Burner II (Japan)|Shooter|4FF37E66
After Burner II (USA, Europe)|Shooter|CCAFE00E
Air Buster (USA)|Shooter|F3D65BAA
Air Diver (Japan)|Shooter|9E2D5B91
Air Diver (USA)|Shooter|2041885E
Arrow Flash (Japan, Europe)|Shooter|D49F8444
Arrow Flash (USA, Europe)|Shooter|4D89E66B
Atomic Robo-Kid (Japan)|Shooter|E833067E
Atomic Robo-Kid (USA)|Shooter|7CD8169E
Atomic Runner (Europe)|Shooter|B3C05418
Atomic Runner (USA)|Shooter|0677C210
Battle Mania (Japan)|Shooter|A76C4A29
Battle Mania Daiginjou (Japan, Korea)|Shooter|312FA0F2
Battle Squadron (USA, Europe)|Shooter|0FEAA8BF
Beyond Zero Tolerance (USA) (Proto)|Shooter|C61ED2ED
Bio Hazard Battle (USA) (Beta)|Shooter|DD10DD1A
Bio Hazard Battle (USA, Europe)|Shooter|95B0EA2B
Bloodshot (Europe) (En,Fr,De,Es)|Shooter|F9F2BCEB
Burning Force (Europe)|Shooter|776FF6FF
Burning Force (Japan)|Shooter|0C1DEB47
Burning Force (USA)|Shooter|BDC8F02C
Caliber.50 (USA)|Shooter|44F4FA05
Chaos Engine 2, The (Europe) (Proto)|Shooter|3FB045C2
Chaos Engine, The (Europe)|Shooter|BD9EECF4
Chelnov (Japan)|Shooter|B2FE74D8
Contra - Hard Corps (USA, Korea)|Shooter|C579F45E
Contra - The Hard Corps (Japan)|Shooter|2AB26380
Cross Fire (USA)|Shooter|CC73F3A9
Crying - Aseimei Sensou (Japan)|Shooter|4ABA1D6A
Curse (Japan)|Shooter|A4FBF9A9
Daisenpuu ~ Twin Hawk (Japan, Europe)|Shooter|A2EC8C67
Dangerous Seed (Japan)|Shooter|A2990031
Darius II (Japan)|Shooter|25DFE62A
Darwin 4081 (Japan, Korea)|Shooter|7A33B0CB
Death Duel (USA)|Shooter|A9804DCC
Divine Sealing (Japan) (Unl)|Shooter|CA72973C
Duke Nukem 3D (Brazil)|Shooter|6BD2ACCB
Earth Defense (USA) (Unl)|Shooter|3519C422
Elemental Master (Japan)|Shooter|5F553E29
Elemental Master (USA)|Shooter|390918C6
Eliminate Down (Japan)|Shooter|48467542
Empire of Steel (Europe)|Shooter|E5517B77
Ex-Ranza (Japan)|Shooter|349BB68D
Ex-Ranza (Japan) (Beta)|Shooter|C642FDF4
Fire Mustang (Japan)|Shooter|EB7E36C3
Fire Shark (Europe)|Shooter|2351CE61
Fire Shark (USA)|Shooter|570B5024
Forgotten Worlds (World)|Shooter|D0EE6434
Forgotten Worlds (World) (v1.1)|Shooter|95513985
Gaiares (Japan, USA)|Shooter|5D8BF68B
Galaxy Force II (World)|Shooter|CAE883C5
Galaxy Force II (World) (Rev B)|Shooter|D15F5C3C
Granada (Japan, USA)|Shooter|7F45719B
Granada (Japan, USA) (v1.1)|Shooter|E89D1E66
Grind Stormer (USA)|Shooter|7E6BEF15
Gunstar Heroes (Europe)|Shooter|866ED9D0
Gunstar Heroes (Japan)|Shooter|1CFD0383
Gunstar Heroes (Japan) (Sample)|Shooter|6F90B502
Gunstar Heroes (USA)|Shooter|B813CF0D
Gynoug (Europe)|Shooter|03405102
Gynoug (Japan)|Shooter|1B69241F
Heavy Unit - Mega Drive Special (Japan)|Shooter|1ACBE608
Hellfire (Europe)|Shooter|CF30ACEC
Hellfire (Japan)|Shooter|8E5E13BA
Hellfire (USA)|Shooter|184018F9
Insector X (Japan, Korea)|Shooter|9625C434
Insector X (USA)|Shooter|70626304
Jim Power - The Arcade Game (USA) (Proto) [b]|Shooter|1CF3238B
Jungle Strike (USA) (Beta)|Shooter|0CD540D4
Jungle Strike (USA, Europe)|Shooter|A5D29735
Jungle Strike - Uketsugareta Kyouki (Japan)|Shooter|BA7A870B
Juusou Kihei Leynos (Japan)|Shooter|81A2C800
Koutetsu Teikoku (Japan)|Shooter|755D0B8A
Kuuga - Operation Code 'Vapor Trail' (Japan)|Shooter|83B6B6BA
Kyuukyoku Tiger (Japan)|Shooter|61276D21
Lethal Enforcers (Europe)|Shooter|CA2BF99D
Lethal Enforcers (Japan)|Shooter|F25F1E49
Lethal Enforcers (USA)|Shooter|51D9A84A
Lethal Enforcers (USA) (Beta) (1993-08-13)|Shooter|F4010503
Lethal Enforcers II - Gun Fighters (Europe)|Shooter|4BFE045C
Lethal Enforcers II - Gun Fighters (USA)|Shooter|E5FDD28B
Lightening Force - Quest for the Darkstar (USA)|Shooter|C8F8C0E0
MUSHA - Metallic Uniframe Super Hybrid Armor (USA)|Shooter|58A7F7B4
Master of Weapon (Japan)|Shooter|12AD6178
Mega SWIV (Europe)|Shooter|78C2F046
Menacer 6-Game Cartridge (USA, Europe)|Shooter|936B85F7
Midnight Resistance (Japan)|Shooter|8F3F6E4D
Midnight Resistance (USA)|Shooter|187C6AF6
Musha Aleste - Full Metal Fighter Ellinor (Japan)|Shooter|8FDE18AB
Panorama Cotton (Japan)|Shooter|9E57D92E
Panorama Cotton (Japan) (Beta) (1993-11-27)|Shooter|54D82F86
Phelios (Europe)|Shooter|13ABC2B2
Phelios (Japan)|Shooter|94596174
Phelios (USA)|Shooter|11C79320
Predator 2 (USA, Europe)|Shooter|BDBA113E
Probotector (Europe) (En,Fr,De)|Shooter|BC597D48
Raiden Densetsu ~ Raiden Trad (Japan, USA)|Shooter|F839A811
Rambo III (World)|Shooter|2232F03D
Rambo III (World) (v1.1)|Shooter|4D47A647
Ranger X (Europe)|Shooter|B8C04804
Ranger X (USA)|Shooter|55915915
Revolution X (USA, Europe)|Shooter|5FB0C5D4
Rolling Thunder 2 (Europe)|Shooter|C440F292
Rolling Thunder 2 (Japan)|Shooter|965B2628
Rolling Thunder 2 (USA)|Shooter|3ACE429B
Rolling Thunder 3 (USA)|Shooter|64FB13AA
Sagaia (USA)|Shooter|F1E22F43
Same! Same! Same! (Japan)|Shooter|77BBD841
Senjou no Ookami II ~ Mercs (World)|Shooter|16113A72
Slap Fight MD (Japan)|Shooter|D6695695
Sol-Deace (USA)|Shooter|A77E4E9F
Soldiers of Fortune (USA)|Shooter|A84D28A1
Space Harrier II (Japan) (Launch Cart)|Shooter|EDC0FB28
Space Harrier II (World)|Shooter|E5C9CBB0
Space Invaders '91 (USA)|Shooter|BB83B528
Space Invaders 90 (Japan)|Shooter|22ADBD66
Steel Empire (USA)|Shooter|D0E7A0B6
Steel Talons (Japan, Korea)|Shooter|04F388E6
Steel Talons (USA) (Beta)|Shooter|C4052F18
Steel Talons (USA, Europe)|Shooter|10E4EC63
Sub-Terrania (Europe)|Shooter|E8CED28D
Sub-Terrania (Japan)|Shooter|7638EA91
Sub-Terrania (USA)|Shooter|DC3C6C45
Sub-Terrania (USA) (Beta)|Shooter|3A1022D1
Sub-Terrania (USA) (Beta) (Earlier)|Shooter|9C13D25C
Sunset Riders (Europe)|Shooter|0FF33054
Sunset Riders (USA)|Shooter|AC30C297
Super Airwolf (Japan)|Shooter|FA451982
Super Fantasy Zone (Europe)|Shooter|927975BE
Super Fantasy Zone (Japan)|Shooter|767780D7
Super Smash T.V. (USA, Europe)|Shooter|F22412B6
Super Thunder Blade (Japan) (Launch Cart)|Shooter|8BD77836
Super Thunder Blade (World)|Shooter|B13087EE
T2 - The Arcade Game (Japan)|Shooter|5E6FE52C
T2 - The Arcade Game (USA) (Beta)|Shooter|94255703
T2 - The Arcade Game (USA, Europe)|Shooter|A1264F17
TaleSpin (USA, Europe)|Shooter|F5C0C8D0
Target Earth (USA)|Shooter|CDDF62D3
Task Force Harrier EX (Japan)|Shooter|E9A54EED
Task Force Harrier EX (USA)|Shooter|C8BB0257
Tatsujin ~ Truxton (World)|Shooter|5BD0882D
Thunder Force II (USA, Europe)|Shooter|9B1561B3
Thunder Force II MD (Japan)|Shooter|E75EC3E0
Thunder Force III (Japan, USA)|Shooter|1B3F399A
Thunder Force IV (Europe)|Shooter|E7E3C05B
Thunder Force IV (Japan)|Shooter|8D606480
Tom Mason's Dinosaurs for Hire (USA)|Shooter|39351146
Trouble Shooter (USA)|Shooter|BECFC39B
Twin Cobra - Desert Attack Helicopter (USA)|Shooter|2C708248
Twinkle Tale (Japan)|Shooter|D757F924
Uchuu Senkan Gomora (Japan)|Shooter|C511E8D2
Undead Line (Japan)|Shooter|FB3CA1E6
Uzu Keobukseon (Korea)|Shooter|A7255BA8
V-V (Japan)|Shooter|AD9D0EC0
Vapor Trail (USA)|Shooter|C49E3A0A
Verytex (Japan)|Shooter|BAFC375F
Viewpoint (USA)|Shooter|59C71866
Viewpoint (USA) (Beta)|Shooter|F2E69CE7
Whip Rush (USA)|Shooter|7EB6B86B
Whip Rush - Wakusei Voltegas no Nazo (Japan)|Shooter|8084B4D1
Wings of Wor (USA)|Shooter|210A2FCD
Wonder Boy III - Monster Lair (Japan, Europe)|Shooter|C24BC5E4
XDR - X-Dazedly-Ray (Japan)|Shooter|AB22D002
Xenon 2 - Megablast (Europe)|Shooter|59ABE7F9
Xiao Monv - Magic Girl (China) (Unl)|Shooter|8E49A92E
Zero Tolerance (USA, Europe)|Shooter|23F603F5
Zero Wing (Europe)|Shooter|89B744A3
Zero Wing (Japan)|Shooter|7E203D2B
