688 Attack Sub (USA, Europe)|Simulation|F2C58BF7
Combat Cars (USA, Europe)|Simulation|E439B101
F-117 Night Storm (USA, Europe)|Simulation|1BF67A07
F-117 Stealth - Operation - Night Storm (Japan)|Simulation|EA6E421A
F-15 Strike Eagle II (Europe)|Simulation|E98EE370
F-15 Strike Eagle II (USA)|Simulation|412C4D60
F-15 Strike Eagle II (USA) (Beta 1)|Simulation|FD4F5A01
F-15 Strike Eagle II (USA) (Beta 2)|Simulation|DC5F07BA
Fun Car Rally (USA) (Proto)|Simulation|42E27845
G-LOC Air Battle (World)|Simulation|F2AF886E
G-LOC Air Battle (World) (Beta)|Simulation|175C7E63
Gunship (Europe)|Simulation|DA1440C9
LHX Attack Chopper (Japan)|Simulation|224FF103
LHX Attack Chopper (USA, Europe)|Simulation|70C3428D
Micro Machines Military (Europe) (J-Cart)|Simulation|B3ABB15E
Mig-29 Fighter Pilot (Europe)|Simulation|70B0A5D7
Mig-29 Fighter Pilot (Japan)|Simulation|3D239046
Mig-29 Fighter Pilot (USA)|Simulation|59CCABB2
Zan Yasha Enbukyoku (Japan)|Simulation|637FE8F3
