Alien Syndrome (Japan)|Action|FFE4ED47
Alien Syndrome (USA, Europe)|Action|BB5E10E0
Ariel the Little Mermaid (USA, Europe)|Action|97E3A18C
Ax Battler - A Legend of Golden Axe (USA, Europe)|Action|663BCF8A
Ax Battler - A Legend of Golden Axe (USA, Europe) (v2.0) (Beta)|Action|3435AB54
Ax Battler - Golden Axe Densetsu (Japan)|Action|DFCF555F
Bare Knuckle II ~ Streets of Rage 2 ~ Streets of Rage II (World)|Action|0B618409
Bare Knuckle ~ Streets of Rage (World)|Action|3D8BCF1D
Batman Forever (World)|Action|618B19E2
Batman Returns (World)|Action|7AC4A3CA
Battletoads (Japan, Europe)|Action|CB3CD075
Battletoads (USA)|Action|817CC0CA
Berenstain Bears' Camping Adventure, The (USA)|Action|A4BB9FFB
Berlin no Kabe (Japan)|Action|325B1797
Bram Stoker's Dracula (Europe)|Action|69EBE5FA
Bram Stoker's Dracula (USA)|Action|D966EC47
Buster Ball (Japan)|Action|7CB079D0
Captain America and the Avengers (USA, Europe)|Action|5675DFDD
Chicago Syndicate (USA, Europe)|Action|6B0FCEC3
Cliffhanger (USA)|Action|BF75B153
Coca-Cola Kid (Japan)|Action|C7598B81
Cutthroat Island (USA, Europe)|Action|6A24E47E
Cutthroat Island (USA, Europe) (Beta)|Action|6352EF00
Desert Strike (Europe) (En,Fr,De,Es)|Action|3E44ECA3
Desert Strike - Return to the Gulf (USA)|Action|F6C400DA
Devilish (Europe)|Action|D43AC6C5
Devilish (Japan)|Action|25DB174F
Devilish (USA)|Action|C01293B0
Double Dragon (USA, Europe)|Action|1307A290
Double Dragon (USA, Europe) (Beta)|Action|331904C0
Factory Panic (Europe)|Action|59E3BE92
Frogger (USA) (Proto)|Action|02BBF994
GG Doraemon - Noranosuke no Yabou (Japan)|Action|9A8B2C16
Ganbare Gorby! (Japan)|Action|A1F2F4A1
Gear Works (USA)|Action|E9A2EFB4
Home Alone (USA, Europe)|Action|DDE29F74
Kenyuu Densetsu Yaiba (Japan)|Action|D9CE3F4C
Kishin Douji Zenki (Japan)|Action|7D622BDD
Last Action Hero (USA)|Action|2D367C43
Lost World, The - Jurassic Park (USA)|Action|8D1597F5
Mick & Mack as the Global Gladiators (USA, Europe)|Action|D2B6021E
Mickey's Ultimate Challenge (USA)|Action|ECCF7A4F
Mighty Morphin Power Rangers (USA, Europe)|Action|9289DFCC
Mighty Morphin Power Rangers - The Movie (USA, Europe)|Action|B47C19E5
Ms. Pac-Man (USA)|Action|5EE88BD5
Ninku 2 - Tenkuuryuu e no Michi (Japan)|Action|06247DD2
Pac-Man (Japan) (En)|Action|A16C5E58
Pac-Man (USA)|Action|B318DD37
Paperboy (USA, Europe)|Action|F54B6803
Paperboy 2 (USA, Europe)|Action|8B2C454B
Paperboy 2 (USA, Europe) (Beta)|Action|0B271DB6
Pengo (Japan)|Action|CE863DBA
Pengo (USA, Europe)|Action|0DA23CC1
Pinball Dreams (USA)|Action|635C483A
Psychic World (Japan) (En)|Action|AFCC7828
Psychic World (USA, Europe) (Rev 1)|Action|73779B22
Rastan Saga (Japan)|Action|9C76FB3A
SD Gundam - Winner's History (Japan)|Action|5E2B39B8
Simpsons, The - Bart vs. the World (World)|Action|DA7BD5C7
Skweek (Japan)|Action|3D9C92C7
Slider (USA, Europe)|Action|4DC6F555
Superman - The Man of Steel (Europe)|Action|73DF5A15
Superman - The Man of Steel (Europe) (Beta)|Action|AA3F2172
Surf Ninjas (USA)|Action|284482A8
Tama & Friends 3 Choume Kouen - Tamalympic (Japan)|Action|DD1D2EBF
Tarzan - Lord of the Jungle (Europe)|Action|EF3AFE8B
Terminator 2 - Judgment Day (World)|Action|1BD15773
Torarete Tamaruka (Japan)|Action|5BCF9B97
True Lies (World)|Action|5173B02A
Urban Strike (USA, Europe)|Action|185E9FC1
Wizard Pinball (Europe)|Action|9E03F96C
Woody Pop (World)|Action|9C0E5A04
Woody Pop (World) (Rev 1)|Action|B74F3A4F
X-Men - Mojo World (USA, Europe)|Action|C2CBA9D7
Yu Yu Hakusho - Horobishimono no Gyakushuu (Japan)|Action|88EBBF9E
Yu Yu Hakusho 2 - Gekitou! Nanakyou no Tatakai (Japan)|Action|46AE9159
