16t (Japan) (SegaNet)|Action|537F04B6
Alien Storm (World)|Action|F5AC8DE5
Altered Beast (USA, Europe)|Action|154D59BB
Ariel the Little Mermaid (USA, Europe)|Action|58E297DF
Back to the Future Part III (Europe)|Action|2737F92E
Back to the Future Part III (USA)|Action|66A388C3
Bad Omen (Japan, Korea)|Action|975693CE
Ball Jacks (Japan, Europe)|Action|F5C3C54F
Bare Knuckle - Ikari no Tetsuken ~ Streets of Rage (World)|Action|BFF227C6
Bare Knuckle - Ikari no Tetsuken ~ Streets of Rage (World) (Rev A)|Action|4052E845
Bare Knuckle II (Japan) (Beta)|Action|0CF2ACBE
Bare Knuckle II - Shitou e no Requiem ~ Streets of Rage II (Japan, Europe)|Action|42E3EFDC
Bare Knuckle III (Japan)|Action|5D09236F
Batman Forever (World)|Action|8B723D01
Batman Returns (World)|Action|4A3225C0
BattleTech - A Game of Armored Combat (USA)|Action|409E5D14
Battlemaster (USA)|Action|FD2B35E3
Battletoads (World)|Action|D10E103A
Battletoads-Double Dragon (USA)|Action|8239DD17
Beast Warriors (Japan)|Action|4646C694
Beast Wrestler (USA)|Action|0CA5BB64
Bimini Run (USA)|Action|D4DC5188
Bishoujo Senshi Sailor Moon (Japan)|Action|5E246938
Body Count (Brazil)|Action|649607D1
Body Count (Europe) (En,Fr,De,Es,It)|Action|3575A030
Body Count (Europe) (En,Fr,De,Es,It) (Beta)|Action|B4FFB6CE
Bonanza Bros. (Japan, Europe)|Action|ADF6476C
Bonanza Bros. (Japan, Europe) (Rev A)|Action|C6AAC589
Bonanza Bros. (World) (Rev B)|Action|20D1AD4C
Bubble and Squeak (Europe)|Action|86151BF1
Bubble and Squeak (USA)|Action|28C4A006
Cannon Fodder (Europe)|Action|AD217654
Captain America and the Avengers (Europe)|Action|43225612
Captain America and the Avengers (USA)|Action|E0639CA2
Captain America and the Avengers (USA) (Beta)|Action|BAAC59C0
Chou Touryuu Retsuden Dino Land (Japan)|Action|81F939DE
Cliffhanger (Europe)|Action|35BFF1FD
Cliffhanger (USA)|Action|9CBF44D3
Comix Zone (Europe) (En,Fr,De,Es)|Action|1318E923
Comix Zone (Japan)|Action|7A6027B8
Comix Zone (USA)|Action|17DA0354
Comix Zone (USA) (Beta)|Action|2EFCB6EE
Comix Zone (USA) (Sega Smash Pack)|Action|2BB02A7D
Congo (Unknown) (Proto)|Action|13746716
Corporation (Europe)|Action|A80D18AA
Crack Down (Japan, Europe)|Action|538AAA5D
Crack Down (Japan, Europe) (Rev A)|Action|D012A47A
Crack Down (USA)|Action|B9CE9051
Crude Buster (Japan)|Action|AFFB4B00
Crue Ball (Japan)|Action|514C53E2
Crue Ball - Heavy Metal Pinball (USA, Europe)|Action|4B195FC0
CutThroat Island (USA, Europe)|Action|EBABBC70
Cyber-Cop (USA)|Action|01E719C8
Cyborg Justice (USA, Europe)|Action|AB0D1269
DJ Boy (Europe)|Action|860E749A
DJ Boy (Japan)|Action|202ABAA8
DJ Boy (USA)|Action|DC9F02DB
Dahna (Korea)|Action|10829EA1
Dahna Megami Tanjou (Japan)|Action|4602584F
Death and Return of Superman, The (USA)|Action|982242D3
Desert Strike - Return to the Gulf (USA, Europe)|Action|67A9860B
Desert Strike - Wangan Sakusen ~ Desert Strike (Japan, Korea)|Action|1E740145
Devil Crash MD (Japan)|Action|4C4CAAD8
Devilish - The Next Possession (USA)|Action|D3F300AC
Dick Tracy (World)|Action|EF887533
Dino Land (USA)|Action|5FE351B8
Dinosaur's Tale, A (USA)|Action|70155B5B
Doom Troopers (USA)|Action|11194414
Double Dragon (USA, Europe) (Unl)|Action|054F5D53
Double Dragon 3 - The Arcade Game (USA, Europe)|Action|B36AB75C
Double Dragon II - The Revenge (Japan)|Action|A8BFDBD6
Dragon's Fury (USA, Europe)|Action|58037BC6
Dragon's Lair (USA) (Proto)|Action|A33EB522
Dragon's Revenge (Japan) (En)|Action|D8D2EFD7
Dragon's Revenge (USA, Europe)|Action|841EDBC0
Dynamite Duke (World)|Action|39D01C8C
Dynamite Duke (World) (Rev A)|Action|246F0BDA
Exo Squad (Europe)|Action|B599B9F9
Exo Squad (USA)|Action|10EC03F3
Exo Squad (USA) (Beta)|Action|70EDF964
Exodus - Journey to the Promised Land (USA) (Unl)|Action|22E6FC04
F-22 Interceptor (Japan)|Action|FB55C785
F-22 Interceptor (USA) (Beta)|Action|D6A880A4
F-22 Interceptor (USA, Europe) (June 1992)|Action|DD19B2B3
F-22 Interceptor (USA, Europe) (September 1991)|Action|9CF552C2
FZ Senki Axis ~ Final Zone (Japan, USA)|Action|731FA4A1
Frogger (USA)|Action|EA2E48C0
Gadget Twins (USA)|Action|7AE5E248
Gain Ground (World)|Action|8641A2AB
Gain Ground (World) (Alt 1)|Action|83E7B8AE
Gain Ground (World) (Rev A)|Action|AEE20A64
Gargoyles (USA)|Action|2D965364
Garry Kitchen's Super Battletank - War in the Gulf (USA)|Action|B0B5E3C9
Gauntlet (Japan) (En,Ja)|Action|F9872055
Gauntlet IV (USA, Europe) (En,Ja) (August 1993)|Action|3BF46DCE
Gauntlet IV (USA, Europe) (En,Ja) (September 1993)|Action|F9D60510
General Chaos (USA, Europe)|Action|F1ECC4DF
General Chaos Daikonsen (Japan)|Action|05CC7369
Generations Lost (USA, Europe)|Action|131F36A6
Golden Axe (World)|Action|E8182B90
Golden Axe (World) (Sega Smash Pack)|Action|31227079
Golden Axe (World) (v1.1)|Action|665D7DF9
Golden Axe II (World)|Action|725E0A18
Golden Axe II (World) (Beta)|Action|E62EA1BB
Golden Axe III (Japan)|Action|C7862EA3
Growl (USA)|Action|F60EF143
Haunting Starring Polterguy (USA, Europe)|Action|C9FC876D
Hokuto no Ken - Shin Seikimatsu Kyuuseishu Densetsu (Japan)|Action|1B6585E7
Home Alone (USA) (Beta)|Action|3A235FB9
Home Alone (USA, Europe)|Action|AA0D4387
Hyper Marbles (Japan) (SegaNet)|Action|83BB2799
Instruments of Chaos Starring Young Indiana Jones (USA)|Action|4E384EF0
Instruments of Chaos Starring Young Indiana Jones (USA) (Beta)|Action|AD6C2050
Joshua & the Battle of Jericho (USA) (Unl)|Action|DA9E25AA
Juuouki (Japan)|Action|1B7C96C0
Juuouki (Japan) (v1.1)|Action|B2233E87
Last Action Hero (USA, Europe)|Action|15357DDE
Last Battle (USA, Europe)|Action|BBFAAD77
Lawnmower Man, The (USA, Europe)|Action|A7CACD59
Lobo (USA) (Proto)|Action|B5E09338
Lost World, The - Jurassic Park (USA, Europe)|Action|140A284C
M-1 Abrams Battle Tank (USA, Europe)|Action|1E2F74CF
Magic School Bus, The (USA)|Action|1A5D4412
Magical Taruruuto-kun (Japan)|Action|F11060A5
Maou Renjishi (Japan)|Action|24A7F28C
Mazin Saga (Asia)|Action|36459B59
Mazin Saga (Japan, Korea)|Action|45B3A34B
Mazin Saga - Mutant Fighter (USA)|Action|1BD9FEF1
Mazin Wars (Europe)|Action|4B07A105
Mickey's Ultimate Challenge (USA)|Action|30B512EE
Mighty Morphin Power Rangers (Europe)|Action|7F96E663
Mighty Morphin Power Rangers (USA)|Action|715158A9
Mighty Morphin Power Rangers - The Movie (Europe)|Action|254A4972
Mighty Morphin Power Rangers - The Movie (USA)|Action|AA941CBC
Ms. Pac-Man (USA, Europe)|Action|AF041BE6
Mystical Fighter (USA)|Action|B2F2A69B
Nightmare Circus (Brazil)|Action|06DA3217
Nightmare Circus (Brazil) (Beta)|Action|31DE5A94
No Escape (USA)|Action|44EE5F20
Normy's Beach Babe-O-Rama (USA, Europe)|Action|B56A8220
Ooze, The (Europe)|Action|E16B102C
Ooze, The (Japan, USA)|Action|1C0DD42F
Osomatsu-kun Hachamecha Gekijou (Japan)|Action|2453350C
Outlander (Europe)|Action|FE6F2350
Outlander (USA)|Action|C5BA7BBF
Pac-Mania (USA, Europe)|Action|74BBA09B
Paperboy (Japan)|Action|E14250AE
Paperboy (USA, Europe)|Action|0A44819B
Paperboy 2 (USA, Europe)|Action|1DE28BB1
Pirates of Dark Water, The (USA) (January 1994)|Action|0C45B9F7
Pirates of Dark Water, The (USA, Europe) (May 1994)|Action|0A62DE34
Psycho Pinball (Europe) (En,Fr,De,Es,It) (October 1994)|Action|D704784B
Psycho Pinball (Europe) (En,Fr,De,Es,It) (September 1994)|Action|11E9C3F2
Punisher, The (Europe)|Action|729EDD17
Punisher, The (USA)|Action|695CD8B8
Rampart (Japan, Korea)|Action|16EAD64C
Rampart (USA)|Action|9C4DD057
Rastan Saga II (Japan)|Action|EBACFB5A
Rastan Saga II (USA)|Action|C7EE8965
Red Zone (USA, Europe)|Action|56512EE5
Richard Scarry's Busytown (USA)|Action|7BB60C3F
Robot Battler (Japan) (SegaNet)|Action|FDF23EFF
Robot Wreckage (USA) (Proto)|Action|C67DDB14
Runark (Japan, Korea)|Action|0894D8FB
Saint Sword (Japan)|Action|3960A00F
Saint Sword (USA)|Action|44F66BFF
SeaQuest DSV (Europe)|Action|0BB511BD
SeaQuest DSV (USA)|Action|25B05480
Second Samurai (Europe)|Action|78E92143
Shadow Blasters (USA)|Action|713D377B
Shadow of the Beast II (USA, Europe)|Action|2DEDE3DB
Shiten Myouou (Japan)|Action|7E729693
Shui Hu - Feng Yun Zhuan (China) (Unl)|Action|3E9E010C
Simpsons, The - Bart's Nightmare (USA, Europe)|Action|24D7507C
Skeleton Krew (Europe)|Action|5F872737
Skeleton Krew (USA)|Action|C2E05ACB
Slime World (Japan)|Action|7FF5529F
Spider-Man . Venom - Maximum Carnage (World)|Action|8FA0B6E6
Spiritual Warfare (USA) (Unl)|Action|D9A364FF
Splatterhouse 2 (Europe)|Action|2559E03C
Splatterhouse 2 (USA)|Action|2D1766E9
Splatterhouse 3 (USA)|Action|00F05D07
Splatterhouse Part 2 (Japan)|Action|9FB70301
Splatterhouse Part 3 (Japan, Korea)|Action|31B83D22
Stone Protectors (USA) (Proto)|Action|FBF0D54F
Stormlord (Japan)|Action|0B440FED
Stormlord (USA)|Action|39AB50A5
Streets of Rage 2 (USA)|Action|E01FA526
Streets of Rage 3 (Asia)|Action|90EF991E
Streets of Rage 3 (Europe)|Action|3B78135F
Streets of Rage 3 (USA)|Action|D5BB15D9
Superman (USA)|Action|543A5869
Superman (USA) (Beta)|Action|5CD0E1D4
Superman - The Man of Steel (Europe)|Action|7DB434BA
Sword of Sodan (Japan)|Action|58EDB3F3
Sword of Sodan (USA, Europe)|Action|9CB8468F
T2 - Terminator 2 - Judgment Day (USA, Europe)|Action|2F75E896
TechnoClash (USA, Europe)|Action|4E65E483
Technocop (USA)|Action|7459AD06
Technocop (USA) (Beta)|Action|059AC8FB
Teenage Mutant Hero Turtles - The Hyperstone Heist (Europe)|Action|966D5286
Teenage Mutant Ninja Turtles - Return of the Shredder (Japan)|Action|1B003498
Teenage Mutant Ninja Turtles - The Hyperstone Heist (USA)|Action|679C41DE
Thunder Fox (Japan)|Action|ECA6CFFA
Thunder Fox (USA)|Action|5463F50F
Tick, The (USA)|Action|425132F0
Todd's Adventures in Slime World (USA)|Action|652E8B7D
ToeJam & Earl (World)|Action|D1B36786
ToeJam & Earl (World) (Rev A)|Action|7A588F4B
Tom and Jerry - Frantic Antics (USA) (1993)|Action|B9992E1C
Tom and Jerry - Frantic Antics (USA) (1994)|Action|3044460C
Toxic Crusaders (USA)|Action|11FD46CE
Toys (USA)|Action|CBC9951B
Trampoline Terror! (USA)|Action|AABB349F
True Lies (World)|Action|18C09468
Twisted Flipper (USA) (Beta)|Action|6DD47554
Two Crude Dudes (Europe)|Action|B6D90A10
Two Crude Dudes (USA)|Action|721B5744
Urban Strike (USA, Europe)|Action|CF690A75
Venom . Spider-Man - Separation Anxiety (USA, Europe)|Action|512ADE32
Virtual Bart (World)|Action|8DB9F378
Virtual Pinball (USA, Europe)|Action|D63473AA
Warlock (USA) (Beta)|Action|C9B6EDB3
Warlock (USA, Europe)|Action|0A46539B
WarpSpeed (USA) (Unl)|Action|143697ED
Waterworld (Europe) (Proto)|Action|51C80498
Whac-a-Critter (USA) (Unl)|Action|1BDD02B8
Wolverine - Adamantium Rage (USA, Europe)|Action|D2437BB7
X-Men 2 - Clone Wars (USA, Europe)|Action|710BC628
X-Perts (USA)|Action|57E8ABFD
Yang Jia Jiang - Yang Warrior Family (China) (Unl)|Action|6604A79E
Young Indiana Jones Chronicles, The (USA) (Proto)|Action|44F6BE35
Zombies (Europe)|Action|179A1AA2
Zombies Ate My Neighbors (USA)|Action|2BF3626F
