5 in 1 Funpak (USA)|Miscellaneous|F85A8CE8
Arcade Classics (USA)|Miscellaneous|3DECA813
Caesars Palace (USA)|Miscellaneous|C53B60B8
Casino Funpak (USA)|Miscellaneous|2B732056
Crayon Shin-chan - Taiketsu! Kantam Panic!! (Japan)|Miscellaneous|03D28EAB
Doraemon - Waku Waku Pocket Paradise (Japan)|Miscellaneous|733292A6
Excellent Dizzy Collection, The (Europe)|Miscellaneous|AA140C9C
GG Portrait - Pai Chen (Japan)|Miscellaneous|695CC120
GG Portrait - Yuuki Akira (Japan)|Miscellaneous|51159F8F
Gamble Panic (Japan)|Miscellaneous|09534742
Gambler Jiko Chuushinha (Japan)|Miscellaneous|423803A7
Ichidant~R GG (Japan)|Miscellaneous|9F64C2BB
Jeopardy! (USA)|Miscellaneous|D7820C21
Jeopardy! - Sports Edition (USA, Europe)|Miscellaneous|2DD850B7
Kaitou Saint Tail (Japan)|Miscellaneous|937FD52B
Kuni-chan no Game Tengoku (Japan)|Miscellaneous|398F2358
Kuni-chan no Game Tengoku Part 2 (Japan)|Miscellaneous|F3774C65
Pocket Jansou (Japan)|Miscellaneous|CC90C723
Poker Face Paul's Blackjack (USA)|Miscellaneous|89D34067
Poker Face Paul's Gin (USA)|Miscellaneous|AFD61B89
Poker Face Paul's Poker (USA)|Miscellaneous|E783DAF8
Poker Face Paul's Solitaire (USA)|Miscellaneous|0E9B0C0A
Puzzle and Action Tanto-R (Japan)|Miscellaneous|09151743
Quiz Gear Fight!!, The (Japan)|Miscellaneous|736CDB76
Ryuukyuu (Japan)|Miscellaneous|95EFD52B
Sega Game Pack 4 in 1 (Europe)|Miscellaneous|0924D2EC
Sega Game Pack 4 in 1 (Europe) (Beta)|Miscellaneous|758A7123
Solitaire FunPak (USA)|Miscellaneous|F6F24B75
Solitaire Poker (USA, Europe)|Miscellaneous|06F2FC46
Sports Trivia (USA)|Miscellaneous|A7AF7CA9
Sports Trivia - Championship Edition (USA, Europe)|Miscellaneous|5B5DE94D
Super Momotarou Dentetsu III (Japan)|Miscellaneous|B731BB80
Taisen Mahjong HaoPai (Japan)|Miscellaneous|CF9C607C
Taisen Mahjong HaoPai 2 (Japan)|Miscellaneous|20527530
Tarot no Yakata (Japan)|Miscellaneous|57834C03
Wheel of Fortune (USA)|Miscellaneous|E91CDB2A
