Addams Family, The (World)|Platform|1D01F999
Aladdin (Japan)|Platform|770E95E1
Aladdin (USA, Europe)|Platform|7A41C1DC
Alien 3 (Japan)|Platform|06F6EEBB
Alien 3 (USA, Europe)|Platform|11A68C08
Asterix and the Great Rescue (Europe) (En,Fr,De,Es,It)|Platform|328C5CC8
Asterix and the Great Rescue (USA)|Platform|78208B40
Asterix and the Secret Mission (Europe) (En,Fr,De)|Platform|C01A8051
Barbie Super Model (Unknown) (Proto)|Platform|03A0CE9E
Bartman Meets Radioactive Man (USA)|Platform|FFA447A9
Bonkers Wax Up! (USA, Europe)|Platform|BFCEBA5F
Bubble Bobble (USA, Europe)|Platform|FBA338C5
Bugs Bunny in Double Trouble (USA, Europe)|Platform|5C34D9CD
CJ Elephant Fugitive (Europe)|Platform|72981057
Castle of Illusion Starring Mickey Mouse (USA, Europe)|Platform|59840FD6
Chakan (USA, Europe)|Platform|DFC7ADC8
Cheese Cat-Astrophe Starring Speedy Gonzales (Europe) (En,Fr,De,Es)|Platform|4E78FD36
Chuck Rock (World)|Platform|191B1ED8
Chuck Rock (World) (Beta)|Platform|CB3A1D23
Chuck Rock II - Son of Chuck (Europe)|Platform|656708BF
Chuck Rock II - Son of Chuck (USA)|Platform|3FCC28C9
Cool Spot (Europe)|Platform|BA0714DB
Cool Spot (USA)|Platform|2C758FC8
Daffy Duck in Hollywood (Europe) (En,Fr,De,Es,It)|Platform|AAE268FC
Deep Duck Trouble Starring Donald Duck (USA, Europe)|Platform|5A136D7E
Desert Speedtrap Starring Road Runner and Wile E. Coyote (Europe) (En,Fr,De,Es,It)|Platform|EC808026
Desert Speedtrap Starring Road Runner and Wile E. Coyote (USA)|Platform|C2E111AC
Donald Duck no 4-Tsu no Hihou (Japan)|Platform|4457E7C0
Donald Duck no Lucky Dime (Japan)|Platform|2D98BD87
Donald no Magical World (Japan) (En,Ja)|Platform|87B8B612
Dragon - The Bruce Lee Story (Europe)|Platform|19E1CF2B
Dragon - The Bruce Lee Story (USA)|Platform|17F588E8
Dynamite Headdy (Japan)|Platform|F6AF4B6B
Dynamite Headdy (USA, Europe)|Platform|610FF95C
Earthworm Jim (Europe)|Platform|691AE339
Earthworm Jim (USA)|Platform|5D3F23A9
Ecco - The Tides of Time (USA, Europe)|Platform|E2F3B203
Ecco the Dolphin (Japan)|Platform|A32EB9D5
Ecco the Dolphin (USA, Europe)|Platform|866C7113
Ecco the Dolphin II (Japan)|Platform|BA9CEF4F
GG Shinobi, The (Japan)|Platform|83926BD1
Garfield - Caught in the Act (USA, Europe)|Platform|CD53F3AF
Greendog - The Beached Surfer Dude! (USA, Europe)|Platform|F27925B0
Hook (Europe)|Platform|A5AA5BA1
Hook (USA)|Platform|F53CED2E
Hurricanes (Europe)|Platform|0A25EEC5
In the Wake of Vampire (Japan)|Platform|DAB0F265
Incredible Crash Dummies, The (World)|Platform|087FC247
Incredible Hulk, The (USA, Europe)|Platform|D7055F88
Indiana Jones and the Last Crusade (USA, Europe)|Platform|B875226B
Iron Man X-O Manowar in Heavy Metal (USA, Europe)|Platform|8927B69B
Itchy & Scratchy Game, The (USA, Europe)|Platform|44E7E2DA
James Bond 007 - The Duel (Europe)|Platform|881A4524
James Pond 3 - Operation Starfi5h (Europe)|Platform|68BB7F71
James Pond II - Codename RoboCod (Europe)|Platform|C2F7928B
James Pond II - Codename RoboCod (USA)|Platform|9FB5C155
Judge Dredd (USA, Europe)|Platform|04D23FC4
Jungle Book, The (Europe)|Platform|90100884
Jungle Book, The (USA)|Platform|30C09F31
Land of Illusion Starring Mickey Mouse (USA, Europe)|Platform|52DBF3E1
Legend of Illusion Starring Mickey Mouse (USA, Europe)|Platform|CE5AD8B7
Lion King, The (Europe)|Platform|0CD9C20B
Lion King, The (Japan)|Platform|C78B8637
Lion King, The (USA)|Platform|9808D7B3
Lucky Dime Caper Starring Donald Duck, The (USA, Europe)|Platform|07A7815A
Mappy (Japan)|Platform|01D2DD2A
Marko's Magic Football (Europe) (En,Fr,De,Es)|Platform|22C418BF
Master of Darkness (Europe)|Platform|07D0EB42
Mega Man (USA)|Platform|1ACE93AF
Mickey Mouse Densetsu no Oukoku - Legend of Illusion (Japan)|Platform|FE12A92F
Mickey Mouse no Castle Illusion (Japan)|Platform|9942B69B
Mickey Mouse no Mahou no Crystal (Japan)|Platform|0117C3DF
Ninja Gaiden (Japan)|Platform|20EF017A
Ninja Gaiden (USA, Europe)|Platform|C578756B
Ottifants, The (Europe) (En,Fr,De,Es,It)|Platform|1E673168
Pac-In-Time (Unknown) (Proto)|Platform|64C28E20
Phantom 2040 (USA, Europe)|Platform|281B1C3A
Prince of Persia (USA, Europe)|Platform|311D2863
Prince of Persia (USA, Europe) (Beta)|Platform|45F058D6
Quest for the Shaven Yak Starring Ren Hoek & Stimpy (USA, Europe)|Platform|6C451EE1
Revenge of Drancon (USA)|Platform|03E9C607
Ristar - The Shooting Star (World)|Platform|EFE65B3B
RoboCop 3 (World)|Platform|069A0704
RoboCop versus The Terminator (USA, Europe)|Platform|4AB7FA4E
S.S. Lucifer - Man Overboard! (Europe)|Platform|D9A7F170
Shinobi (USA, Europe)|Platform|30F1C984
Shinobi II - The Silent Fury (World) (Ja)|Platform|6201C694
Simpsons, The - Bart vs. the Space Mutants (USA, Europe)|Platform|C0009274
Smurfs Travel the World, The (Europe) (En,Fr,De,Es)|Platform|3EB337DF
Smurfs, The (Europe) (En,Fr,De,Es)|Platform|354E1CBD
Sonic & Tails (Japan) (En)|Platform|8AC0DADE
Sonic & Tails (Japan) (En) (Sample)|Platform|E0E3FB6A
Sonic & Tails 2 (Japan)|Platform|496BCE64
Sonic Blast (World)|Platform|031B9DA9
Sonic Chaos (USA, Europe)|Platform|663F2ABB
Sonic Labyrinth (World)|Platform|5550173B
Sonic The Hedgehog (Japan)|Platform|3E31CB8C
Sonic The Hedgehog (World) (Proto)|Platform|816C0A1E
Sonic The Hedgehog (World) (Rev 1)|Platform|D163356E
Sonic The Hedgehog - Triple Trouble (USA, Europe)|Platform|D23A2A93
Sonic The Hedgehog 2 (World)|Platform|95A18EC7
Sonic The Hedgehog 2 (World) (Auto Demo)|Platform|15AD37A5
Spider-Man - Return of the Sinister Six (USA, Europe)|Platform|BC240779
Spider-Man - X-Men - Arcade's Revenge (USA)|Platform|742A372B
Star Wars (Europe)|Platform|DB9BC599
Star Wars (USA)|Platform|0228769C
Stargate (World)|Platform|FC7C64E4
Super Return of the Jedi (USA, Europe)|Platform|4A38B6B6
Tails Adventures (World) (En,Ja)|Platform|5BB6E5D6
Taz in Escape from Mars (USA, Europe)|Platform|EEBAD66B
Taz-Mania - The Search for the Lost Seabirds (USA, Europe)|Platform|36040C24
Tempo Jr. (World)|Platform|DE466796
Terminator, The (USA, Europe)|Platform|C029A5FD
Tintin in Tibet (Europe) (En,Fr,De,Es,Nl,Sv)|Platform|969CF389
Tom and Jerry - The Movie (Japan)|Platform|A1453EFA
Tom and Jerry - The Movie (USA, Europe)|Platform|5CD33FF2
Vampire - Master of Darkness (USA)|Platform|7EC64025
Wagyan Land (Japan)|Platform|29E697B2
Wolfchild (Europe)|Platform|840A8F8E
Wonder Boy (Europe)|Platform|EA2DD3A7
Wonder Boy (Japan)|Platform|9977FCB3
X-Men (USA)|Platform|567A5EE6
X-Men - Gamemaster's Legacy (USA, Europe)|Platform|C169C344
Yogi Bear in Yogi Bear's Goldrush (Unknown) (Proto)|Platform|E678F264
Zool - Ninja of the 'Nth' Dimension (Europe)|Platform|23904898
Zool - Ninja of the 'Nth' Dimension (USA)|Platform|B287C695
Zool no Yume Bouken (Japan)|Platform|E35EF7ED
