Aa Harimanada (Japan)|Sports|1D17D2A0
Andre Agassi Tennis (USA)|Sports|46C9FA3E
Arch Rivals (USA)|Sports|F0204191
Batter Up (USA, Europe)|Sports|16448209
Championship Hockey (Europe)|Sports|E21D2A88
Clutch Hitter (USA)|Sports|D228A467
Dunk Kids (Japan)|Sports|77ED48F5
Ernie Els Golf (Europe) (En,Fr,De,Es,It)|Sports|5E53C7F7
FIFA International Soccer (Japan)|Sports|78159325
FIFA International Soccer (USA, Europe)|Sports|E632A3A2
FIFA Soccer 96 (USA, Europe) (En,Fr,De,Es)|Sports|C379DE95
Foreman for Real (World)|Sports|D46D5685
Frank Thomas Big Hurt Baseball (USA)|Sports|C443C35C
Fred Couples' Golf (Japan)|Sports|B1196CD7
Fred Couples' Golf (USA)|Sports|46F40B9F
From TV Animation - Slam Dunk - Shouri e no Starting 5 (Japan)|Sports|751DAD4C
Gear Stadium (Japan)|Sports|0E300223
Gear Stadium Heiseiban (Japan)|Sports|A0530664
George Foreman's KO Boxing (USA, Europe)|Sports|58B44585
Heavy Weight Champ (Japan)|Sports|BEED9150
Honoo no Toukyuuji - Dodge Danpei (Japan)|Sports|DFA805A0
Hyper Pro Yakyuu '92 (Japan)|Sports|056CAE74
J.League GG Pro Striker '94 (Japan)|Sports|A12A28A0
J.League Soccer - Dream Eleven (Japan)|Sports|ABDDF0EB
Joe Montana Football (Japan)|Sports|4A98678B
Joe Montana Football (USA, Europe)|Sports|2E01BA6C
Journey from Darkness - Strider Returns (USA, Europe)|Sports|1EBFA5CA
Kick & Rush (Japan)|Sports|FD14CE00
MLBPA Baseball (USA)|Sports|1ECF07B4
Madden 96 (USA, Europe)|Sports|9F59D302
Madden NFL 95 (USA)|Sports|75C71EBF
Majors Pro Baseball, The (USA)|Sports|36EBCD6D
NBA Action Starring David Robinson (USA)|Sports|19030108
NBA Jam (Japan)|Sports|A49E9033
NBA Jam (USA) (Rev 1)|Sports|820FA4AB
NBA Jam (USA, Europe)|Sports|8F17597E
NBA Jam - Tournament Edition (World)|Sports|86C32E5B
NFL '95 (USA)|Sports|DC5B0407
NFL Quarterback Club '96 (USA, Europe)|Sports|C348E53A
NFL Quarterback Club (World)|Sports|61785ED5
NHL All-Star Hockey (USA)|Sports|4680C7AA
NHL Hockey (USA, Europe)|Sports|658713A5
Nomo Hideo no World Series Baseball (Japan)|Sports|4ED45BDA
Olympic Gold (Europe) (En,Fr,De,Es,It,Nl,Pt,Sv) (Rev 1)|Sports|1D93246E
Olympic Gold (Japan, USA) (En,Fr,De,Es,It,Nl,Pt,Sv)|Sports|A2F9C7AF
PGA Tour 96 (USA, Europe)|Sports|542B6D8E
PGA Tour Golf (USA) (Rev 1)|Sports|1C77D996
PGA Tour Golf (USA, Europe)|Sports|9700BB65
PGA Tour Golf II (USA, Europe)|Sports|4A8AC851
Pete Sampras Tennis (Europe)|Sports|C1756BEE
Popeye no Beach Volleyball (Japan)|Sports|3EF66810
Pro Yakyuu '91, The (Japan)|Sports|6D3A10D3
Pro Yakyuu GG League '94 (Japan)|Sports|A1A19135
Pro Yakyuu GG League (Japan)|Sports|2DA8E943
Putt & Putter (Japan)|Sports|407AC070
Putt & Putter (USA, Europe)|Sports|ECC301DD
R.B.I. Baseball '94 (USA)|Sports|6DC3295E
Riddick Bowe Boxing (Japan)|Sports|A45FFFB7
Riddick Bowe Boxing (USA)|Sports|38D8EC56
Scratch Golf (Japan)|Sports|EC0F2C72
Scratch Golf (USA)|Sports|C10DF4CE
Sensible Soccer (Europe)|Sports|5B68DA75
Side Pocket (USA)|Sports|6A603EED
Sports Illustrated Championship Football & Baseball (USA, Europe)|Sports|DE25E2D8
Striker (Europe) (En,Fr,De,Es,It)|Sports|B421C057
Super Golf (Japan)|Sports|528CBBCE
Super Golf (USA)|Sports|E9570F36
Super Kick Off (Japan)|Sports|10DBBEF4
Tatakae! Pro Yakyuu Twin League (Japan)|Sports|BEC57602
Tengen World Cup Soccer (USA, Europe)|Sports|DD6D2E34
Ultimate Soccer (Japan, Europe) (En,Fr,De,Es,It)|Sports|820965A3
WWF Raw (USA, Europe)|Sports|8DC68D92
WWF Wrestlemania Steel Cage Challenge (Europe)|Sports|DA8E95A9
Wimbledon (World)|Sports|CE1108FD
Winter Olympics - Lillehammer '94 (Japan) (En,Fr,De,Es,It,Pt,Sv,No)|Sports|D5195A39
Winter Olympics - Lillehammer '94 (USA, Europe) (En,Fr,De,Es,It,Pt,Sv,No)|Sports|D15D335B
World Class Leader Board (USA, Europe)|Sports|868FE528
World Cup USA 94 (USA, Europe) (En,Fr,De,Es,It,Nl,Pt,Sv)|Sports|D2BB3690
World Derby (Japan)|Sports|1E81861F
World Series Baseball '95 (USA)|Sports|578A8A38
World Series Baseball (USA)|Sports|3D8D0DD6
World Series Baseball (USA) (Rev 1)|Sports|BB38CFD7
