Bill's Tomato Game (USA) (Proto)|Puzzle|0E1F263F
Blockout (World)|Puzzle|5E2966F1
Columns (World)|Puzzle|03163D7A
Columns (World) (v1.1)|Puzzle|D783C244
Columns III (USA)|Puzzle|DC678F6D
Columns III - Taiketsu! Columns World (Japan, Korea)|Puzzle|CD07462F
Dong Gu Ri Te Chi Jak Jeon (Korea)|Puzzle|E32F0B1C
Dr. Robotnik's Mean Bean Machine (Europe)|Puzzle|70680706
Dr. Robotnik's Mean Bean Machine (USA)|Puzzle|C7CA517F
Dr. Robotnik's Mean Bean Machine (USA) (Beta)|Puzzle|4D0E5273
Dragon's Eye Plus - Shanghai III (Japan)|Puzzle|81F0C3CF
Great Waldo Search, The (USA)|Puzzle|8C5C93B8
Humans, The (USA)|Puzzle|A0CF4366
Hyokkori Hyoutan-jima - Daitouryou wo Mezase! (Japan)|Puzzle|72253BDB
Ikasuze! Koi no Doki Doki Penguin Land MD (Japan) (SegaNet)|Puzzle|0053BFD6
Ishido - The Way of Stones (USA) (Unl)|Puzzle|B1DE7D5E
Junction (Japan, USA)|Puzzle|94CDCE8D
Klax (Japan)|Puzzle|1AFCC1DA
Klax (USA, Europe)|Puzzle|248CD09E
Krusty's Super Fun House (USA, Europe)|Puzzle|F764005E
Krusty's Super Fun House (USA, Europe) (v1.1)|Puzzle|56976261
Lemmings (Europe)|Puzzle|6A1A4579
Lemmings (Japan, USA)|Puzzle|F015C2AD
Lemmings (Japan, USA) (v1.1)|Puzzle|68C70362
Lemmings 2 - The Tribes (Europe)|Puzzle|741EB624
Lemmings 2 - The Tribes (USA)|Puzzle|DE59A3A3
Lost Vikings, The (Europe)|Puzzle|1F14EFC6
Lost Vikings, The (Europe) (Beta)|Puzzle|17BED25F
Lost Vikings, The (USA)|Puzzle|7BA49EDB
Lost Vikings, The (USA)|Puzzle|7BA49EDB
Marble Madness (Japan)|Puzzle|775BC464
Marble Madness (USA, Europe)|Puzzle|79EBA28A
Mega Bomberman (Europe)|Puzzle|54AB3BEB
Mega Bomberman (USA)|Puzzle|4BD6667D
MegaMind (Japan) (SegaNet)|Puzzle|76DF2AE2
MegaPanel (Japan)|Puzzle|6240F579
Oh Mummy Genesis (World) (Unl)|Puzzle|B7F68B29
Pac-Attack (USA)|Puzzle|5DF382F7
Pac-Panic (Europe)|Puzzle|EBD6D5BA
Pepenga Pengo (Japan)|Puzzle|D1E2324B
Puyo Puyo (Japan)|Puzzle|7F26614E
Puyo Puyo 2 (Japan)|Puzzle|51AD7797
Puyo Puyo 2 (Japan) (v1.1)|Puzzle|25B7B2AA
Pyramid Magic (Japan) (SegaNet)|Puzzle|306D839E
Pyramid Magic II (Japan) (SegaNet)|Puzzle|C9DDAC72
Pyramid Magic III (Japan) (SegaNet)|Puzzle|8329820A
Pyramid Magic Special (Japan) (SegaNet)|Puzzle|153A3AFA
Shanghai II - Dragon's Eye (USA)|Puzzle|EBE9E840
Shanghai II - Dragon's Eye (USA) (Beta)|Puzzle|154ACA2D
Shijou Saidai no Soukoban (Japan)|Puzzle|40F4AACC
Shikinjou (Japan)|Puzzle|5EA0C97D
Shove It! ...The Warehouse Game (USA)|Puzzle|C51F40CB
Sonic Eraser (Japan) (SegaNet)|Puzzle|62D8A0E7
Sonic Spinball (Japan)|Puzzle|ACD08CE8
Sonic The Hedgehog Spinball (Europe)|Puzzle|AEA0786D
Sonic The Hedgehog Spinball (USA)|Puzzle|677206CB
Sonic The Hedgehog Spinball (USA) (Alt 1)|Puzzle|E9960371
Sonic The Hedgehog Spinball (USA) (Beta)|Puzzle|B1524979
Tetris (Japan)|Puzzle|4CE90DB0
Ultimate QIX (USA)|Puzzle|D83369D9
Volfied (Japan)|Puzzle|B0C5E3F7
Where in Time Is Carmen Sandiego (Brazil) (Es,Pt)|Puzzle|D523B552
Where in Time Is Carmen Sandiego (USA, Europe) (En,Fr,De,Es,It)|Puzzle|EA19D4A4
Where in the World Is Carmen Sandiego (Brazil) (Es,Pt)|Puzzle|7D4450AD
Where in the World Is Carmen Sandiego (USA, Europe) (En,Fr,De,Es,It)|Puzzle|EEF372E8
Zoom! (World)|Puzzle|724D6965
Zoop (Europe)|Puzzle|2FDAC6AB
Zoop (USA)|Puzzle|A899BEFA
