Bust-A-Move Pocket (USA)|Puzzle|85FE6AE3
Bust-A-Move Pocket (USA) (Proto)|Puzzle|78A1361D
Delta Warp (Japan) (Demo)|Puzzle|A3C89788
Delta Warp (Japan) (En,Ja)|Puzzle|ADD4FDFF
Magical Drop Pocket (Japan)|Puzzle|694CE2DC
Magical Drop Pocket (Japan) (Demo)|Puzzle|D76F1A47
Magical Drop Pocket (USA, Europe)|Puzzle|7712F82D
Oekaki Puzzle (Japan)|Puzzle|59AB1E0F
Picture Puzzle (USA, Europe)|Puzzle|67E6DC56
Puyo Pop (World) (En,Ja) (v1.05)|Puzzle|3090B2FD
Puyo Pop (World) (En,Ja) (v1.06)|Puzzle|5C649D1E
Puzzle Bobble Mini (Japan, Europe) (En,Ja) (Demo)|Puzzle|E3D9F38E
Puzzle Bobble Mini (Japan, Europe) (v1.09)|Puzzle|C94B173A
Puzzle Bobble Mini (Japan, Europe) (v1.10)|Puzzle|E69EAE3E
Puzzle Link (Europe)|Puzzle|8D0610AC
Puzzle Link 2 (USA, Europe)|Puzzle|BA9CA21C
Renketsu Puzzle Tsunagete Pon! Color (Japan)|Puzzle|C3F3E83C
Shanghai Mini (World) (En,Ja)|Puzzle|90732D53
Shanghai Mini (World) (En,Ja) (Proto 1)|Puzzle|79620C3F
Shanghai Mini (World) (En,Ja) (Proto 2)|Puzzle|920AF0ED
Tsunagete Pon! 2 (Japan)|Puzzle|129091BB
