Baseball Stars (Japan, Europe) (En,Ja)|Sports|4781AE84
King of Fighters R-1 & Melon-chan no Seichou Nikki - Pocket Fighting Series (Japan) (Demo)|Fighting|2660BFC4
King of Fighters R-1 - Pocket Fighting Series (Japan, Europe) (En,Ja)|Fighting|DCEB7E11
Melon-chan no Seichou Nikki (Japan)|Simulation|CB42CFA4
Neo Cherry Master - Real Casino Series (Japan, Europe) (En,Ja)|Miscellaneous|5C067579
Neo Geo Cup '98 (Japan, Europe) (En,Ja)|Sports|33ADD5BD
Pocket Tennis - Pocket Sports Series (Japan, Europe) (En,Ja)|Sports|89410850
Renketsu Puzzle Tsunagete Pon! (Japan)|Puzzle|CE09F534
Samurai Shodown! - Pocket Fighting Series (Japan, Europe) (En,Ja)|Fighting|32E4696A
Shougi no Tatsujin (Japan)|Miscellaneous|F34D0C9B
