A.S.P. - Air Strike Patrol (USA)|Simulation|05C0DA54
BattleTech (Japan)|Simulation|FA29E335
BattleTech 3050 (Japan)|Simulation|56C7EB66
Blazing Skies (Europe)|Simulation|BEB16E2D
Desert Fighter (Europe)|Simulation|B78BAE0E
Desert Fighter (Europe) (Beta)|Simulation|CD989804
Desert Fighter - Suna no Arashi Sakusen (Japan)|Simulation|9EDC5A7D
F-15 Super Strike Eagle (Japan)|Simulation|F0202E26
Garry Kitchen's Super Battletank (Europe)|Simulation|FE7DE9CE
Garry Kitchen's Super Battletank - War in the Gulf (USA)|Simulation|2CE0C852
Garry Kitchen's Super Battletank - War in the Gulf (USA) (Rev 1)|Simulation|77811B34
Lock On (USA)|Simulation|84F7E078
MechWarrior (Europe)|Simulation|FBA97820
MechWarrior (France)|Simulation|DE2552AD
MechWarrior (Germany)|Simulation|503D467A
MechWarrior (Italy)|Simulation|9136DCE8
MechWarrior (Spain)|Simulation|D713A74F
MechWarrior (USA)|Simulation|40B7A858
MechWarrior 3050 (Europe)|Simulation|4CCC3651
MechWarrior 3050 (USA)|Simulation|C0ACC92D
Pilotwings (Europe)|Simulation|DEF45776
Pilotwings (Japan)|Simulation|77871727
Pilotwings (USA)|Simulation|266C44ED
Sky Mission (Japan)|Simulation|0866A769
Star Trek - Starfleet Academy - Starship Bridge Simulator (Europe)|Simulation|7C07E4A0
Star Trek - Starfleet Academy - Starship Bridge Simulator (Germany)|Simulation|CB2738BD
Star Trek - Starfleet Academy - Starship Bridge Simulator (USA)|Simulation|2DB38D24
Super Air Diver (Europe)|Simulation|0B57C764
Super Air Diver (Japan)|Simulation|971E74BA
Super Air Diver 2 (Japan)|Simulation|A6AD6B0F
Super Battletank (Japan)|Simulation|C53B82CD
Super Battletank 2 (Europe)|Simulation|198FFCDB
Super Battletank 2 (Japan)|Simulation|8321C8CD
Super Battletank 2 (Spain)|Simulation|D3802A47
Super Battletank 2 (USA)|Simulation|70A292D6
Super Dogfight (Japan)|Simulation|2F5D822D
Super Strike Eagle (Europe) (En,Fr,De,Es,It)|Simulation|3ABAB85B
Super Strike Eagle (USA)|Simulation|ECF79841
Tokimeki Memorial - Densetsu no Ki no Shita de (Japan)|Simulation|6A3CCEB1
Tokimeki Memorial - Densetsu no Ki no Shita de (Japan) (Rev 1)|Simulation|AE9F3602
Turn and Burn - No-Fly Zone (Europe)|Simulation|EE92CEB5
Turn and Burn - No-Fly Zone (Spain)|Simulation|E9E676C2
Turn and Burn - No-Fly Zone (USA)|Simulation|87BFA0B8
Wedding Peach (Japan)|Simulation|5FC89932
Wing Commander (Europe)|Simulation|A7A22A40
Wing Commander (Germany)|Simulation|C8A95814
Wing Commander (Japan)|Simulation|42299CEA
Wing Commander (USA)|Simulation|65AD4F8D
Wing Commander - The Secret Missions (Europe)|Simulation|6EF77F07
Wing Commander - The Secret Missions (Europe) (Beta)|Simulation|EAC3E786
Wing Commander - The Secret Missions (USA)|Simulation|D5E9AF7F
Wings 2 - Aces High (USA)|Simulation|1637D1A5
Wings 2 - Aces High (USA) (Beta)|Simulation|CC2E31D4
