D's Garage 21 Koubo Game - Tane o Maku Tori (Japan)|Puzzle|B1CAEC06
Engacho! for WonderSwan (Japan)|Puzzle|4E467626
Glocal Hexcite (Japan)|Puzzle|8FCD6D2C
Goraku Ou Tango! (Japan)|Puzzle|00137E86
GunPey (Japan)|Puzzle|A1656BBB
Lode Runner for WonderSwan (Japan)|Puzzle|E407CABF
Magical Drop for WonderSwan (Japan)|Puzzle|637ADA93
Mingle Magnet (Japan)|Puzzle|9BAAC7BB
Ou-chan no Oekaki Logic (Japan)|Puzzle|631BD97A
Puyo Puyo Tsuu (Japan)|Puzzle|5A41A7BA
Puzzle Bobble (Japan)|Puzzle|302499B9
Sennou Millennium (Japan)|Puzzle|301436AC
Shanghai Pocket (Japan)|Puzzle|1C489351
Slither Link (Japan)|Puzzle|F00A0330
Tare Panda no GunPey (Japan)|Puzzle|A5643AA3
