Cardcaptor Sakura - Sakura to Fushigi na Clow Card (Japan)|RPG|7F3A14C0
Chocobo no Fushigi na Dungeon for WonderSwan (Japan)|RPG|CCAA4853
Chou Aniki - Otoko no Tamafuda (Japan)|RPG|7FFF2520
Digimon Adventure - Anode Tamer (Japan)|RPG|6E9DD148
Digimon Adventure - Cathode Tamer (Japan)|RPG|42AD238B
Harobots (Japan)|RPG|AA525C04
Hunter X Hunter - Ishi o Tsugu Mono (Japan)|RPG|70AA800E
Medarot Perfect Edition - Kabuto Version (Japan)|RPG|12FB8B28
Medarot Perfect Edition - Kuwagata Version (Japan)|RPG|2B40745D
Neon Genesis Evangelion - Shito Ikusei (Japan)|RPG|BF8D9212
Senkaiden - TV Animation Senkaiden Houshin Engi Yori (Japan)|RPG|07A3DD46
Time Bokan Series - Bokan Densetsu - Butamo Odaterya Doronbou (Japan)|RPG|7DA6ACB9
Tokyo Majin Gakuen - Fuju Houroku (Japan)|RPG|91117D1B
Vaitz Blade (Japan)|RPG|8FC9E145
