Clock Tower for WonderSwan (Japan)|Adventure|A9936941
Digimon Adventure 02 - Tag Tamers (Japan)|Adventure|6EDEDAF8
From TV Animation One Piece - Mezase Kaizoku Ou! (Japan)|Adventure|F2E362B8
Kiss Yori... - Seaside Serenade (Japan)|Adventure|3B4C60C6
Meitantei Conan - Majutsushi no Chousenjou! (Japan)|Adventure|92FBF7FB
Meitantei Conan - Nishi no Meitantei Saidai no Kiki! (Japan)|Adventure|E226863B
Nazo Ou Pocket (Japan)|Adventure|4ED8820C
Sotsugyou for WonderSwan (Japan)|Adventure|F016DFE1
Terrors (Japan)|Adventure|EF5B6B82
Tetsujin 28 Gou (Japan)|Adventure|6F304DCA
