10-Yard Fight (Japan)|Sports|836C4FA7
10-Yard Fight (Japan) (Rev 1)|Sports|44D21F83
10-Yard Fight (USA, Europe)|Sports|3D564757
1991 Du Ma Racing (Asia) (Unl)|Sports|AC97AA09
720 Degrees (USA)|Sports|49F745E0
AV Soccer (Japan) (Unl)|Sports|DA430FB3
All-Pro Basketball (USA)|Sports|934DB14A
American Gladiators (USA)|Sports|1973AEA8
Arch Rivals - A Basketbrawl! (Europe)|Sports|DB9C072D
Arch Rivals - A Basketbrawl! (USA)|Sports|C740EB46
Athletic World (Europe)|Sports|E592F53A
Athletic World (USA)|Sports|1771EA8F
Aussie Rules Footy (Australia)|Sports|D630EE8F
Bad News Baseball (USA)|Sports|40DAFCBA
Baken Hisshou Gaku - Gate In (Japan)|Sports|27C16011
Ballblazer (Japan)|Sports|484A60DB
Bandai Golf - Challenge Pebble Beach (USA)|Sports|6CD46979
Baseball (Japan)|Sports|78A48B23
Baseball (USA) (GameCube Edition)|Sports|67861A27
Baseball (USA, Europe)|Sports|AFDCBD24
Baseball Fighter (Japan)|Sports|BF7F54B4
Baseball Simulator 1.000 (USA)|Sports|1F6EA423
Baseball Star - Mezase Sankanou!! (Japan)|Sports|AE5C3D94
Baseball Stars (USA)|Sports|40D159B6
Baseball Stars II (USA)|Sports|18A9F0D9
Bases Loaded (USA)|Sports|B4241FCC
Bases Loaded (USA) (Rev A)|Sports|DAEE19F2
Bases Loaded (USA) (Rev B)|Sports|6ABAD366
Bases Loaded 3 (USA)|Sports|3ECA3DDA
Bases Loaded 4 (USA)|Sports|28F9B41F
Bases Loaded II - Second Season (USA)|Sports|B9CF171F
Battle Baseball (Japan)|Sports|83EA7B04
Battle Stadium - Senbatsu Pro Yakyuu (Japan)|Sports|61A852EA
Best Keiba - Derby Stallion (Japan)|Sports|A1A33B85
Best Keiba - Derby Stallion (Japan) (Rev A)|Sports|83EAF3B1
Best Play Pro Yakyuu '90 (Japan)|Sports|974E8840
Best Play Pro Yakyuu (Japan)|Sports|3BBFF3A6
Best Play Pro Yakyuu - Shin Data (Japan)|Sports|E19293A2
Best Play Pro Yakyuu II (Japan)|Sports|C2EF3422
Best Play Pro Yakyuu Special (Japan)|Sports|B8747ABF
Best Play Pro Yakyuu Special (Japan) (Rev A)|Sports|C3DE7C69
Best of the Best - Championship Karate (Europe)|Sports|BD339E75
Best of the Best - Championship Karate (USA)|Sports|A6A725B8
Bikkuri Nekketsu Shin Kiroku! - Harukanaru Kin Medal (Japan)|Sports|4E99CEA4
Black Bass II, The (Japan)|Sports|99A62E47
Black Bass, The (Japan)|Sports|B04BA659
Black Bass, The (USA)|Sports|1D0F4D6B
Blades of Steel (Europe)|Sports|C0EDEDD0
Blades of Steel (USA)|Sports|8AB52A24
Blue Marlin, The (Japan)|Sports|F927FA43
Blue Marlin, The (USA)|Sports|F37BEFD5
Bo Jackson Baseball (USA)|Sports|5FD2AAB1
Bowling (Unknown) (Proto)|Sports|B0874760
Break Time - The National Pool Tour (USA)|Sports|5F0BCE2A
California Games (Europe)|Sports|B400172A
California Games (USA)|Sports|2F66E302
Capcom Barcelona '92 (Japan)|Sports|CB5ACB49
Capcom's Gold Medal Challenge '92 (Europe)|Sports|1590CF62
Capcom's Gold Medal Challenge '92 (USA)|Sports|BE250388
Captain Tsubasa (Japan)|Sports|F3F1269D
Captain Tsubasa Vol. II - Super Striker (Japan)|Sports|31B44C65
Casino Derby (Japan)|Sports|E44001D8
Caveman Games (USA)|Sports|D1EA84C3
Championship Bowling (Japan)|Sports|9992F445
Championship Bowling (USA)|Sports|EAC38105
Championship Pool (USA)|Sports|CDC641FC
Chiyonofuji no Ooichou (Japan)|Sports|F32748A1
Choujin - Ultra Baseball (Japan)|Sports|078CED30
Chris Evert & Ivan Lendl in Top Players' Tennis (USA)|Sports|F99E37EB
Crash 'n' the Boys - Street Challenge (USA)|Sports|C7F0C457
Cyber Stadium Series - Base Wars (USA)|Sports|F00584B6
Cyberball (USA)|Sports|88338ED5
Cycle Race - Road Man (Japan)|Sports|E429F0D3
Datach - J League Super Top Players (Japan)|Sports|BE06853F
Derby Stallion - Zenkoku Ban (Japan)|Sports|8C4D59D6
Donald Duck (Japan)|Sports|E66BDDCF
Double Dribble (Europe)|Sports|7F4CB1B4
Double Dribble (USA)|Sports|437E7B69
Double Dribble (USA) (Rev A)|Sports|D0E96F6B
Dusty Diamond's All-Star Softball (USA)|Sports|38B590E4
Dynamite Bowl (Japan)|Sports|B786AB95
Dynamite Bowl (Japan) (Rev A)|Sports|9E66A66B
Emoyan no 10 Bai Pro Yakyuu (Japan)|Sports|9D45D8EC
Eric Cantona Football Challenge - Goal! 2 (Europe)|Sports|D20BB617
Exciting Boxing (Japan)|Sports|AC4BF9DC
Famicom Yakyuu Ban (Japan)|Sports|D0A9F4E1
Family Boxing (Japan)|Sports|5B4C6146
Family Jockey (Japan)|Sports|3719A26D
Family Tennis (Japan)|Sports|A49253C6
Family Trainer 1 - Athletic World (Japan)|Sports|0354868A
Family Trainer 1 - Athletic World (Japan) (Rev 1)|Sports|60AD090A
Family Trainer 2 - Running Stadium (Japan)|Sports|EA90F3E2
Family Trainer 4 - Jogging Race (Japan)|Sports|2F128512
Family Trainer 7 - Daiundoukai (Japan)|Sports|6CCA1C1F
Family Trainer 9 - Fuuun Takeshi-jou 2 (Japan)|Sports|5CD5FDA4
Famista '89 - Kaimaku Ban!! (Japan)|Sports|4F2F1846
Famista '90 (Japan)|Sports|0C1792DA
Famista '91 (Japan)|Sports|808606F0
Famista '92 (Japan)|Sports|6EC51DE5
Famista '93 (Japan)|Sports|ADFFD64F
Famista '94 (Japan)|Sports|429103C9
Fighting Golf (Japan)|Sports|8308FED7
Four Players' Tennis (Europe)|Sports|48B8EE58
Futebol (Brazil) (Unl)|Sports|22F8E680
Ganbare Pennant Race! (Japan)|Sports|90F6FA33
Gekitou Pro Wrestling!! - Toukon Densetsu (Japan)|Sports|50893B58
Gekitou Stadium!! (Japan)|Sports|481519B1
George Foreman's KO Boxing (Europe)|Sports|8C88536F
George Foreman's KO Boxing (USA)|Sports|AF05F37E
Goal! (Europe)|Sports|C0103592
Goal! (USA)|Sports|84148F73
Goal! Two (USA)|Sports|90C773C1
Goal!! (Japan)|Sports|5B7AC91F
Golf '92, The (Japan)|Sports|139B15BA
Golf (Europe)|Sports|565B1BDB
Golf (Japan)|Sports|5C9063E0
Golf (USA)|Sports|E7D2C49D
Golf Club - Birdy Rush (Japan)|Sports|FCB13110
Golf Grand Slam (Japan)|Sports|3F0C8136
Golf Grand Slam (USA)|Sports|CF5F8AF0
Golfkko Open (Japan)|Sports|BACA10A9
Great Boxing - Rush Up (Japan)|Sports|175EDA0B
Greg Norman's Golf Power (USA)|Sports|1352F1B9
Harlem Globetrotters (USA)|Sports|2E6EE98D
Heavy Shreddin' (USA)|Sports|EB15169E
Hiryuu no Ken Special - Fighting Wars (Japan)|Sports|07977186
Hiryuu no Ken Special - Fighting Wars (Japan) (Beta)|Sports|14374128
Hit the Ice - VHL - The Video Hockey League (USA) (Proto)|Sports|1CB9A019
Honoo no Toukyuuji - Dodge Danpei (Japan)|Sports|4C049CFE
Honoo no Toukyuuji - Dodge Danpei 2 (Japan)|Sports|A4E935DF
Hoops (Europe)|Sports|3DBD6DAF
Hoops (USA)|Sports|F4615036
Hyper Olympic (Japan)|Sports|980BE936
Hyper Olympic (Japan) (Genteiban!)|Sports|21F85681
Hyper Sports (Japan)|Sports|915A53A7
Hyper Sports (Japan) (Rev 1)|Sports|6AE762AE
I Love Softball (Japan)|Sports|AA4318AE
Ice Hockey (Europe)|Sports|92924548
Ice Hockey (USA)|Sports|AE64CA77
Ike Ike! Nekketsu Hockey-bu - Subette Koronde Dairantou (Japan)|Sports|4F032933
International Cricket (Australia)|Sports|A66D5150
International Cricket (Australia) (Beta)|Sports|99C88648
Isaki Shuugorou no Keiba Hisshou Gaku (Japan)|Sports|18D44BBA
J.League Fighting Soccer - The King of Ace Strikers (Japan)|Sports|803B9979
J.League Winning Goal (Japan)|Sports|3D4B64F1
Jack Nicklaus' Greatest 18 Holes of Major Championship Golf (Europe)|Sports|836FE2C2
Jack Nicklaus' Greatest 18 Holes of Major Championship Golf (USA)|Sports|C313EF54
Jimmy Connors Tennis (Europe)|Sports|B80192B7
Jimmy Connors Tennis (USA)|Sports|00E95D86
John Elway's Quarterback (USA)|Sports|CF322BB3
Jordan vs Bird - One On One (USA)|Sports|303D4371
Jumbo Ozaki no Hole in One Professional (Japan)|Sports|8DCD9486
Keiba Simulation - Honmei (Japan)|Sports|93A7D26C
Kick Off (Europe)|Sports|D161888B
Kings of the Beach - Professional Beach Volleyball (USA)|Sports|F54B34BD
Kinnikuman - Muscle Tag Match (Japan)|Sports|A08B4701
Kinnikuman - Muscle Tag Match (Japan) (Rev 1)|Sports|A07C1F81
KlashBall (USA)|Sports|F4DFDB14
Konami Hyper Soccer (Europe)|Sports|D7B35F7D
Konamic Sports in Seoul (Japan)|Sports|C7642467
Koushien (Japan)|Sports|83CB743F
Kunio-kun no Nekketsu Soccer League (Japan)|Sports|4B5177E9
Kurogane Hiroshi no Yosou Daisuki! - Kachiuma Densetsu (Japan)|Sports|8F011713
Kyuukyoku Harikiri Koushien (Japan)|Sports|8CA72D80
Kyuukyoku Harikiri Stadium (Japan)|Sports|CEA35D5A
Kyuukyoku Harikiri Stadium - '88 Senshu Shin Data Version (Japan)|Sports|D0E53454
Kyuukyoku Harikiri Stadium - Heisei Gannen Ban (Japan)|Sports|0BBF80CB
Kyuukyoku Harikiri Stadium III (Japan)|Sports|2BB3DABE
Lee Trevino's Fighting Golf (Europe)|Sports|9630A7E5
Lee Trevino's Fighting Golf (USA)|Sports|88E1A5F4
Legends of the Diamond - The Baseball Championship Game (USA)|Sports|05CE560C
Little League Baseball - Championship Series (USA)|Sports|859C65E1
Lunar Ball (Japan)|Sports|2F55BE88
Lunar Pool (Europe)|Sports|C3A0A3E0
Lunar Pool (USA)|Sports|988B446D
M.U.S.C.L.E. - Tag Team Match (USA)|Sports|8FF31896
Magic Darts (Japan)|Sports|E02133AC
Magic Darts (USA)|Sports|5EB8E707
Magic Johnson's Fast Break (USA)|Sports|C6C2EDB5
Major League (Japan)|Sports|243A8735
Major League Baseball (USA)|Sports|A03A422B
Major League Baseball (USA) (Rev A)|Sports|96E6C1CE
Mario Open Golf (Japan)|Sports|BAEBA201
Mario Open Golf (Japan) (Rev A)|Sports|DB564628
Meimon! Daisan Yakyuubu (Japan)|Sports|7B5206AF
Mezase Top Pro - Green ni Kakeru Yume (Japan)|Sports|3691C120
Mike Tyson's Intergalactic Power Punch (USA) (Beta) [b]|Sports|E6857563
Mike Tyson's Punch-Out!! (Europe)|Sports|3A4D4D10
Mike Tyson's Punch-Out!! (Europe) (Rev A)|Sports|25551F3F
Mike Tyson's Punch-Out!! (Japan, USA)|Sports|92A2185C
Mike Tyson's Punch-Out!! (Japan, USA) (Rev A)|Sports|2C818014
Mini Putt (Japan)|Sports|6439F53A
Mizushima Shinji no Daikoushien (Japan)|Sports|09C1FC7D
Moe Pro! '90 - Kandou Hen (Japan)|Sports|9DC96EC7
Moe Pro! - Saikyou Hen (Japan)|Sports|3F8D6889
Moero!! Junior Basket - Two on Two (Japan)|Sports|175C4A3C
Moero!! Juudou Warriors (Japan)|Sports|9EE83916
Moero!! Pro Soccer (Japan)|Sports|7F45CFF5
Moero!! Pro Tennis (Japan)|Sports|6C61B622
Moero!! Pro Yakyuu '88 - Ketteiban (Japan)|Sports|B297B5E7
Moero!! Pro Yakyuu (Japan)|Sports|30BF2DBA
Moero!! Pro Yakyuu (Japan) (Beta)|Sports|C739E88E
Moero!! Pro Yakyuu (Japan) (Rev 1)|Sports|90F3F161
Moero!! Pro Yakyuu (Japan) (Rev 2)|Sports|5D2444D7
Moero!! Pro Yakyuu (Japan) (Rev 3)|Sports|F1E6B576
NES Open Tournament Golf (Europe)|Sports|2D020965
NES Open Tournament Golf (USA)|Sports|F6B9799C
NES Play Action Football (USA)|Sports|B9B4D9E0
Namco Classic (Japan)|Sports|4C5836BD
Namco Classic II (Japan)|Sports|684B292F
Nantettatte!! Baseball (Japan)|Sports|A2623BC1
Nantettatte!! Baseball (Japan) (Sample)|Sports|D754F500
Nantettatte!! Baseball Ko-Game Set '91 Kaimakuban (Japan)|Sports|6C039D11
Nantettatte!! Baseball Ko-Game Set OB All Star Hen (Japan)|Sports|A5275B36
Nekketsu Koukou Dodgeball-bu (Japan)|Sports|62C67984
Nekketsu Koukou Dodgeball-bu - Soccer Hen (Japan)|Sports|64FD3BA6
Nekketsu! Street Basket - Ganbare Dunk Heroes (Japan)|Sports|88062D9A
Nihonichi no Mei Kantoku (Japan)|Sports|DA690D17
Nintendo World Class Service - Control Deck Test Cartridge (USA)|Sports|3747CD0B
Nintendo World Class Service - Port Test Cartridge (USA)|Sports|32E02CB8
Nintendo World Class Service - Power Pad Test Cartridge (USA)|Sports|77D59400
Nintendo World Cup (Europe)|Sports|8DA6667D
Nintendo World Cup (Europe) (Rev A)|Sports|7C16F819
Nintendo World Cup (Europe) (Rev B)|Sports|7F08D0D9
Nintendo World Cup (USA)|Sports|A22657FA
Pennant League!! - Home Run Nighter (Japan)|Sports|3057B904
Pennant League, The - Home Run Nighter '90 (Japan)|Sports|0AE3CC5E
Perfect Bowling (Japan)|Sports|9ECB9DCD
Power Punch II (USA)|Sports|90226E40
Power Soccer (Japan)|Sports|7080D1F8
Pro Sport Hockey (USA)|Sports|41F9E0AA
Pro Wrestling (Europe)|Sports|38DE7053
Pro Wrestling (USA)|Sports|E6F08E93
Pro Wrestling (USA) (Rev A)|Sports|64B710D2
Pro Yakyuu - Family Stadium '87 (Japan)|Sports|1300A8B7
Pro Yakyuu - Family Stadium '88 (Japan)|Sports|AE321339
Pro Yakyuu - Family Stadium (Japan)|Sports|DCDF06DE
Punch-Out!! (Europe)|Sports|D229FD5C
Punch-Out!! (Japan) (Gold Edition)|Sports|84382231
Punch-Out!! (USA)|Sports|B95E9E7F
Quarter Back Scramble (Japan)|Sports|3FEA656A
Quattro Sports (USA) (Unl)|Sports|CCCAF368
R.B.I. Baseball (USA)|Sports|3C5C81D4
R.B.I. Baseball (USA) (Unl)|Sports|2E326A1D
R.B.I. Baseball 2 (USA) (Unl)|Sports|96DFC776
R.B.I. Baseball 3 (USA) (Unl)|Sports|FD63E7AC
Racket Attack (Europe)|Sports|D72560E1
Racket Attack (USA)|Sports|ECCD4089
Rackets & Rivals (Europe)|Sports|8FA6E92C
Rad Racket - Deluxe Tennis II (USA) (Unl)|Sports|BDE7A7B5
Ring King (USA)|Sports|5BB62688
Robert Byrne's Pool Challenge (USA) (Proto) (Unl)|Sports|6BD7047A
Roger Clemens' MVP Baseball (USA)|Sports|018A8699
Rollerblade Racer (USA)|Sports|2370C0A9
Roundball - 2-on-2 Challenge (Europe)|Sports|AD0394F0
Roundball - 2-on-2 Challenge (USA)|Sports|6E4DCFD2
SD Battle Oozumou - Heisei Hero Basho (Japan)|Sports|E78A394C
Sanrio Cup - Pon Pon Volley (Japan)|Sports|F7B852E4
Shin Moero!! Pro Yakyuu (Japan)|Sports|4AE58F5D
Shufflepuck Cafe (Japan)|Sports|917D9262
Side Pocket (Europe)|Sports|83000991
Side Pocket (Japan)|Sports|F7762A20
Side Pocket (USA)|Sports|DC4DA5D4
Skate or Die (Europe)|Sports|66EBDB64
Skate or Die (USA)|Sports|423ADA8E
Skate or Die 2 - The Search for Double Trouble (USA)|Sports|06961BE4
Ski or Die (Europe)|Sports|0DA0E723
Ski or Die (USA)|Sports|E9A6C211
Slalom (Europe)|Sports|C30848D3
Slalom (USA)|Sports|86670C93
Snoopy's Silly Sports Spectacular! (USA)|Sports|A8923256
Snowboard Challenge (Europe)|Sports|D5C588DF
Soccer (Europe) (Rev A)|Sports|972D2784
Soccer (World)|Sports|657F7875
Soccer League - Winner's Cup (Japan)|Sports|8D3C33B3
Softball Tengoku (Japan)|Sports|822F17EB
Special Tag Team Pro Wrestling (Japan)|Sports|08439D55
Stadium Events (Europe)|Sports|0DA28A50
Stadium Events (USA)|Sports|FCE71311
Stick Hunter - Exciting Ice Hockey (Japan)|Sports|5440811C
Super Dodge Ball (USA)|Sports|689971F9
Super Dyna'mix Badminton (Japan)|Sports|08E11357
Super Real Baseball '88 (Japan)|Sports|D175B0CB
Super Rugby (Japan)|Sports|9F5138CB
Super Spike V'Ball (Europe)|Sports|C05A63B2
Super Spike V'Ball (USA)|Sports|E840FD21
Super Sports Challenge (Europe) (Plug-Thru Cart) (Unl)|Sports|B462718E
Super Sports Challenge (Europe) (Unl)|Sports|A045FE1D
Super Team Games (USA)|Sports|D74B2719
Superstar Pro Wrestling (Japan)|Sports|705BD7C3
Tag Team Pro-Wrestling (Japan)|Sports|32FA246F
Tag Team Wrestling (USA)|Sports|BF250AF2
Taito Basketball (Japan)|Sports|4F16C504
Tecmo Baseball (USA)|Sports|AD12A34F
Tecmo Bowl (Japan)|Sports|588E7492
Tecmo Bowl (USA)|Sports|CE00022D
Tecmo Bowl (USA) (Beta)|Sports|E5EA0EBE
Tecmo Bowl (USA) (Rev A)|Sports|85A6C0D5
Tecmo Cup - Football Game (Europe)|Sports|60925D08
Tecmo Cup - Football Game (Spain)|Sports|7F801368
Tecmo Cup - Soccer Game (USA)|Sports|696D7839
Tecmo NBA Basketball (USA)|Sports|2651F227
Tecmo NBA Basketball (USA) (Rev A)|Sports|DA8E4AF4
Tecmo Super Bowl (Japan)|Sports|022589B9
Tecmo Super Bowl (USA)|Sports|179A0D57
Tecmo Super Bowl (USA) (Beta)|Sports|DB2D4F9D
Tecmo World Cup Soccer (Europe)|Sports|86E02D65
Tecmo World Cup Soccer (Japan)|Sports|8A5BC0D3
Tecmo World Wrestling (Europe)|Sports|CF849F72
Tecmo World Wrestling (USA)|Sports|7FF76219
Tennis (Europe)|Sports|304FA926
Tennis (Japan, USA)|Sports|D4D9E21A
Tennis (USA) (GameCube Edition)|Sports|D6BBD8BA
Terao no Dosukoi Oozumou (Japan)|Sports|6479E76A
Top Striker (Japan)|Sports|2447E03B
Touch Down Fever (Japan)|Sports|67A3C362
Touch Down Fever (USA)|Sports|EA4EB69E
Toukon Club (Japan)|Sports|EA3E78DD
Town & Country Surf Designs - Wood & Water Rage (USA)|Sports|D3BFF72E
Track & Field (USA)|Sports|9C9F3571
Track & Field II (Europe)|Sports|C53CF1D0
Track & Field II (USA)|Sports|09C083B7
Track & Field II (USA) (Rev A)|Sports|7FA191E7
Track & Field in Barcelona (Europe)|Sports|5D99053D
Triathron, The (Japan)|Sports|CC3544B0
Tsuppari Oozumou (Japan)|Sports|90ECDADE
Tsuri Kichi Sanpei - Blue Marlin Hen (Japan)|Sports|5A18F611
U.S. Championship V'Ball (Japan)|Sports|213CB3FB
U.S. Championship V'Ball (Japan) (Beta)|Sports|D7077D96
USA Ice Hockey in FC (Japan)|Sports|91D52E9A
Ultimate Basketball (USA)|Sports|9F6CE171
Ultimate League Soccer (Italy) (Unl)|Sports|FFFDC310
Ultimate League Soccer (USA) (Unl)|Sports|831F9C1A
Venice Beach Volleyball (Asia) (Unl)|Sports|2DEB12B8
Venice Beach Volleyball (USA) (Beta) (Unl)|Sports|C226157D
Venice Beach Volleyball (USA) (Unl)|Sports|882E1901
Volley Ball (Spain) (Gluk Video) (Unl)|Sports|A23CB659
Volleyball (USA, Europe)|Sports|27777635
WCW World Championship Wrestling (USA)|Sports|5EA7D410
WWF King of the Ring (Europe)|Sports|071D4C2D
WWF King of the Ring (USA)|Sports|7B4ED0BB
WWF Wrestlemania (Europe)|Sports|6C4A9735
WWF Wrestlemania (USA)|Sports|37138039
WWF Wrestlemania Challenge (Europe)|Sports|138862C5
WWF Wrestlemania Challenge (Japan)|Sports|F3808245
WWF Wrestlemania Challenge (USA)|Sports|A0230D75
WWF Wrestlemania Steel Cage Challenge (Europe)|Sports|21F2A1A6
WWF Wrestlemania Steel Cage Challenge (USA)|Sports|D4611B79
War on Wheels (USA) (Proto)|Sports|1675A6C1
Wayne Gretzky Hockey (USA)|Sports|15F0D3F1
Winter Games (USA)|Sports|52880295
Winter Games (USA) (Rev A)|Sports|969EF9E4
World Boxing (Japan)|Sports|4DCD15EE
World Champ - Super Boxing Great Fight (Europe)|Sports|9B05B278
World Champ - Super Boxing Great Fight (USA)|Sports|8593E5AD
World Class Track Meet (USA)|Sports|5734EB9E
World Class Track Meet (USA) (Rev A)|Sports|AF4010EA
World Games (USA)|Sports|F613A8F9
World Super Tennis (Japan)|Sports|41CC30A7
Zenbei Pro Basket (Japan)|Sports|0F5F1F86
