Black Belt Challenge (Europe)|Fighting|72A55741
Custom Robo GX (Japan)|Fighting|F533DC13
Digimon - Battle Spirit 2 (Europe) (En,Fr,De,Es,It)|Fighting|00C906A3
Digimon - Battle Spirit 2 (USA) (En,Fr,De,Es,It)|Fighting|C4C246EF
Dragon Ball Z - Bukuu Tougeki (Japan)|Fighting|6C0F0B86
Dragon Ball Z - Moogongtoogeuk (Korea)|Fighting|E4893DD7
Dragon Ball Z - Supersonic Warriors (Europe) (En,Fr,De,Es,It)|Fighting|B4D9572C
Dragon Ball Z - Supersonic Warriors (USA)|Fighting|9A857A70
Dragon Ball Z - Taiketsu (Europe) (En,Fr,De,Es,It)|Fighting|D0E79665
Dragon Ball Z - Taiketsu (USA)|Fighting|64EC07E7
Dual Blades (Japan)|Fighting|522F1F51
Dual Blades (USA)|Fighting|AFF3A0C6
Fire Eaters - Zero Bandits (Europe) (Demo)|Fighting|8698F50A
Futari wa PreCure Max Heart - Maji Maji! Fight de IN Janai (Japan)|Fighting|541C18F9
Groove Adventure Rave - Hikari to Yami no Daikessen (Japan)|Fighting|E7421B14
Groove Adventure Rave - Hikari to Yami no Daikessen 2 (Japan)|Fighting|006F9150
Guilty Gear X - Advance Edition (Europe)|Fighting|BA95861D
Guilty Gear X - Advance Edition (Japan)|Fighting|160903EE
Guilty Gear X - Advance Edition (Japan) (Beta)|Fighting|4506ADA8
Guilty Gear X - Advance Edition (USA)|Fighting|70DB3F96
Hajime no Ippo - The Fighting! (Japan)|Fighting|782DC7EB
International Karate Advanced (Europe)|Fighting|D33A14AF
Kidou Senshi Gundam Seed Destiny (Japan)|Fighting|AA250CCA
King of Fighters EX, The - NeoBlood (Europe)|Fighting|17E66B52
King of Fighters EX, The - NeoBlood (Japan)|Fighting|0814C78D
King of Fighters EX, The - NeoBlood (Japan) (Beta)|Fighting|811FFCFA
King of Fighters EX, The - NeoBlood (USA)|Fighting|2B92EB8E
King of Fighters EX, The - NeoBlood (USA) (Rev 1)|Fighting|0F960E70
King of Fighters EX2, The - Howling Blood (Europe)|Fighting|9E8BAA87
King of Fighters EX2, The - Howling Blood (Japan) (Rev 1)|Fighting|DC5BEACD
King of Fighters EX2, The - Howling Blood (USA)|Fighting|15F8F9D5
Konjiki no Gashbell!! - Unare! Yuujou no Zakeru (Japan)|Fighting|64FAB050
Konjiki no Gashbell!! - Unare! Yuujou no Zakeru 2 (Japan)|Fighting|B7827F20
Medabots AX - Metabee Ver. (Europe) (En,Fr,De,Es,It)|Fighting|5F1E5A48
Medabots AX - Metabee Ver. (USA)|Fighting|03294511
Medabots AX - Rokusho Ver. (Europe) (En,Fr,De,Es,It)|Fighting|F5801BD8
Medabots AX - Rokusho Ver. (USA)|Fighting|92FDB8D6
Medarot G - Kabuto (Japan)|Fighting|B107C73D
Medarot G - Kuwagata (Japan)|Fighting|14E3EBCC
Mobile Suit Gundam Seed - Battle Assault (USA)|Fighting|180D1491
Mortal Kombat - Deadly Alliance (Europe) (En,Fr,De,Es,It)|Fighting|FB291CCA
Mortal Kombat - Deadly Alliance (USA) (En,Fr,De,Es,It)|Fighting|A29BA64F
Mortal Kombat - Tournament Edition (USA) (En,Fr,De,Es,It)|Fighting|968BE7BC
Mortal Kombat Advance (Europe)|Fighting|78B4B5C7
Mortal Kombat Advance (USA)|Fighting|BCDABB47
Rave Master - Special Attack Force! (USA)|Fighting|C39B9418
Recca no Honoo - The Game (Japan)|Fighting|B29BEE34
Rock'em Sock'em Robots (Europe) (En,Fr,De,Es,It)|Fighting|6AD6E952
Rock'em Sock'em Robots (USA)|Fighting|C8896C62
Shrek - Hassle at the Castle (Europe) (En,Fr,De,Es,It,Nl)|Fighting|CD8E4F85
Shrek - Hassle at the Castle (USA) (En,Fr,De,Es,It,Nl)|Fighting|09E7472C
Sonic Battle (Europe) (En,Ja,Fr,De,Es,It)|Fighting|D0F65125
Sonic Battle (Japan) (En,Ja)|Fighting|7305AC30
Sonic Battle (USA) (En,Ja,Fr,De,Es,It)|Fighting|9EC9D86F
Street Fighter Alpha 3 (Europe)|Fighting|93C5CF69
Street Fighter Alpha 3 (USA)|Fighting|80B707C2
Street Fighter Zero 3 Upper (Japan)|Fighting|8D5D0EAB
Super Street Fighter II Turbo - Revival (Europe)|Fighting|461B4590
Super Street Fighter II Turbo - Revival (USA)|Fighting|063045AA
Super Street Fighter II X - Revival (Japan)|Fighting|7A2C0D61
Taiketsu! Ultra Hero (Japan)|Fighting|4E6BDF8B
Tekken Advance (Europe)|Fighting|4628C1B8
Tekken Advance (Japan)|Fighting|C2EEAE53
Tekken Advance (USA)|Fighting|C59EA73B
Zatchbell! - Electric Arena (USA)|Fighting|B4F1E785
