Akuu Senki Raijin (Japan) (Disk Writer) [b]|Shooter|115208BE
Big Challenge! Dogfight Spirit (Japan) [b]|Shooter|4C4440BB
Big Challenge! Gun Fighter (Japan)|Shooter|D9836FB3
Falsion (Japan)|Shooter|891416AE
Final Commando - Akai Yousai (Japan)|Shooter|08028E43
Galaga (Japan) (Disk Writer) [b]|Shooter|DDEE6BA2
Galaxian (Japan) (Disk Writer) [b]|Shooter|C7C8866B
Gall Force - Eternal Story (Japan)|Shooter|E170AB89
Gun.Smoke (Japan) [b]|Shooter|FB640EC2
Gyruss (Japan) [b]|Shooter|623954AD
Halley Wars (Japan) [b]|Shooter|B866378E
Moero TwinBee - Cinnamon Hakase wo Sukue! (Japan) (Rev 1)|Shooter|BDF795D5
Moero TwinBee - Cinnamon Hakase wo Sukue! (Japan) [b]|Shooter|13205221
Reflect World (Japan) [b]|Shooter|52F623D1
Section-Z (Japan) [b]|Shooter|89BB5790
Sexy Invaders (Japan) (Unl)|Shooter|413E49DA
Transformers - The Headmasters (Japan) [b]|Shooter|3B46DBBF
TwinBee (Japan) (Disk Writer)|Shooter|909BDCA2
Xevious (Japan) (Disk Writer) [b]|Shooter|3DA99B11
Zanac (Japan) [b]|Shooter|C3ACE814
