Breeder (Japan) [b]|Strategy|6E103744
Fairytale (Japan) [b]|Strategy|C3559103
Neunzehn (Japan) [b]|Strategy|567FB962
Pulsar no Hikari - Space Wars Simulation (Japan)|Strategy|08344D4B
SD Gundam World - Gachapon Senshi - Scramble Wars (Japan) (Disk Writer) [b]|Strategy|9D287C3F
SD Gundam World - Gachapon Senshi - Scramble Wars (Japan) (Rev 1) [b]|Strategy|BB15C4F6
SD Gundam World - Gachapon Senshi - Scramble Wars (Japan) [b]|Strategy|C1DCB7E4
SD Gundam World - Gachapon Senshi - Scramble Wars - Map Collection (Japan) (Disk Writer)|Strategy|4F3EA872
