Apple Town Monogatari - Little Computer People (Japan)|Miscellaneous|0F160238
Backgammon (Japan) [b]|Miscellaneous|97FF65A0
Bishoujo Mahjong Club (Japan) (Unl)|Miscellaneous|ADC1E1B6
Chitei Tairiku Ordola (Japan)|Miscellaneous|AACD4F64
Date de Blackjack (Japan) (Unl)|Miscellaneous|8D56F6CA
Doremikko (Japan) [b]|Miscellaneous|D6963515
Family Composer (Japan) [b]|Miscellaneous|206B0C9F
Fruits Mahjong 1 - Disk 1 - Mahjong Game Hontai (Japan) (Unl)|Miscellaneous|722ECA6D
Fruits Mahjong 1 - Disk 2 - Dai H Taikai (Japan) (Unl)|Miscellaneous|F4300462
Fruits Mahjong 2 - Disk 1 - Tokimeki Gals (Japan) (Unl)|Miscellaneous|D065DFCF
Fruits Mahjong 2 - Disk 2 - Yonin to Dai H Taikai (Japan) (Unl)|Miscellaneous|EFF1B027
Fruits Mahjong 3 - Disk 1 - Yonin no Tenshi Tachi (Japan) (Unl)|Miscellaneous|1F0E3CBC
Fruits Mahjong 3 - Disk 2 - Tottemo H na Gogo (Japan) (Unl)|Miscellaneous|7D853EEC
Fruits Mahjong 4 - Disk 1 - Bishoujo Connection (Japan) (Unl)|Miscellaneous|F5DE88B1
Fruits Mahjong 4 - Disk 2 - Daitan H na Hirusagari (Japan) (Unl)|Miscellaneous|4A42467D
Gokuraku Yuugi - Game Tengoku (Japan) [b]|Miscellaneous|2A7EC6AC
Hayama Reiko no Date de Blackjack (Japan) (Unl)|Miscellaneous|E918A01A
Igo - Kyuu Roban Taikyoku (Japan)|Miscellaneous|40A438F8
Ishidou (Japan) (Disk Writer) [b]|Miscellaneous|982C4B57
Mahjong (Japan)|Miscellaneous|9A8A4DBF
Mahjong Goraku - Bishoujo Meijinsen (Japan) (Unl)|Miscellaneous|19AE50DD
Mahjong Kazoku (Japan) [b]|Miscellaneous|3D43B203
Michael English Daibouken (Japan)|Miscellaneous|E5AB0E6C
Michael English Daibouken (Japan) (Sample)|Miscellaneous|E407F85A
Nazoler Land - Dai 2 Gou (Japan)|Miscellaneous|19DEACE2
Nazoler Land - Dai 3 Gou (Japan)|Miscellaneous|E8391502
Nazoler Land - Soukan Gou (Japan)|Miscellaneous|78AE95AB
Nazoler Land Special!! - Quiz Ou wo Sagase (Japan) [b]|Miscellaneous|F449FC6C
Othello (Japan)|Miscellaneous|AC0E1E61
Pachicom (Japan) (Disk Writer) [b]|Miscellaneous|92D3BB0C
Pachinko Grand Prix (Japan) [b]|Miscellaneous|299D751D
Professional Mahjong Gokuu (Japan)|Miscellaneous|38A67D37
Santa Claus no Takarabako (Japan)|Miscellaneous|645B2EC7
Super Boy Allan (Japan)|Miscellaneous|4D5AEBE4
Tanigawa Kouji no Shougi Shinan II - Meijin e no Michi (Japan)|Miscellaneous|6CAD684C
Tarot Uranai (Japan) [b]|Miscellaneous|E67A149A
Wakusei Aton Gaiden (Japan) (National Tax Agency Demo)|Miscellaneous|2437FA88
