2 Games in 1 - Dr. Mario + Puzzle League (Europe) (En,Fr,De,Es,It)|Puzzle|FB7A7567
2 Games in 1 - Power Rangers - Ninja Storm + Power Rangers - La Force du Temps (France) (En,Fr,De+Fr)|Puzzle|14AA2642
2 Games in 1 - Power Rangers - Ninja Storm + Power Rangers - Time Force (Europe) (En,Fr,De+En)|Puzzle|1B6956D0
2 Games in 1 - Power Rangers - Ninja Storm + Power Rangers - Time Force (Germany) (En,Fr,De+De)|Puzzle|A5E872D7
2 Games in 1 - Power Rangers - Ninja Storm + Power Rangers - Time Force (USA) (En,Fr,De+En)|Puzzle|994E7629
2 Games in One! - Dr. Mario + Puzzle League (USA, Australia)|Puzzle|4C2B7349
3 Game Pack! - Ker Plunk! + Toss Across + Tip It (USA)|Puzzle|8B523FF7
Animal Snap - Rescue Them 2 by 2 (Europe)|Puzzle|25015475
Animal Snap - Rescue Them 2 by 2 (USA)|Puzzle|7304DCA4
Around the World in 80 Days (Europe) (En,Fr,De,Es,It,Nl)|Puzzle|2DD8CBD7
Around the World in 80 Days (USA)|Puzzle|C2C22AF2
Bomber Man Max 2 - Bomber Man Version (Japan)|Puzzle|656CF22E
Bomber Man Max 2 - Max Version (Japan)|Puzzle|290D8810
Bomber Man Story (Japan)|Puzzle|38231BC2
Bomberman Max 2 - Blue Advance (Europe) (En,Fr,De)|Puzzle|09FC4D53
Bomberman Max 2 - Blue Advance (USA)|Puzzle|94C620F3
Bomberman Max 2 - Red Advance (Europe) (En,Fr,De)|Puzzle|67D2E5B8
Bomberman Max 2 - Red Advance (USA)|Puzzle|4DB517C1
Bomberman Tournament (USA, Europe)|Puzzle|240282E6
Bookworm (USA)|Puzzle|4D540384
Boulder Dash EX (Europe) (En,Fr,De)|Puzzle|D41866A9
Boulder Dash EX (Japan)|Puzzle|E77D5F9B
Boulder Dash EX (USA)|Puzzle|B355365A
Chocobo Land - A Game of Dice (Japan)|Puzzle|D4F8152E
ChuChu Rocket! (Europe) (En,Ja,Fr,De,Es)|Puzzle|8AB607C0
ChuChu Rocket! (Japan) (En,Ja,Fr,De,Es)|Puzzle|2C8C1B5A
ChuChu Rocket! (USA) (En,Ja,Fr,De,Es)|Puzzle|057FB1B6
Cinnamoroll - Koko ni Iru yo (Japan)|Puzzle|8376D53B
Classic NES Series - Bomberman (USA, Europe)|Puzzle|CD67F2BA
Classic NES Series - Dr. Mario (USA, Europe)|Puzzle|CA9F5D2F
Columns Crown (Europe)|Puzzle|330A0975
Columns Crown (Japan)|Puzzle|A592F7DF
Columns Crown (USA)|Puzzle|6242FFB2
Denki Blocks! (Europe) (En,Fr,De,Es,It)|Puzzle|6144EC15
Denki Blocks! (Japan)|Puzzle|0053FD6A
Denki Blocks! (USA) (En,Es)|Puzzle|E064107F
Donchan Puzzle Hanabi de Dohn Advance (Japan)|Puzzle|500922E8
Dr. Mario & Panel de Pon (Japan)|Puzzle|129BF78F
Dr. Sudoku (Europe)|Puzzle|E9848D13
Dr. Sudoku (USA)|Puzzle|FC003E2B
Egg Mania (USA) (En,Fr,Es)|Puzzle|E8B15678
Egg Mania - Tsukande! Mawashite! Dossun Puzzle!! (Japan)|Puzzle|4BEAB3AC
Eggo Mania (Europe) (En,Fr,De,Es,It,Nl)|Puzzle|0B2961CE
Eggo Mania (Europe) (En,Fr,De,Es,It,Nl) (Beta)|Puzzle|F4C9A628
Famicom Mini 09 - Bomber Man (Japan) (En)|Puzzle|3B92EE60
Famicom Mini 15 - Dr. Mario (Japan)|Puzzle|E23A7ED0
Gem Smashers (USA)|Puzzle|2EB60177
Global Star - Sudoku Fever (Europe) (En,Fr,De,Es,It)|Puzzle|383CF600
Global Star - Sudoku Fever (USA)|Puzzle|51A42F19
Guru Logic Champ (Japan)|Puzzle|30D04AD9
Hamepane - Tokyo Mew Mew (Japan)|Puzzle|5875C07A
Hatena Satena (Japan)|Puzzle|6139E34D
I Spy Challenger! (USA)|Puzzle|946D2CBB
It's Mr. Pants (USA, Europe)|Puzzle|757A4EFB
Kidou Gekidan Haro Ichiza Haro no Puyo Puyo (Japan)|Puzzle|A7825224
Koro Koro Puzzle - Happy Panechu! (Japan)|Puzzle|0BFE46E9
Kotoba no Puzzle - Mojipittan Advance (Japan)|Puzzle|FB67EFBC
Kurukuru Kururin (Europe)|Puzzle|C4DAB956
Kurukuru Kururin (Japan)|Puzzle|8A6A900B
Kururin Paradise (Japan)|Puzzle|93D036F5
Lode Runner (Japan)|Puzzle|3E2CF3FF
Lost Vikings, The (Europe) (En,Fr,De,Es)|Puzzle|1C008D32
Lost Vikings, The (USA)|Puzzle|8CB58997
M&M's - Blast! (USA)|Puzzle|AD38C301
M&M's - Break 'em (USA) (Rev 1)|Puzzle|A4EA65C0
Made in Wario (Japan)|Puzzle|87A0EEA0
Mawaru - Made in Wario (Japan)|Puzzle|E69964F1
Mighty Beanz Pocket Puzzles (USA)|Puzzle|54DF36DA
Minna de Puyo Puyo (Japan) (En,Ja)|Puzzle|857FB1EF
Minna no Soft Series - Numpla Advance (Japan)|Puzzle|044C6F68
Minna no Soft Series - Tetris Advance (Japan)|Puzzle|67C92883
Minna no Soft Series - Tetris Advance (Japan) (Rev 1)|Puzzle|524D0749
Minna no Soft Series - Zooo (Japan)|Puzzle|72EB35E3
Mr. Driller 2 (Europe)|Puzzle|C0E9EEBE
Mr. Driller 2 (Japan)|Puzzle|5264C730
Mr. Driller 2 (USA)|Puzzle|02F51696
Mr. Driller A - Fushigi na Pacteria (Japan)|Puzzle|529F06A4
Pazuninn - Umininn no Puzzle de Nimu (Japan)|Puzzle|8DAA89C9
Polarium Advance (Europe) (En,Fr,De,Es,It)|Puzzle|8F2DEBB8
Polarium Advance (USA)|Puzzle|02D62CE9
Power Rangers - Ninja Storm (Europe) (En,Fr,De)|Puzzle|09D8ED5E
Power Rangers - Ninja Storm (USA)|Puzzle|E8691A0F
Puyo Pop (Europe) (En,Ja)|Puzzle|C85DE50E
Puyo Pop (USA) (En,Ja)|Puzzle|0901BE49
Puyo Pop Fever (Europe) (En,Fr,De,Es,It)|Puzzle|6E5880ED
Puyo Puyo Fever (Japan) (En,Ja,Fr,De,Es,It)|Puzzle|3FFD621A
Rampage - Puzzle Attack (USA, Europe)|Puzzle|8ECA2B0F
Shanghai Advance (Japan)|Puzzle|9AEEA9B7
Shin Megami Tensei Devil Children - Puzzle de Call! (Japan)|Puzzle|EA8A185A
Simple 2960 Tomodachi Series Vol. 2 - The Block Kuzushi (Japan)|Puzzle|E731FD45
Simple 2960 Tomodachi Series Vol. 2 - The Block Kuzushi (Japan) (Rev 1)|Puzzle|180901E3
Simple 2960 Tomodachi Series Vol. 3 - The Itsudemo Puzzle - Massugu Soroete Straws (Japan)|Puzzle|49B92627
Snood (Europe) (En,Fr,De,Es,It)|Puzzle|32BD1486
Snood (USA)|Puzzle|F1F1F148
Snood 2 - On Vacation (Europe) (En,Fr,De,Es,It)|Puzzle|6470252F
Snood 2 - On Vacation (USA)|Puzzle|D8E05727
Space Hexcite - Maetel Legend EX (Japan)|Puzzle|BD4E6008
Super Bubble Pop (Europe) (En,Fr,De,Es,It,Nl,Pt,Sv)|Puzzle|25123D97
Super Bubble Pop (USA)|Puzzle|5EC8EA61
Super Bust-A-Move (Europe) (En,Fr,De,Es,It)|Puzzle|6BFD2915
Super Bust-A-Move (USA) (En,Fr,Es)|Puzzle|2FB4B14D
Super Collapse! II (USA)|Puzzle|F4634DBD
Super Monkey Ball Jr. (Europe) (En,Fr,De,Es,It)|Puzzle|D75DA09D
Super Monkey Ball Jr. (USA)|Puzzle|0A8031F0
Super Puzzle Bobble Advance (Japan) (En)|Puzzle|F2BC49CE
Super Puzzle Fighter II Turbo (Europe)|Puzzle|AAC3E9CA
Super Puzzle Fighter II Turbo (USA)|Puzzle|9CD25C7E
Superman Returns - Fortress of Solitude (USA, Europe) (En,Fr,De,Es,It)|Puzzle|68215047
Tetris Worlds (Europe) (En,Es,It)|Puzzle|4A834FC2
Tetris Worlds (Europe) (En,Fr,De,Nl)|Puzzle|AD97EB3F
Tetris Worlds (Japan)|Puzzle|DD271470
Tetris Worlds (Japan) (Rev 1)|Puzzle|FCF2D471
Tetris Worlds (USA)|Puzzle|7B729804
Tringo (Europe) (En,Fr,De,Es,It)|Puzzle|B5F7BF43
Tringo (USA)|Puzzle|2956A0DA
Tsuukin Hitofude (Japan)|Puzzle|5A7E762B
Turbo Turtle Adventure (USA)|Puzzle|E5E0B0F1
Twin Series 7 - Twin Puzzle - Kisekae Wanko EX + Nyaa to Chuu no Rainbow Magic 2 (Japan)|Puzzle|3C91B0A0
Ultimate Puzzle Games (USA)|Puzzle|A13F76A5
Wagamama Fairy Mirumo de Pon! - Taisen Mahoudama (Japan)|Puzzle|F5DA0DCC
Waliou Zhizao (China)|Puzzle|78A4D2D4
WarioWare - Twisted! (USA)|Puzzle|CB4E844B
WarioWare, Inc. - Mega Microgame$! (USA)|Puzzle|785D8B8C
WarioWare, Inc. - Mega Microgame$! (USA) (Beta)|Puzzle|EC0C0C58
WarioWare, Inc. - Minigame Mania (Europe) (En,Fr,De,Es,It)|Puzzle|500CA178
Whac-A-Mole (USA)|Puzzle|E58EF9A2
Worms Blast (Europe) (En,Fr,De,Es,It)|Puzzle|5223F5AA
ZooCube (Europe) (En,Fr,De,Es,It)|Puzzle|4A23B8D6
ZooCube (Japan)|Puzzle|09A2255F
ZooCube (USA)|Puzzle|AF20BE72
Zooo (Europe) (En,Fr,De,Es,It)|Puzzle|897B2893
bit Generations - Coloris (Japan) (En)|Puzzle|A04BE1ED
bit Generations - Dialhex (Japan) (En)|Puzzle|812EF3A9
bit Generations - Digidrive (Japan) (En)|Puzzle|0867DC29
bit Generations - Orbital (Japan) (En)|Puzzle|D5D43B4B
bit Generations - Soundvoyager (Japan) (En)|Puzzle|B32E0839
