Aero Star (Japan)|Shooter|DFA3B28A
Aerostar (USA, Europe)|Shooter|F6FD275E
Arcade Classic No. 2 - Centipede & Millipede (USA, Europe) (SGB Enhanced)|Shooter|B14C3B31
Arcade Classic No. 3 - Galaga & Galaxian (Europe) (SGB Enhanced)|Shooter|D06B3F8A
Arcade Classic No. 3 - Galaga & Galaxian (USA) (SGB Enhanced)|Shooter|6A6ECFEC
Asteroids (USA, Europe)|Shooter|C1F88833
Battle Unit Zeoth (Japan)|Shooter|A1A1FE77
Battle Unit Zeoth (USA, Europe)|Shooter|E67A92B3
BattleCity (Japan)|Shooter|A37A814A
Burai Fighter Deluxe (USA, Europe)|Shooter|3C86F5DB
Burai Senshi Deluxe (Japan)|Shooter|5A1A20F3
Buster Bros. (USA)|Shooter|B4245CA3
Centipede (USA)|Shooter|E957014F
Centipede (USA)|Shooter|E957014F
Centipede (USA, Europe)|Shooter|245AFCDC
Chikyuu Kaihou Gun ZAS (Japan)|Shooter|7BFD1CFF
Choplifter II (Japan)|Shooter|5109F484
Choplifter II - Rescue & Survive (Europe)|Shooter|5E2E4E19
Choplifter II - Rescue & Survive (USA)|Shooter|9C7D5E79
Choplifter III (Europe)|Shooter|1B3B46EF
Contra (Japan)|Shooter|CDE6DE15
Contra - The Alien Wars (USA) (SGB Enhanced)|Shooter|F1C81EB0
Contra Spirits (Japan) (SGB Enhanced)|Shooter|7FC22DF5
Cosmo Tank (Japan)|Shooter|80B21DF1
Cosmo Tank (USA)|Shooter|2E767D25
Crystal Quest (USA)|Shooter|51300CFD
Dropzone (Europe)|Shooter|351A7277
Faceball 2000 (USA)|Shooter|7D890CD0
Final Reverse (Japan)|Shooter|E94A6942
Fortified Zone (USA, Europe)|Shooter|E3B59B7E
Galaga & Galaxian (Japan) (SGB Enhanced)|Shooter|532036D5
Gamera - Daikaijuu Kuuchuu Kessen (Japan) (SGB Enhanced)|Shooter|62769EC1
Gradius - The Interstellar Assault (USA)|Shooter|90F87D57
Hunt for Red October, The (USA, Europe)|Shooter|5A61EE00
Ikari no Yousai (Japan)|Shooter|1C2BA2A1
Ikari no Yousai 2 (Japan)|Shooter|6D4FD9AA
Jet Pack (USA, Europe) (Beta)|Shooter|1C223204
Jungle Strike (USA, Europe)|Shooter|763ABABB
Mercenary Force (USA, Europe)|Shooter|9BB5BA03
Missile Command (USA, Europe)|Shooter|3A6CD4D8
Nemesis (Europe)|Shooter|19930EA5
Nemesis (Japan)|Shooter|B338DAE7
Nemesis (USA)|Shooter|5110E971
Nemesis II (Japan)|Shooter|AC5B062D
Nemesis II - The Return of the Hero (Europe)|Shooter|C3E62A35
Operation C (USA)|Shooter|2EBBC1AE
Pang (Europe)|Shooter|9AE199DF
Parodius (Europe)|Shooter|85748525
Parodius Da! (Japan)|Shooter|1791E952
Penta Dragon (Japan)|Shooter|1E2EFAEE
Pop'n TwinBee (Europe)|Shooter|D07DB274
Probotector (Europe)|Shooter|C9ACC4F4
Probotector 2 (Europe) (Beta)|Shooter|7D60C005
Probotector 2 (Europe) (SGB Enhanced)|Shooter|B5090E43
R-Type (Japan)|Shooter|E4988910
R-Type (USA, Europe)|Shooter|E0F23FC0
R-Type II (Europe)|Shooter|2FE2A72D
R-Type II (Japan)|Shooter|6002E291
Ray-Thunder (Japan)|Shooter|A00A9468
Red October o Oe! (Japan)|Shooter|C2E7BE35
RoboCop (Japan)|Shooter|06D6980B
RoboCop (USA)|Shooter|6088B426
RoboCop (USA, Europe) (Rev A)|Shooter|62D56C31
Sagaia (Japan)|Shooter|E43DA090
SolarStriker (World)|Shooter|11817103
Space Invaders (Europe) (SGB Enhanced)|Shooter|891B8F04
Space Invaders (Japan)|Shooter|868B57B2
Space Invaders (USA) (SGB Enhanced)|Shooter|7F0F5762
Spider-Man - X-Men (USA, Europe)|Shooter|1009C6C0
Spy vs Spy - Operation Boobytrap (Europe)|Shooter|36645203
Spy vs Spy - Operation Boobytrap (USA)|Shooter|6D40E5A2
Star Hawk (Europe)|Shooter|E032E502
T2 - The Arcade Game (Japan)|Shooter|7EC795FA
T2 - The Arcade Game (USA, Europe)|Shooter|00F09C7F
Taiyou no Yuusha - Fighbird GB (Japan)|Shooter|723EB882
TaleSpin (Europe)|Shooter|D29DDC91
TaleSpin (USA)|Shooter|DE383E73
Tenjin Kaisen (Japan)|Shooter|B71396A6
Titus the Fox to Marrakech and Back (USA, Europe)|Shooter|814FA146
Torpedo Range (Japan)|Shooter|1FB35885
Torpedo Range (USA)|Shooter|ED9882A9
Total Carnage (USA, Europe)|Shooter|3700927F
Trappers Tengoku - Spy vs Spy (Japan)|Shooter|AFEFD085
TwinBee da!! (Japan)|Shooter|017FD6F5
Vattle Giuce (Japan)|Shooter|956B603C
Volley Fire (Japan)|Shooter|0D06EA32
Wizards & Warriors Chapter X - The Fortress of Fear (USA, Europe)|Shooter|104EB503
X (Japan)|Shooter|75E1D268
X (USA) (Proto)|Shooter|CD555712
Xenon 2 - Megablast (Japan)|Shooter|2FEB70D2
Xenon 2 - Megablast (USA, Europe)|Shooter|DE398678
Yomihon Yumegoyomi - Tenjin Kaisen 2 (Japan)|Shooter|211C4611
Zoids Densetsu (Japan)|Shooter|C32DCA06
