3-D Block (Asia) (Hwang Shinwei) (Unl)|Puzzle|86DBA660
3-D Block (Asia) (RCM Group) (Unl)|Puzzle|71CAF097
AV Dragon Mahjang (Japan) (Unl)|Puzzle|3D3FF543
Adventures of Lolo (Europe)|Puzzle|DF4EDC13
Adventures of Lolo (Japan)|Puzzle|297198B9
Adventures of Lolo (USA)|Puzzle|71BF075F
Adventures of Lolo 2 (Europe)|Puzzle|853FEEA4
Adventures of Lolo 2 (Japan)|Puzzle|EAB93CFB
Adventures of Lolo 2 (USA)|Puzzle|1992D163
Adventures of Lolo 3 (Europe)|Puzzle|37397194
Adventures of Lolo 3 (USA)|Puzzle|8DD92725
Arctic (Japan)|Puzzle|1F74EA6C
Auto-Upturn (Asia) (PAL) (Unl)|Puzzle|47918D84
Babel no Tou (Japan)|Puzzle|8AF25130
Banana (Japan)|Puzzle|86ACB36B
Banana (Japan) (Beta) (1986-06-30)|Puzzle|7C42CB7B
Banana (Japan) (Beta) (Earlier)|Puzzle|CF4483AF
Block Out (USA) (Proto)|Puzzle|CF992E34
Blodia Land - Puzzle Quest (Japan)|Puzzle|008E2D30
Bloque Magico, El (Spain) (Gluk Video) (Unl)|Puzzle|BAACF521
Bomber Man II (Japan)|Puzzle|0C401790
Bomberman II (USA)|Puzzle|1EBB5B42
Booky Man (Spain) (Gluk Video) (Unl)|Puzzle|BC06543C
Boulder Dash (Europe)|Puzzle|E5FCC4C1
Boulder Dash (Japan)|Puzzle|89567668
Boulder Dash (USA)|Puzzle|A8F4D99E
Brush Roller (Asia) (Unl)|Puzzle|AC92E9E0
Bubble Bath Babes (USA) (Unl)|Puzzle|68AFEF5F
Championship Lode Runner (Japan)|Puzzle|ADB5D0B3
Chiisana Obake - Acchi Socchi Kocchi (Japan)|Puzzle|5DEC84F8
Crayon Shin-chan - Ora to Poi Poi (Japan)|Puzzle|DB05106E
Creatom (Spain) (Gluk Video) (Unl)|Puzzle|BB0F2D56
Crystal Mines (USA) (Unl)|Puzzle|72E66392
Datach - Crayon Shin-chan - Ora to Poi Poi (Japan)|Puzzle|894EFDBC
Deblock (Japan)|Puzzle|3FC1DC19
Dong Dong Nao 1 (Asia) (Unl)|Puzzle|23E03DC1
Door Door (Japan)|Puzzle|12E6CB79
Dr. Mario (Europe)|Puzzle|9735D267
Dr. Mario (Japan, USA)|Puzzle|198C2F41
Dr. Mario (Japan, USA) (Rev A)|Puzzle|DE581355
Dr. Mario (USA) (Beta)|Puzzle|C49FCAB4
Duck Maze (Australia) (Unl)|Puzzle|FF1CEFAA
Dynablaster (Europe)|Puzzle|34BB757B
Egypt (Japan)|Puzzle|E1C03EB6
Fire 'n Ice (USA)|Puzzle|D534C98E
Flappy (Japan)|Puzzle|CF701DA4
Flipull - An Exciting Cube Game (Japan) (En)|Puzzle|1773F76D
Flipull - An Exciting Cube Game (Japan) (En) (Rev 1)|Puzzle|69FEECB2
Gorby no Pipeline Daisakusen (Japan)|Puzzle|1829616A
Great Waldo Search, The (USA)|Puzzle|2DFF7FDC
Great Wall, The (Asia) (PAL) (Unl)|Puzzle|795BC424
Happy Pairs (Asia) (PAL) (Unl)|Puzzle|2394AE1C
Hatris (Japan)|Puzzle|B4113F3C
Hatris (USA)|Puzzle|841B69B6
Idol Shisen Mahjong (Japan) (Unl)|Puzzle|535C5446
Kickle Cubicle (Europe)|Puzzle|E5901A99
Kickle Cubicle (USA)|Puzzle|CD10DCE2
Klax (Japan)|Puzzle|3CCB5D57
Klax (USA) (Beta) (Unl)|Puzzle|64B8CDE2
Klax (USA) (Unl)|Puzzle|93F3A490
Krazy Kreatures (USA) (Beta) (Unl)|Puzzle|85323FD6
Krazy Kreatures (USA) (Unl)|Puzzle|637FE65C
Krusty's Fun House (Europe)|Puzzle|585BA83D
Krusty's Fun House (USA)|Puzzle|A0DF4B8F
Lemmings (Europe)|Puzzle|9B568CC4
Lemmings (USA)|Puzzle|A69F29FA
Lode Runner (Japan)|Puzzle|0A3FC393
Lode Runner (USA)|Puzzle|AF5676DE
Loopz (USA)|Puzzle|FD8D6C75
Lot Lot (Japan)|Puzzle|75A7E399
Magic Block (Asia) (Mega Soft) (Unl)|Puzzle|ED4D696F
Magic Cube (Asia) (PAL) (Unl)|Puzzle|CAB40A6C
Magic Jewelry (Asia) (Unl)|Puzzle|A189843D
Magic Jewelry 2 (Asia) (Unl)|Puzzle|56B9F640
Mahjong Block (Unknown) (Unl)|Puzzle|0ACFC3CD
Marble Madness (Europe)|Puzzle|51BF28AF
Marble Madness (USA)|Puzzle|09874777
Mario & Yoshi (Europe)|Puzzle|836685C4
Meikyuu-jima (Japan)|Puzzle|6F5D9B2A
Mermaids of Atlantis - The Riddle of the Magic Bubble (USA) (Unl)|Puzzle|F05870D5
Minna no Taabou no Nakayoshi Daisakusen (Japan)|Puzzle|555042B3
Moai-kun (Japan)|Puzzle|EC8A884F
Nuts & Milk (Japan)|Puzzle|739A1027
Okkotoshi Puzzle - Tonjan! (Japan)|Puzzle|25EDAF5C
Palamedes (Japan)|Puzzle|C6B5D7E0
Palamedes (USA)|Puzzle|6BB6A0CE
Palamedes II - Star Twinkle, Hoshi no Mabataki (Japan)|Puzzle|31957AE4
Parallel World (Japan)|Puzzle|F08E8EF0
Peepar Time (Japan)|Puzzle|8F4497EE
Penguin & Seal, The (Asia, Australia) (Unl)|Puzzle|EFB2B7E8
Pescatore (Japan) (Proto)|Puzzle|5D40C08A
Pipe 5 (Asia) (Unl)|Puzzle|58152B42
Pipe Dream (USA)|Puzzle|BCE77871
Pipemania (Australia) (HES) (Unl)|Puzzle|68379FDB
Poke Block (Asia) (Unl)|Puzzle|80F39D59
Porter (Asia) (Unl)|Puzzle|E8A11BD7
Puyo Puyo (Japan)|Puzzle|FCB5CB1E
Puzslot (Japan)|Puzzle|F4DD5BA5
Puzzle (Spain) (Gluk Video) (Unl)|Puzzle|7984AE6D
Puzzle (USA) (Beta) (Unl)|Puzzle|2FA8CBB4
Puzzle (USA) (Unl)|Puzzle|EA19080A
Puzznic (Europe)|Puzzle|FC2DA286
Puzznic (Japan)|Puzzle|8752DCCB
Puzznic (USA)|Puzzle|EB61133B
Pyramid (Japan) (Hacker inc.) (Unl)|Puzzle|25519E6E
Pyramid (USA) (Rev 1) (Unl)|Puzzle|2472C3EB
Pyramid (USA) (Unl)|Puzzle|2969A5C1
Pyramid II (Asia) (PAL) (Unl)|Puzzle|BBF464EB
QIX (USA)|Puzzle|95E4E594
Quarth (Japan)|Puzzle|9A808C3B
Rampart (Europe)|Puzzle|C115A022
Rampart (Japan)|Puzzle|3ECDB1F7
Rampart (USA)|Puzzle|26796758
Sanrio Carnival (Japan)|Puzzle|485AC098
Sanrio Carnival 2 (Japan)|Puzzle|3D95D866
Shanghai II (Japan)|Puzzle|38BFC03C
Shikinjou (Japan)|Puzzle|9B53F848
Shockwave (USA) (Unl)|Puzzle|C73B82FC
Soap Panic (Japan) (Unl)|Puzzle|EEE111C2
Solomon no Kagi (Japan)|Puzzle|D821A1C6
Solomon no Kagi 2 - Coolmin Tou Kyuushutsu Sakusen (Japan)|Puzzle|EEE6314E
Solomon's Key (Europe)|Puzzle|75C3E7D4
Solomon's Key (USA)|Puzzle|40684E95
Solomon's Key 2 (Europe)|Puzzle|F184EB2D
Solomon's Key 2 (USA) (Beta)|Puzzle|D6EFAB8D
Solstice (Japan)|Puzzle|A91460B8
Solstice - The Quest for the Staff of Demnos (Europe)|Puzzle|7CB0D70D
Solstice - The Quest for the Staff of Demnos (USA)|Puzzle|EDCF1B71
Solstice - The Quest for the Staff of Demnos (USA) (Beta)|Puzzle|5DC9BC41
Spot - The Video Game (Japan)|Puzzle|0ABDD5CA
Spot - The Video Game (USA)|Puzzle|CFAE9DFA
Tetris (Bulletproof) (Japan)|Puzzle|0115EAF0
Tetris (Bulletproof) (Japan) (Rev A)|Puzzle|D074653D
Tetris (Bulletproof) (Japan) (Rev B)|Puzzle|5C5A1AB8
Tetris (Europe)|Puzzle|FDFF80D5
Tetris (USA)|Puzzle|1394F57E
Tetris (USA) (Unl)|Puzzle|343C7BB0
Tetris 2 (Europe)|Puzzle|5D2B1962
Tetris 2 (USA)|Puzzle|9C537919
Tetris 2 + Bombliss (Japan)|Puzzle|3FF44F87
Tetris 2 + Bombliss (Japan) (Rev A)|Puzzle|FD45E9C1
Tetris Flash (Japan)|Puzzle|2746B39E
Tiles of Fate (USA) (Unl)|Puzzle|3E1271D5
Trolls on Treasure Island (USA) (Unl)|Puzzle|C47EFC0E
Virus (USA) (Beta) (1989)|Puzzle|A9068D17
Virus (USA) (Beta) (1990-02-02)|Puzzle|5EDEC8CD
Wario no Mori (Japan)|Puzzle|03E2898F
Wario's Woods (Europe)|Puzzle|668D1715
Wario's Woods (USA)|Puzzle|F79A75D7
Where in Time Is Carmen Sandiego (USA)|Puzzle|917770D8
Where's Waldo (USA)|Puzzle|C3463A3D
Wit's (Japan)|Puzzle|B1B16B8A
Yoshi (USA)|Puzzle|E7EAD93B
Yoshi no Cookie (Japan)|Puzzle|F66EC512
Yoshi no Tamago (Japan)|Puzzle|1E4D3831
Yoshi's Cookie (Europe)|Puzzle|E37A39AB
Yoshi's Cookie (USA)|Puzzle|52B58732
