A-mazing Tater (USA)|Puzzle|D229AC62
Adventures of Lolo (Europe) (SGB Enhanced)|Puzzle|176D2EEB
Altered Space - A 3-D Alien Adventure (Europe)|Puzzle|24D5F785
Altered Space - A 3-D Alien Adventure (Japan)|Puzzle|CE36E36E
Altered Space - A 3-D Alien Adventure (USA)|Puzzle|141675D3
Atomic Punk (USA)|Puzzle|C4720897
Blodia (Japan)|Puzzle|51FF6E53
Boggle Plus (USA)|Puzzle|70C8C799
Bomber Boy (Japan)|Puzzle|EF9595AC
Bomber Man GB (Japan) (SGB Enhanced)|Puzzle|94337D56
Bomber Man GB 2 (Japan) (SGB Enhanced)|Puzzle|6157443B
Bomber Man GB 3 (Japan) (SGB Enhanced)|Puzzle|F658B7A7
Bomberman GB (USA, Europe) (SGB Enhanced)|Puzzle|F372D175
Bouken! Puzzle Road (Japan)|Puzzle|9F0F3606
Boulder Dash (Europe)|Puzzle|644AEC3E
Boulder Dash (Japan)|Puzzle|B5B3F85B
Boxxle (USA, Europe) (Rev A)|Puzzle|C09CEE99
Boxxle II (USA, Europe)|Puzzle|C08E9756
Brain Bender (Europe)|Puzzle|B651BF5D
Brain Bender (USA)|Puzzle|FBB1F2A1
Brain Drain (Europe) (SGB Enhanced)|Puzzle|8A7FB0E6
Brain Drain (Japan) (SGB Enhanced)|Puzzle|E558AACD
Brain Drain (USA) (SGB Enhanced)|Puzzle|AFF0B159
BreakThru! (USA)|Puzzle|5B8F0DF2
Burning Paper (Japan)|Puzzle|88F8C991
Bust-A-Move 2 - Arcade Edition (USA, Europe)|Puzzle|B94724E6
Bust-A-Move 3 DX (Europe)|Puzzle|E555C612
Catrap (USA)|Puzzle|ADB96150
Chalvo 55 - Super Puzzle Action (Japan)|Puzzle|74D50B47
Chiki Chiki Tengoku (Japan)|Puzzle|EB33F601
Cool Ball (USA)|Puzzle|E045B886
Daedalian Opus (USA)|Puzzle|B6B51FCE
David Crane's The Rescue of Princess Blobette Starring A Boy and His Blob (Europe)|Puzzle|25F82BB1
David Crane's The Rescue of Princess Blobette Starring A Boy and His Blob (USA)|Puzzle|8210A03F
Dexterity (USA, Europe)|Puzzle|659E2283
Dr. Mario (World)|Puzzle|10C98DD1
Dr. Mario (World) (Beta)|Puzzle|2B2F4F8F
Dr. Mario (World) (Rev A)|Puzzle|F0225DD0
Dynablaster (Europe)|Puzzle|9677D157
Fidgetts, The (Japan)|Puzzle|FFD4A9E3
Fidgetts, The (USA, Europe) (En,Fr,De,Es,It,Nl,Sv)|Puzzle|B3FD3E36
Flappy Special (Japan)|Puzzle|3B6CDDA4
Flipull (Japan)|Puzzle|198F147D
Flipull (USA)|Puzzle|A2F30B4B
Franky, Joe & Dirk... On the Tiles (Europe) (En,Fr,De,Es,It,Nl)|Puzzle|CAF5B372
Funny Field (Japan)|Puzzle|BFD87AA4
Fushigi na Blobby - Princess Blob o Sukue! (Japan)|Puzzle|3D0BAC10
Gem Gem (Japan)|Puzzle|A64A8710
Ginga - Card & Puzzle Collection (Japan) (En,Ja)|Puzzle|87D0637B
Hatris (Japan, USA)|Puzzle|7635F28B
Hiden Inyou Kikouhou - Ca Da (Japan)|Puzzle|9234EEAB
Hong Kong (Japan)|Puzzle|5AD83D68
Humans, The (Europe) (En,Fr,De,Es,It)|Puzzle|999C67D6
Humans, The (USA)|Puzzle|1DF2E81D
Hyper Lode Runner (World) (Rev A)|Puzzle|B3A86164
Ishido - The Way of Stones (Japan)|Puzzle|AB367915
Ishido - The Way of Stones (USA)|Puzzle|85B98A77
Kirby no Kirakira Kids (Japan) (SGB Enhanced)|Puzzle|47F42F42
Kirby's Star Stacker (USA, Europe) (SGB Enhanced)|Puzzle|91300898
Klax (Japan)|Puzzle|B4955889
Klax (USA)|Puzzle|72660774
Koi wa Kakehiki (Japan)|Puzzle|F3E1E652
Koro Dice (Japan)|Puzzle|39608C31
Krusty World (Japan)|Puzzle|01FBC9F6
Krusty's Fun House (USA, Europe)|Puzzle|1CEDB141
Kuusou Kagaku Sekai Gulliver Boy - Kuusou Kagaku Puzzle Purittopon!! (Japan) (SGB Enhanced)|Puzzle|FB291E78
Lazlos' Leap (USA)|Puzzle|31FB404B
Lemmings (Europe)|Puzzle|23467A35
Lemmings (Europe) (Rev A)|Puzzle|560D71EB
Lemmings (Japan)|Puzzle|7D5CC03A
Lemmings (USA)|Puzzle|F2D1C19D
Lemmings 2 - The Tribes (Europe)|Puzzle|9800BD49
Lolo no Daibouken (Japan)|Puzzle|D6185941
Loopz (World)|Puzzle|531A3E16
Lucle (Japan, Europe)|Puzzle|A3D5C8D7
Marble Madness (USA, Europe)|Puzzle|B9725E66
Mario & Yoshi (Europe)|Puzzle|4627D88B
Mario no Picross (Japan) (SGB Enhanced)|Puzzle|17533700
Mario's Picross (USA, Europe) (SGB Enhanced)|Puzzle|F2D652AD
Megalit (Japan)|Puzzle|C764B1F2
Megalit (USA, Europe)|Puzzle|F315B842
Migrain (Japan)|Puzzle|CED936F8
Minesweeper - Soukaitei (Japan)|Puzzle|5532B3D1
Moguranya (Japan) (SGB Enhanced)|Puzzle|82FCA204
Mole Mania (USA, Europe) (SGB Enhanced)|Puzzle|2C36C74C
Money Idol Exchanger (Japan) (SGB Enhanced)|Puzzle|800226A9
Nintama Rantarou GB - Eawase Challenge Puzzle (Japan) (SGB Enhanced)|Puzzle|0E37E462
Nontan to Issho - Kurukuru Puzzle (Japan)|Puzzle|6CD63B0B
Pac-Attack (USA) (SGB Enhanced)|Puzzle|94E0AF9C
Pac-Panic (Europe) (SGB Enhanced)|Puzzle|E4AF8F75
Pac-Panic (Japan) (SGB Enhanced)|Puzzle|AAEBD509
Palamedes (Europe)|Puzzle|526942E1
Palamedes (Japan)|Puzzle|4B993D0D
Panel no Ninja Kesamaru (Japan)|Puzzle|12CAA1CA
Peetan (Japan)|Puzzle|D0040F49
Peke to Poko no Daruman Busters (Japan)|Puzzle|A66F5C02
Penguin Land (Japan)|Puzzle|A9E62E88
Picross 2 (Japan) (SGB Enhanced)|Puzzle|F5AA5902
Pipe Dream (Japan)|Puzzle|D8B4AEA4
Pipe Dream (USA)|Puzzle|F59CEDEA
Pitman (Japan)|Puzzle|A0B68136
Pocket Puyo Puyo Tsuu (Japan) (SGB Enhanced)|Puzzle|43E47A81
Pop Up (Europe)|Puzzle|7F545B40
Pri Pri - Primitive Princess! (Japan)|Puzzle|55DA3515
Puyo Puyo (Japan) (Rev A) (SGB Enhanced)|Puzzle|20E48285
Puyo Puyo (Japan) (SGB Enhanced)|Puzzle|9E372D13
Puzzle Bobble GB (Japan)|Puzzle|10235E38
Puzzle Boy II (Japan)|Puzzle|E5463A1D
Puzzle Nintama Rantarou (Japan) (SGB Enhanced)|Puzzle|952920BA
Puzznic (Japan)|Puzzle|916E638D
Q Billion (Japan)|Puzzle|979ED154
Q Billion (USA)|Puzzle|7202E973
QIX (World)|Puzzle|9185E89E
Quarth (Japan)|Puzzle|40E5ADC9
Quarth (USA, Europe)|Puzzle|BFB112AD
Ranma 1-2 (Japan)|Puzzle|4E05537E
Rock'n! Monster!! (Japan) (SGB Enhanced)|Puzzle|630299C1
SD Lupin Sansei - Kinko Yaburi Daisakusen (Japan)|Puzzle|F0B73DB4
Same Game (Japan) (SGB Enhanced)|Puzzle|70393C0F
Sanrio Carnival (Japan)|Puzzle|48D8AB7A
Sanrio Carnival 2 (Japan)|Puzzle|758C7B2A
Shanghai (Japan) (Activision)|Puzzle|6AA684EB
Shanghai (Japan) (HAL Laboratory)|Puzzle|7C29672B
Shanghai (USA)|Puzzle|580FCB18
Shanghai Pocket (Japan) (SGB Enhanced)|Puzzle|6B8EFF2C
Shikinjou (Japan)|Puzzle|F8EC3A41
Shisenshou - Match-Mania (Japan)|Puzzle|0CDD8B04
Snoopy - Magic Show (Japan)|Puzzle|4892984D
Snoopy - Magic Show (USA, Europe)|Puzzle|2B7A5034
Snoopy no Hajimete no Otsukai (Japan) (SGB Enhanced)|Puzzle|8900A7C0
Soldam (Japan)|Puzzle|7C5AEC86
Solitaire (Japan)|Puzzle|1119484A
Solomon's Club (Europe)|Puzzle|701CCDB3
Solomon's Club (Japan)|Puzzle|901BFF2E
Solomon's Club (USA)|Puzzle|CEA9622A
Soukoban (Japan)|Puzzle|D50D6D0A
Soukoban 2 (Japan)|Puzzle|D9DA6741
Splitz (Europe)|Puzzle|112487C9
Splitz - Nigaoe 15 Game (Japan)|Puzzle|B07A2745
Spot (Europe)|Puzzle|04E241E4
Spot (Japan)|Puzzle|2CA58280
Spot (USA)|Puzzle|FCD61B98
Star Sweep (Japan) (SGB Enhanced)|Puzzle|D6FD967C
Super Bombliss (Japan) (SGB Enhanced)|Puzzle|B503FFAD
Super Snakey (Japan) (SGB Enhanced)|Puzzle|984D0F7F
Taiyou no Tenshi Marlowe - Ohanabatake wa Dai-panic (Japan)|Puzzle|1132C6BB
Tesserae (Europe) (En,Fr,De,Es,It)|Puzzle|679B6530
Tesserae (USA)|Puzzle|C77E316F
Tetris (Japan) (En)|Puzzle|63F9407D
Tetris (World) (Rev A)|Puzzle|46DF91AD
Tetris 2 (USA)|Puzzle|AA4A1EDB
Tetris 2 (USA, Europe) (SGB Enhanced)|Puzzle|EA19A9D9
Tetris Attack (USA) (SGB Enhanced)|Puzzle|B76C769B
Tetris Attack (USA, Europe) (Rev A) (SGB Enhanced)|Puzzle|5EE45A4D
Tetris Blast (USA, Europe) (SGB Enhanced)|Puzzle|7BE5A73F
Tetris Flash (Japan) (SGB Enhanced)|Puzzle|9DFCB385
Tetris Plus (Japan) (SGB Enhanced)|Puzzle|2EC9120A
Tetris Plus (USA, Europe) (SGB Enhanced)|Puzzle|DAFC3BFF
Tsumego Series 1 - Fujisawa Hideyuki Meiyo Kisei (Japan) (SGB Enhanced)|Puzzle|CEEE6A61
Uchiiwai - Kyoudaijingi no Puzzle Game (Japan)|Puzzle|8059BC15
Wario Blast featuring Bomberman! (USA, Europe) (SGB Enhanced)|Puzzle|927B57A1
Wedding Peach - Jamapii Panic (Japan) (SGB Enhanced)|Puzzle|9812A6C6
Wild Snake (USA) (SGB Enhanced)|Puzzle|72462125
WordZap (USA)|Puzzle|E8E57B50
Wordtris (USA)|Puzzle|075A8231
Yoshi (USA)|Puzzle|F2F4BCCA
Yoshi no Cookie (Japan)|Puzzle|A37255FE
Yoshi no Panepon (Japan) (SGB Enhanced)|Puzzle|3BEB7239
Yoshi no Tamago (Japan)|Puzzle|9B6FCC76
Yoshi's Cookie (USA, Europe)|Puzzle|75336712
Zoop (Japan)|Puzzle|10E1A10C
Zoop (USA, Europe)|Puzzle|14F8B6BB
