Aqualife (Japan) (SGB Enhanced)|Strategy|E243FEB4
Boku no Camp-jou (Japan)|Strategy|C87120B5
Bokujou Monogatari GB2 (Japan)|Strategy|EE993302
Bokujou Monogatari GB3 - Boy Meets Girl (Japan)|Strategy|3A18B41F
Burger Paradise International (Japan)|Strategy|9092B0EB
E.T. - The Extra-Terrestrial and the Cosmic Garden (Europe) (En,Fr,De,Es,It,Nl)|Strategy|8321A1B9
E.T. - The Extra-Terrestrial and the Cosmic Garden (USA)|Strategy|32C87958
Ferret Monogatari (Japan)|Strategy|8B742FB5
Force 21 (USA) (En,Fr,De)|Strategy|2DCD0A0A
Game Boy Wars 2 (Japan) (SGB Enhanced)|Strategy|559EDB5E
Game Boy Wars 3 (Japan)|Strategy|30C26262
Game Conveni 21 (Japan)|Strategy|994314B3
Gem Gem Monster (Japan) (SGB Enhanced)|Strategy|DE7505C0
Hamster Club (Japan)|Strategy|8A4D86A0
Hamster Club - Oshiema Chuu (Japan)|Strategy|79CEEF4E
Hamster Club 2 (Japan)|Strategy|2FB398F9
Hamster Monogatari GB + Magi Ham no Mahou Shoujo (Japan)|Strategy|ABD59939
Harvest Moon 2 GBC (Europe) (SGB Enhanced)|Strategy|160CA990
Harvest Moon 2 GBC (Germany) (SGB Enhanced)|Strategy|32A04C29
Harvest Moon 2 GBC (USA) (SGB Enhanced)|Strategy|08906220
Harvest Moon 3 GBC (USA)|Strategy|A0D67417
Harvest Moon GB (Europe) (SGB Enhanced)|Strategy|C8A6F68A
Harvest Moon GB (Germany) (SGB Enhanced)|Strategy|D3896652
Harvest Moon GB (USA) (SGB Enhanced)|Strategy|AB5738A1
Heroes of Might and Magic (Europe) (En,Fr,De)|Strategy|E0B9FD3B
Heroes of Might and Magic (USA) (En,Fr,De)|Strategy|BB0672A6
Heroes of Might and Magic II (USA) (En,Fr,De)|Strategy|53156D4D
Hunter X Hunter - Hunter no Keifu (Japan)|Strategy|A1361642
Jet de Go! (Japan)|Strategy|20C4CCF6
Kaitei Densetsu!! Treasure World (Japan)|Strategy|4C7258D9
Kanzume Monsters Parfait (Japan) (SGB Enhanced)|Strategy|6D5B59C0
Konchuu Hakase 3 (Japan)|Strategy|380F19ED
Lil' Monster (USA) (SGB Enhanced)|Strategy|C6859B34
Macross 7 - Ginga no Heart o Furuwasero!! (Japan)|Strategy|2B7ABBA4
Medarot Cardrobottle - Kabuto Version (Japan) (SGB Enhanced)|Strategy|4F03D80A
Medarot Cardrobottle - Kuwagata Version (Japan) (SGB Enhanced)|Strategy|A3735F81
Mizuki Shigeru no Shin Youkaiden (Japan)|Strategy|FC1F100F
Monkey Puncher (Europe) (SGB Enhanced)|Strategy|BC1809CE
Monster Farm Battle Card GB (Japan) (SGB Enhanced)|Strategy|69B88F1E
Monster Rancher Battle Card GB (USA) (SGB Enhanced)|Strategy|50DDF120
Monster Traveler (Japan) (Rev A)|Strategy|F60A376E
Nakayoshi Cooking Series 2 - Oishii Panya-san (Japan)|Strategy|B9FA3CE4
Nakayoshi Cooking Series 5 - Cake o Tsukurou (Japan)|Strategy|C04539F8
Nakayoshi Pet Series 1 - Kawaii Hamster (Japan)|Strategy|98D0FCB0
Nakayoshi Pet Series 2 - Kawaii Usagi (Japan)|Strategy|866095C2
Nakayoshi Pet Series 3 - Kawaii Koinu (Japan)|Strategy|FA4E9896
Nakayoshi Pet Series 4 - Kawaii Koneko (Japan)|Strategy|1A382367
Nakayoshi Pet Series 5 - Kawaii Hamster 2 (Japan)|Strategy|E5EC7BE5
Nobunaga no Yabou - Game Boy Ban 2 (Japan) (SGB Enhanced)|Strategy|233862D0
Pocket Cooking (Japan)|Strategy|F5AB554D
Pocket Densha 2 (Japan) (SGB Enhanced)|Strategy|4D26E880
Pocket Family GB2 (Japan)|Strategy|2A273244
Pocket King (Japan) (SGB Enhanced)|Strategy|DEE71D44
Pokemon Card GB (Japan) (SGB Enhanced)|Strategy|1926F570
Pokemon Card GB2 - GR Dan Sanjou! (Japan)|Strategy|6C933A14
Pokemon Trading Card Game (Europe) (En,Es,It) (SGB Enhanced)|Strategy|966DAEF1
Pokemon Trading Card Game (Europe) (En,Fr,De) (SGB Enhanced)|Strategy|4523376E
Pokemon Trading Card Game (USA) (SGB Enhanced)|Strategy|81069D53
Puyo Puyo Gaiden - Puyo Wars (Japan) (SGB Enhanced)|Strategy|67350BC9
Qui Qui (Japan)|Strategy|56D76BA2
Sangokushi - Game Boy Ban 2 (Japan) (SGB Enhanced)|Strategy|E787B44C
Saru Puncher (Japan) (SGB Enhanced)|Strategy|B02564FC
Super Robot Taisen - Link Battler (Japan) (SGB Enhanced)|Strategy|D24E592D
Sweet Ange (Japan) (SGB Enhanced)|Strategy|4BE9B159
Tonka Construction Site (USA)|Strategy|8142A3E8
Totsugeki! Papparatai (Japan) (SGB Enhanced)|Strategy|0AEAE8FB
Warlocked (USA)|Strategy|CFA0DF0F
Watashi no Kitchen (Japan)|Strategy|BC767B25
Watashi no Kitchen (Japan) (Rev A)|Strategy|584669E4
Watashi no Restaurant (Japan)|Strategy|395003EF
Worms Armageddon (Europe) (En,Fr,De,Es,It,Nl)|Strategy|CB04F34D
Worms Armageddon (USA) (En,Fr,Es)|Strategy|E241EDDE
Yu-Gi-Oh! - Dark Duel Stories (Europe)|Strategy|338E2CDA
Yu-Gi-Oh! - Dark Duel Stories (USA)|Strategy|803A56AE
Yu-Gi-Oh! - Das Dunkle Duell (Germany)|Strategy|6CA75BA0
Yu-Gi-Oh! - Duel des Tenebres (France)|Strategy|5B72BAB5
Yu-Gi-Oh! - Duelo en las Tinieblas (Spain)|Strategy|DC160F10
Yu-Gi-Oh! - Racconti Oscuri (Italy)|Strategy|8A6B0948
Yu-Gi-Oh! Duel Monsters 4 - Battle of Great Duelist - Jounouchi Deck (Japan)|Strategy|298BD054
Yu-Gi-Oh! Duel Monsters II - Dark Duel Stories (Japan) (SGB Enhanced)|Strategy|BA7182C3
Yu-Gi-Oh! Duel Monsters III - Tri Holy God Advant (Japan)|Strategy|9F9DBAB4
