American Idol (USA)|Music|F053FFBF
Bratz (Europe) (En,Fr,De,Es,It)|Music|B30241E2
Bratz (USA) (En,Fr,Es)|Music|21E5A010
Britney's Dance Beat (Europe)|Music|886121A8
Britney's Dance Beat (Europe) (En,De)|Music|CFE69825
Britney's Dance Beat (Europe) (En,Fr)|Music|021CDA8E
Britney's Dance Beat (USA)|Music|443198D8
Cheetah Girls, The (USA)|Music|E2EFC2AA
Deutschland Sucht den Superstar (Germany)|Music|51F50F7D
Mary-Kate and Ashley - Girls Night Out (USA, Europe)|Music|8AF3F3AD
Mermaid Melody - Pichi Pichi Pitch (Japan)|Music|63F72589
Mermaid Melody - Pichi Pichi Pitch - Pichi Pichitto Live Start! (Japan)|Music|7A4FDEC3
Pop Idol (Europe)|Music|B9A7E60D
Rhythm Tengoku (Japan)|Music|349D7025
Rhythm Tengoku (Japan) (Rev 1)|Music|A6CD88E1
Space Channel 5 - Ulala's Cosmic Attack (Europe)|Music|0F105694
Space Channel 5 - Ulala's Cosmic Attack (USA)|Music|0666F37A
