Akumajou Dracula (Japan) (Rev 1) [b]|Platform|90E9E614
Akumajou Dracula (Japan) (Rev 2) [b]|Platform|41A471B3
Akumajou Dracula (Japan) [b]|Platform|509E4346
Aliens - Alien 2 (Japan) (Proto) [b]|Platform|2B779EE3
All Night Nippon Super Mario Brothers (Japan) (Promotion Card)|Platform|43E7FE95
Bio Miracle Bokutte Upa (Japan)|Platform|C57B947F
Bubble Bobble (Japan) [b]|Platform|8C8D153E
BurgerTime (Japan) (Disk Writer) [b]|Platform|B3D3D6E5
Donkey Kong (Japan) (Disk Writer)|Platform|9B308CB6
Donkey Kong Jr. (Japan) (Disk Writer)|Platform|C7715A35
Fire Rock (Japan)|Platform|54D3AC61
Green Beret (Japan) [b]|Platform|576F8809
Hao-kun no Fushigi na Tabi (Japan) [b]|Platform|CB7A8570
Hikari Shinwa - Palthena no Kagami (Japan) (Rev 1)|Platform|BC88AA13
Ice Climber (Japan) (Disk Writer) [b]|Platform|575789B6
Kaettekita Mario Brothers (Japan) (Disk Writer) [b]|Platform|1D31BAB1
Kamen Rider Black - Taiketsu Shadow Moon (Japan)|Platform|BD279798
Koneko Monogatari - The Adventures of Chatran (Japan)|Platform|53A7A482
Koneko Monogatari - The Adventures of Chatran (Japan) (Sample)|Platform|3438794B
Omoikkiri Tanteidan HaadoGumi - Matenrou no Chousenjou (Japan)|Platform|654083CC
Relics - Ankoku Yousai (Japan) [b]|Platform|A6D98134
Roger Rabbit (Japan) [b]|Platform|8350559A
Super Lode Runner (Japan)|Platform|E66F4682
Super Mario Brothers (Japan)|Platform|E0890CF2
Super Mario Brothers 2 (Japan)|Platform|F04CD4CD
Super Mario Brothers 2 (Japan) (Alt 1)|Platform|5C419EE8
Wardner no Mori (Japan) [b]|Platform|2D04E09F
Wrecking Crew (Japan) (Disk Writer) [b]|Platform|04763D6A
Yume Koujou Doki Doki Panic (Japan)|Platform|03F223A0
