10-Pin Bowling (Europe)|Sports|5449CAC0
10-Pin Bowling (USA) (Rumble Version)|Sports|720C7023
3D Pocket Pool (Europe) (En,Fr,De,Es,It,Nl)|Sports|8CDAB77F
720 Degrees (USA, Europe)|Sports|E633841F
All Star Tennis 2000 (Europe)|Sports|952B94E5
All-Star Baseball 2000 (USA, Europe)|Sports|E17F59A5
All-Star Baseball 2001 (USA)|Sports|BC562466
Anpfiff - Der RTL Fussball-Manager (Germany)|Sports|B54D264A
Barca Total 2000 (Europe) (En,Fr,De,Es,It,Nl,Ca)|Sports|CD15ED36
Bass Masters Classic (USA, Europe)|Sports|B70028E4
Battle Fishers (Japan)|Sports|C99CF3C5
Beach'n Ball (Europe) (En,Fr,De,Es,It)|Sports|82D1A721
Billy Bob's Huntin' 'n' Fishin' (USA, Europe)|Sports|FA1E6853
Black Bass - Lure Fishing (USA, Europe)|Sports|E44977DC
Boarder Zone (USA)|Sports|A7152869
Bundesliga Stars 2001 (Germany)|Sports|5622B551
Cardcaptor Sakura - Tomoeda Shougakkou Daiundoukai (Japan)|Sports|F78F7998
Carl Lewis Athletics 2000 (Europe) (En,Fr,De,Es,It,Nl)|Sports|15430979
Chi to Ase to Namida no Koukou Yakyuu (Japan)|Sports|3C39BCAB
CyberTiger (USA, Europe)|Sports|E470CAFA
Data-Navi Pro Yakyuu (Japan)|Sports|C958AD75
Data-Navi Pro Yakyuu 2 (Japan)|Sports|96071AD0
Dave Mirra Freestyle BMX (USA, Europe)|Sports|2DF6E230
David Beckham Soccer (Europe) (En,Fr,De,Es,It)|Sports|753BDCE4
Deer Hunter (USA)|Sports|40A715FB
ECW Hardcore Revolution (USA, Europe)|Sports|484EBA10
ESPN International Track & Field (USA)|Sports|4005D541
ESPN National Hockey Night (USA)|Sports|600F61F9
European Super League (Europe) (En,Fr,De,Es,It)|Sports|5A0B7C72
Evel Knievel (Europe) (En,Fr,De,Es,It,Nl,Sv)|Sports|DFD6A908
Evel Knievel (USA)|Sports|51E951B5
Extreme Sports with the Berenstain Bears (USA, Europe) (En,Fr,De,Es,It)|Sports|5C0E7B44
F.A. Premier League Stars 2001, The (Europe)|Sports|5E3844FB
FIFA 2000 (USA, Europe) (SGB Enhanced)|Sports|E6BC2E8C
Freestyle Scooter (Europe)|Sports|EE79117D
Full Time Soccer & Hang Time Basketball (Europe) (Unl)|Sports|0634C196
Full Time Soccer (Europe) (Unl)|Sports|B99BEDA2
Ganbare! Nippon! Olympic 2000 (Japan)|Sports|FFD919A7
Golden Goal (Europe) (En,Fr,De,Es,It,Nl,Sv)|Sports|BB9B597D
Golden Goal (Germany) (En,Fr,De,Es,It,Nl,Sv)|Sports|14D1ADBE
Golf Daisuki! (Japan) (SGB Enhanced)|Sports|80444A86
Golf Ou (Japan) (SGB Enhanced)|Sports|634B2D43
Golf de Ohasuta (Japan)|Sports|38273BDD
Hole In One Golf (USA) (Rumble Version) (SGB Enhanced)|Sports|27A53965
Hyper Olympic - Winter 2000 (Japan)|Sports|A9B8F072
Hyper Olympic Series - Track & Field GB (Japan) (SGB Enhanced)|Sports|77F76EBC
International Karate 2000 (Europe)|Sports|12E00808
International Superstar Soccer 2000 (Europe)|Sports|57EA1EC8
International Superstar Soccer 2000 (USA)|Sports|E8FA7203
International Superstar Soccer 99 (Europe) (SGB Enhanced)|Sports|1B76D115
International Superstar Soccer 99 (USA) (SGB Enhanced)|Sports|9D0290A7
International Track & Field (Europe) (En,Fr,De,It) (SGB Enhanced)|Sports|327EC81F
International Track & Field (USA) (SGB Enhanced)|Sports|803D5D57
International Track & Field - Summer Games (Europe)|Sports|D826C75F
J.League Excite Stage GB (Japan)|Sports|B3F38F16
J.League Excite Stage Tactics (Japan)|Sports|558F4631
Jimmy White's Cueball (Europe)|Sports|27632F4F
K.O. - The Pro Boxing (Japan)|Sports|69F08C89
Kawa no Nushi Tsuri 4 (Japan) (Rumble Version) (SGB Enhanced)|Sports|F0B09DDB
Keibajou e Ikou! Wide (Japan)|Sports|710286EA
Ken Griffey Jr.'s Slugfest (USA)|Sports|1E64D19C
Kinniku Banzuke GB - Chousensha wa Kimida! (Japan) (SGB Enhanced)|Sports|E2E4328B
Kinniku Banzuke GB2 - Mezase! Muscle Champion (Japan) (SGB Enhanced)|Sports|42DE9092
Kinniku Banzuke GB3 - Shinseiki Survival Retsuden! (Japan)|Sports|E2F6253E
Knockout Kings (USA, Europe)|Sports|A0D64934
Konami Winter Games (Europe)|Sports|1C644040
Koushien Pocket (Japan) (SGB Enhanced)|Sports|6910FF3A
LNF Stars 2001 (France)|Sports|F8BF3EE7
Legend of the River King 2 (Europe) (SGB Enhanced)|Sports|F24D010A
Legend of the River King 2 (USA) (SGB Enhanced)|Sports|840FD525
Legend of the River King GB (Europe) (SGB Enhanced)|Sports|87EF9530
Legend of the River King GB (Germany) (SGB Enhanced)|Sports|1241F3F5
Legend of the River King GB (USA) (SGB Enhanced)|Sports|7E821F47
MTV Sports - Pure Ride (USA, Europe)|Sports|B7B2354B
MTV Sports - Skateboarding featuring Andy MacDonald (USA, Europe)|Sports|744561F3
MTV Sports - T.J. Lavin's Ultimate BMX (USA, Europe)|Sports|904663AF
Madden NFL 2000 (USA, Europe) (SGB Enhanced)|Sports|482944AA
Madden NFL 2001 (USA)|Sports|160E9E3C
Madden NFL 2002 (USA)|Sports|DE1338D2
Mario Golf (Europe)|Sports|A132417D
Mario Golf (USA)|Sports|905AD0CB
Mario Golf GB (Japan)|Sports|4CA2191A
Mario Tennis (Europe)|Sports|0510D601
Mario Tennis (USA)|Sports|A781C63C
Mario Tennis GB (Japan)|Sports|19070962
Mary-Kate and Ashley - Winners Circle (USA, Europe)|Sports|35D6DDCC
Mat Hoffman's Pro BMX (USA, Europe)|Sports|515C1459
Maus, Die - Verrueckte Olympiade (Germany)|Sports|FD11138E
Mia Hamm Soccer Shootout (USA)|Sports|D77971C0
Millennium Winter Sports (USA)|Sports|B57DABAE
Mobile Golf (Japan)|Sports|35FC5B32
NBA 3 on 3 featuring Kobe Bryant (USA) (SGB Enhanced)|Sports|001F4754
NBA Hoopz (USA)|Sports|5011A419
NBA In the Zone (USA) (Rev A) (SGB Enhanced)|Sports|BE949F74
NBA In the Zone 2000 (Europe)|Sports|E6AF6D07
NBA In the Zone 2000 (USA)|Sports|FDB38C49
NBA Jam '99 (USA, Europe)|Sports|84BE0EED
NBA Jam 2001 (USA, Europe)|Sports|3AA75F1C
NBA Pro '99 (Europe) (SGB Enhanced)|Sports|748564AE
NBA Show Time - NBA on NBC (USA)|Sports|7AE23888
NFL Blitz (USA)|Sports|D731DED7
NFL Blitz (USA, Europe) (Rev A)|Sports|107D734B
NFL Blitz 2000 (USA)|Sports|090C7DAC
NFL Blitz 2001 (USA)|Sports|61C653AE
NHL 2000 (USA, Europe) (SGB Enhanced)|Sports|BB625129
NHL Blades of Steel (USA)|Sports|A890ADB2
NHL Blades of Steel 2000 (USA)|Sports|8BC5B62A
Nushi Tsuri Adventure - Kite no Bouken (Japan) (Rumble Version)|Sports|AC52F6EF
O'Leary Manager 2000 (Europe) (En,Fr,De,Es,It,Nl,Ca)|Sports|3485761A
Player Manager 2001 (Europe) (En,Fr)|Sports|375C35E0
Pocket Billiards - Funk the 9 Ball (Japan)|Sports|3B46E7C9
Pocket Bowling (Japan)|Sports|26589B79
Pocket Bowling (USA)|Sports|3ED30908
Pocket GI Stable (Japan) (SGB Enhanced)|Sports|C424874E
Pocket Pro Wrestling - Perfect Wrestler (Japan)|Sports|D4EBBA41
Pocket Pro Yakyuu (Japan)|Sports|2A6EF6A8
Pocket Soccer (Europe) (En,Fr,De,Es,It,Pt)|Sports|E8F5824F
Power Pro Kun Pocket (Japan) (Rev A) (SGB Enhanced)|Sports|894D88F2
Power Pro Kun Pocket (Japan) (SGB Enhanced)|Sports|145540D8
Power Pro Kun Pocket 2 (Japan) (SGB Enhanced)|Sports|C2A4A3EB
Power Spike - Pro Beach Volleyball (USA)|Sports|AE57D1C3
Prince Naseem Boxing (Europe) (En,Fr,De)|Sports|91DEF753
Pro Darts (USA)|Sports|834A72C0
Pro Foot (France) (En,Fr,De,Es,It,Nl,Sv)|Sports|A9905932
Pro Pool (Europe) (En,Fr,De)|Sports|21A4DA64
Pro Pool (USA) (En,Fr,De)|Sports|04D3031A
Razor Freestyle Scooter (USA)|Sports|5C201286
Ready 2 Rumble Boxing (Europe)|Sports|BEA36BF9
Ready 2 Rumble Boxing (USA) (Rumble Version)|Sports|345E20A4
Real Pro Yakyuu! - Central League Hen (Japan) (SGB Enhanced)|Sports|AFFF6BB9
Real Pro Yakyuu! - Pacific League Hen (Japan) (SGB Enhanced)|Sports|16B81C36
Road Champs - BXS Stunt Biking (USA, Europe)|Sports|98C59706
Rocket Power - Gettin' Air (USA, Europe)|Sports|7025EB63
Rocket Power - La Glisse de l'Extreme (France)|Sports|C9A7AA7B
Rocky Mountain Trophy Hunter (USA)|Sports|9AA5B021
Roland Garros French Open (Europe) (En,Fr,De,Es,It,Nl)|Sports|10DBDE7C
Ronaldo V-Football (Europe) (En,Fr,De,Es,It,Nl,Pt)|Sports|A856C066
Ronaldo V-Soccer (USA) (En,Fr,Es,Pt)|Sports|D0204F10
Sesame Street Sports (Europe)|Sports|55BE1A6E
Sesame Street Sports (USA)|Sports|4ED4AAFA
Shaun Palmer's Pro Snowboarder (USA, Australia)|Sports|709CDA93
Snobow Champion (Japan)|Sports|846FEA2B
Snoopy Tennis (Europe) (En,Fr,De,Es,It,Nl)|Sports|8C2D9B43
Snoopy Tennis (Japan)|Sports|D088EEFD
Snoopy Tennis (USA) (En,Fr,Es)|Sports|D882ECCC
Soccer Manager (Europe) (En,Fr,De,Es)|Sports|237ECEF9
Super Black Bass - Real Fight (Japan) (Rumble Version)|Sports|B7F77B6A
Super Black Bass Pocket 3 (Japan) (SGB Enhanced)|Sports|AE466545
Super Real Fishing (Japan) (Rumble Version)|Sports|00865161
Supreme Snowboarding (Europe) (En,Fr,De)|Sports|53B1E661
TNN Outdoors Fishing Champ (USA) (SGB Enhanced)|Sports|00A14D18
Tech Deck Skateboarding (USA, Europe)|Sports|C07EBE70
Three Lions (Europe) (En,Fr,De,Es,It,Nl,Sv)|Sports|1CBEA1AA
Tiger Woods PGA Tour 2000 (USA, Europe)|Sports|A6DFB1D9
Tokoro-san no Setagaya C.C. (Japan)|Sports|9139E307
Tony Hawk's Pro Skater (USA, Europe)|Sports|8D8BB5C4
Tony Hawk's Pro Skater 2 (USA, Europe)|Sports|2C27C61F
Tony Hawk's Pro Skater 3 (USA, Europe)|Sports|FD5290A1
Total Soccer 2000 (Europe) (En,Fr,De,Es,It,Nl)|Sports|C25EE35A
Trick Boarder (Europe)|Sports|EFE3FC64
Trick Boarder (USA)|Sports|E856DC3D
Trickboarder GP (Japan)|Sports|31740097
Triple Play 2001 (USA, Europe)|Sports|74E04C07
Tsuriiko!! (Japan)|Sports|6F2CBD1D
UEFA 2000 (Europe) (En,Fr,De,Es,It,Nl)|Sports|4B314D4B
WCW Mayhem (USA, Europe)|Sports|9F8620D1
WWF Attitude (USA, Europe)|Sports|D5FDF68A
WWF Betrayal (USA, Europe)|Sports|6C28BCB5
WWF WrestleMania 2000 (USA, Europe)|Sports|FCBA12AE
World Soccer GB 2000 (Japan)|Sports|6775B29E
World Soccer GB2 (Japan) (SGB Enhanced)|Sports|DD18DB5F
Xtreme Sports (USA)|Sports|19828751
Zebco Fishing! (USA) (Rumble Version)|Sports|3CC6B1F9
Zen-Nihon Shounen Soccer Taikai - Mezase Nihon Ichi! (Japan)|Sports|EFAD8B34
Zidane Football Generation (Europe) (En,Fr,De,Es,It)|Sports|E96DBFB5
