'89 Dennou Kyuusei Uranai (Japan)|Miscellaneous|BA58ED29
100 Man Dollar Kid - Maboroshi no Teiou Hen (Japan)|Miscellaneous|73E41AC7
1999 - Hore, Mitakotoka! Seikimatsu (Japan)|Miscellaneous|29EC0FD1
4 Nin Uchi Mahjong (Japan)|Miscellaneous|D91104F1
4 Nin Uchi Mahjong (Japan) (Rev A)|Miscellaneous|84BE00E9
AV Hanafuda Club (Japan) (Unl)|Miscellaneous|D201EDCE
AV Kyuukyoku Mahjong 2 (Asia) (Unl)|Miscellaneous|77DA06CF
AV Mahjong Club (Asia) (Unl)|Miscellaneous|14F477C3
AV Mahjong Club (Japan) (Unl)|Miscellaneous|C829007E
AV Pachi-Slot (Japan) (Unl)|Miscellaneous|9A23A458
AV Poker (Japan) (Unl)|Miscellaneous|477A478D
Aa Yakyuu Jinsei Icchokusen (Japan)|Miscellaneous|B7773A07
Action 52 (USA) (Rev A) (Unl)|Miscellaneous|51C0B27E
Action 52 (USA) (Unl)|Miscellaneous|0C222495
Ai Sensei no Oshiete - Watashi no Hoshi (Japan)|Miscellaneous|283AD224
America Oudan Ultra Quiz - Shijou Saidai no Tatakai (Japan)|Miscellaneous|3256114C
American Dream (Japan)|Miscellaneous|3FFA5762
Anticipation (Europe)|Miscellaneous|8B7D3C75
Anticipation (USA)|Miscellaneous|99A9F57E
Archon (USA)|Miscellaneous|F304F1B9
Bakushou! Star Monomane Shitennou (Japan)|Miscellaneous|6CD9CC23
Bakushou!! Ai no Gekijou (Japan)|Miscellaneous|DCD8D6F4
Bakushou!! Jinsei Gekijou (Japan)|Miscellaneous|ADF606F6
Bakushou!! Jinsei Gekijou 2 (Japan)|Miscellaneous|BC7B1D0F
Bakushou!! Jinsei Gekijou 3 (Japan)|Miscellaneous|AEBD6549
Battle Chess (USA)|Miscellaneous|2C2DDFB4
Bible Buffet (USA) (v6.0) (Unl)|Miscellaneous|CFD5AC62
BinGuo 75 (Asia) (Unl)|Miscellaneous|E116447F
Bingo 75 (Asia) (Unl)|Miscellaneous|D04A40E6
Blackjack (USA) (Unl)|Miscellaneous|C2A4612E
Cadillac (Japan)|Miscellaneous|0719260C
Caesars Palace (USA)|Miscellaneous|DB1D03E5
Caesars Palace (USA) (Beta)|Miscellaneous|A48D26C1
Caltron - 6 in 1 (USA) (Unl)|Miscellaneous|4686C5DD
Casino Kid (USA)|Miscellaneous|05A688C8
Casino Kid II (USA)|Miscellaneous|7329118D
Chess Academy (Asia) (NTSC) (Unl)|Miscellaneous|680D2EDA
Chessmaster, The (Europe)|Miscellaneous|E3027EBE
Chessmaster, The (USA)|Miscellaneous|D7F6320C
Chessmaster, The (USA) (Rev A)|Miscellaneous|19F4CA6B
Chibi Maruko-chan - Uki Uki Shopping (Japan)|Miscellaneous|0C47946D
Chinese Checkers (Asia) (NTSC) (Unl)|Miscellaneous|D8D42F2F
Chinese Checkers (Asia) (PAL) (Unl)|Miscellaneous|471173E7
Chuugoku Janshi Story - Tonfuu (Japan)|Miscellaneous|5AB54795
Chuugoku Senseijutsu (Japan)|Miscellaneous|F64CB545
Classic Concentration (USA)|Miscellaneous|A3C0D49F
Color a Dinosaur (USA)|Miscellaneous|0123BFFE
Color a Dinosaur (USA) (Beta)|Miscellaneous|CB17D41E
Dance Aerobics (USA)|Miscellaneous|9E382EBF
Donkey Kong Classics (USA, Europe)|Miscellaneous|AB2006B4
Double Dare (USA)|Miscellaneous|2B378D11
Famicom Igo Nyuumon (Japan)|Miscellaneous|2470402B
Famicom Meijin Sen (Japan)|Miscellaneous|9CFA55E7
Famicom Meijin Sen (Japan) (Rev A)|Miscellaneous|821F2F9F
Famicom Shougi - Ryuuousen (Japan)|Miscellaneous|149C0EC3
Famicom Shougi - Ryuuousen (Japan) (Beta)|Miscellaneous|2C5FAC1C
Family BASIC (Japan) (v2.0a)|Miscellaneous|F7606810
Family BASIC (Japan) (v2.1a)|Miscellaneous|895037BC
Family BASIC (Japan) (v3.0)|Miscellaneous|B2530AFC
Family Feud (USA)|Miscellaneous|51BEE3EA
Family Mahjong (Japan)|Miscellaneous|C6557E02
Family Mahjong (Japan) (Rev A)|Miscellaneous|F5CEEF8F
Family Mahjong II - Shanghai e no Michi (Japan)|Miscellaneous|DD29FD59
Family Quiz - 4-nin wa Rival (Japan)|Miscellaneous|07910BF9
Family Trainer 3 - Aerobics Studio (Japan)|Miscellaneous|29DE87AF
Family Trainer 5 - Meiro Daisakusen (Japan)|Miscellaneous|370CEB65
Final Fantasy I, II (Japan)|Miscellaneous|C9556B36
Fun Blaster Pak (Australia) (Unl)|Miscellaneous|00A53242
Gambler Jiko Chuushinha - Mahjong Game (Japan)|Miscellaneous|2E2ACAE9
Gambler Jiko Chuushinha 2 (Japan)|Miscellaneous|85F12D37
Game Party (Japan)|Miscellaneous|F1C76AED
Genpei Touma Den - Computer Boardgame (Japan)|Miscellaneous|C372399B
Gimmi a Break - Shijou Saikyou no Quiz Ou Ketteisen (Japan)|Miscellaneous|D9F45BE9
Gimmi a Break - Shijou Saikyou no Quiz Ou Ketteisen 2 (Japan)|Miscellaneous|1545BD13
Gomoku Narabe (Japan)|Miscellaneous|4A99B47E
Gorilla Man, The (Japan)|Miscellaneous|9FD718FD
Great Deal (Japan)|Miscellaneous|BCF68611
Hanafuda Yuukyou Den - Nagarebana Oryuu (Japan) (Unl) [b]|Miscellaneous|73C09BCB
Hayauchi Super Igo (Japan)|Miscellaneous|FA7E02FA
Hidden Chinese Chess - An Qi (Asia) (NTSC) (Unl)|Miscellaneous|961ADCA7
Hirake! Ponkikki (Japan)|Miscellaneous|64BD6CDB
Hollywood Squares (USA)|Miscellaneous|3869E598
Honey Peach - Mei Nv Quan (Asia) (Unl)|Miscellaneous|29582CA1
Honshougi - Naitou 9 Dan Shougi Hiden (Japan)|Miscellaneous|FFD9DB04
Hot Slots (Asia) (Unl)|Miscellaneous|ADA1B12F
Hyaku no Sekai no Monogatari - The Tales on a Watery Wilderness (Japan)|Miscellaneous|E95E51E0
Ide Yousuke Meijin no Jissen Mahjong (Japan)|Miscellaneous|8E066CCB
Ide Yousuke Meijin no Jissen Mahjong (Japan) (Rev A)|Miscellaneous|9FAE4D46
Ide Yousuke Meijin no Jissen Mahjong II (Japan)|Miscellaneous|7B44FB2A
Igo - Kyuu Roban Taikyoku (Japan)|Miscellaneous|9B208AB1
Igo Meikan (Japan)|Miscellaneous|455CA7DE
Igo Shinan '91 (Japan)|Miscellaneous|E333FFA1
Igo Shinan '92 (Japan)|Miscellaneous|7A11D2C9
Igo Shinan '93 (Japan)|Miscellaneous|9C053F24
Igo Shinan '94 (Japan)|Miscellaneous|A7E784ED
Igo Shinan (Japan)|Miscellaneous|89550500
Itadaki Street - Watashi no Omise ni Yottette (Japan)|Miscellaneous|CA503F32
Jackpot (Australia) (Unl)|Miscellaneous|BF0C485D
Jangou (Japan)|Miscellaneous|0973F714
Jeopardy! (USA)|Miscellaneous|B5D10D5C
Jeopardy! (USA) (Rev A)|Miscellaneous|2A662AC7
Jeopardy! 25th Anniversary Edition (USA)|Miscellaneous|0BDD8DD9
Jeopardy! Junior Edition (USA)|Miscellaneous|6A88579F
Jongbou (Japan)|Miscellaneous|A56208A0
Kaettekita! Gunjin Shougi - Nanya Sore! (Japan)|Miscellaneous|E74AA15A
Kamen Rider SD - Granshocker no Yabou (Japan)|Miscellaneous|2A1919FE
Lucky Bingo 777 (Asia) (PAL) (Unl)|Miscellaneous|A2D074F5
Mahjang Companion (Asia) (Hacker) (Unl)|Miscellaneous|48239B42
Mahjang Companion (Asia) (Sachen) (Unl)|Miscellaneous|72FA78C3
Mahjong (Japan) (Rev A)|Miscellaneous|A9842027
Mahjong (Japan) (Rev B)|Miscellaneous|23D91BC6
Mahjong Academy (Asia) (Unl)|Miscellaneous|563E394A
Mahjong Club Nagatachou - Sousaisen (Japan)|Miscellaneous|85BC0777
Mahjong RPG Dora Dora Dora (Japan)|Miscellaneous|099B8CAA
Mahjong Taikai (Japan)|Miscellaneous|F714FAE3
Mahjong Taisen (Japan)|Miscellaneous|59449E3B
Mahjong Trap - Si Cuan Ma Que (Asia) (Unl)|Miscellaneous|C58EEA57
Mahjong Trap - Si Cuan Ma Que - Zhi Fu Pian (Asia) (Unl)|Miscellaneous|2F52BBE0
Mahjong World, The - Ma Que Shi Jie (Asia) (NTSC) (Unl)|Miscellaneous|FC778215
Mahjong World, The - Ma Que Shi Jie (Asia) (PAL) (Unl)|Miscellaneous|A8E6A7C2
Mahou no Princess Minky Momo - Remember Dream (Japan)|Miscellaneous|2D2F91B8
Majaventure - Mahjong Senki (Japan)|Miscellaneous|8531C166
Maxi 15 (USA) (Rev 1) (Unl)|Miscellaneous|7EAE9A13
Maxi 15 (USA) (Unl)|Miscellaneous|2705EAEB
Maxi-15 Pack (Australia) (Unl)|Miscellaneous|93484CC9
Mezase Pachi Pro - Pachio-kun (Japan)|Miscellaneous|9C3E8FC0
Mezase Pachi Pro - Pachio-kun (Japan) (Beta)|Miscellaneous|9568EB74
Millionaire (Asia) (PAL) (Unl)|Miscellaneous|F8C358D7
Mind Blower Pak (Australia) (Unl)|Miscellaneous|60A59624
Momotarou Densetsu (Japan)|Miscellaneous|B5576820
Momotarou Dentetsu (Japan)|Miscellaneous|1027C432
Monopoly (France)|Miscellaneous|03B8DEFA
Monopoly (Germany)|Miscellaneous|39BB6616
Monopoly (Japan)|Miscellaneous|86759C0F
Monopoly (USA)|Miscellaneous|9747AC09
My Life My Love - Boku no Yume - Watashi no Negai (Japan)|Miscellaneous|26049798
Namcot Mahjong III - Mahjong Tengoku (Japan)|Miscellaneous|91AC514E
Nichibutsu Mahjong III - Mahjong G Men (Japan)|Miscellaneous|FA2A8A8B
Nintendo World Championships 1990 (USA)|Miscellaneous|0B0E128F
Obocchama-kun (Japan)|Miscellaneous|E24483B1
Olympic I.Q. (Asia) (PAL) (Unl)|Miscellaneous|40DBF7A2
Othello (Australia) (Unl)|Miscellaneous|9C4589E3
Othello (Japan)|Miscellaneous|87D7CAF0
Othello (USA)|Miscellaneous|699FA085
Pachi-Slot Adventure 2 - Sorotta-kun no Pachi-Slot Tanteidan (Japan)|Miscellaneous|9EEFB4B4
Pachi-Slot Adventure 3 - Bitaoshii 7 Kenzan! (Japan)|Miscellaneous|051CD5F2
Pachicom (Japan)|Miscellaneous|E30B2BCF
Pachinko Daisakusen (Japan)|Miscellaneous|C22C23AB
Pachinko Daisakusen 2 (Japan)|Miscellaneous|44F92026
Pachio-kun 2 (Japan)|Miscellaneous|291BCD7D
Pachio-kun 3 (Japan)|Miscellaneous|8BCB0993
Pachio-kun 4 (Japan)|Miscellaneous|E08C8A60
Pachio-kun 5 (Japan)|Miscellaneous|9B3C5124
Peek-A-Boo Poker (Asia) (Unl)|Miscellaneous|E9F16673
Pictionary - The Game of Video Quick Draw (USA)|Miscellaneous|DC02F095
Poke III (Asia) (Unl)|Miscellaneous|BE17E27B
Poker II (Asia) (Unl)|Miscellaneous|247CC73D
Poker Mahjong - Pu Ke Mao Que (Asia) (Unl)|Miscellaneous|2D8730E2
Project Q (Japan)|Miscellaneous|C1BA8BB9
Pu Ke Jing Ling (China) (Unl)|Miscellaneous|8F154A0D
Qi Wang - Chinese Chess (Asia) (Unl)|Miscellaneous|D2674B0A
Quattro Adventure (USA) (Unl)|Miscellaneous|B89888C9
Quattro Arcade (USA) (Unl)|Miscellaneous|792070A9
RPG Jinsei Game (Japan)|Miscellaneous|07D92C31
Racer Mini Yonku - Japan Cup (Japan)|Miscellaneous|F6271A51
Real Player's Pak (Australia) (Unl)|Miscellaneous|5E36D3BE
Remote Control (USA)|Miscellaneous|9F6C119C
Sesame Street ABC & 123 (USA)|Miscellaneous|24EECC15
Shaffle Fight (Japan)|Miscellaneous|BDC124E5
Shanghai (Japan)|Miscellaneous|B20C1030
Shanghai (Japan) (Sample)|Miscellaneous|05C4AF33
Shin 4 Nin Uchi Mahjong - Yakuman Tengoku (Japan)|Miscellaneous|D532E98F
Short Order + Egg-Splode! (USA)|Miscellaneous|6435C095
Shougi Meikan '92 (Japan)|Miscellaneous|5A6860F1
Shougi Meikan '93 (Japan)|Miscellaneous|AE280E20
Shui Guo Li (Asia) (Unl)|Miscellaneous|2B20ED9B
Solitaire (USA) (Unl)|Miscellaneous|B6A2B981
Soreike! Anpanman - Minna de Hiking Game! (Japan)|Miscellaneous|FE99BBED
Sugoro Quest - Dice no Senshitachi (Japan)|Miscellaneous|1411005B
Super Jeopardy! (USA)|Miscellaneous|CF4487A2
Super Mario Bros. + Duck Hunt (Europe)|Miscellaneous|91B4B1D7
Super Mario Bros. + Duck Hunt (USA)|Miscellaneous|D26EFD78
Super Mario Bros. + Duck Hunt + World Class Track Meet (USA)|Miscellaneous|529B621F
Super Mario Bros. + Duck Hunt + World Class Track Meet (USA) (Rev A)|Miscellaneous|60E63537
Super Mario Bros. + Tetris + Nintendo World Cup (Europe)|Miscellaneous|73298C87
Super Mario Bros. + Tetris + Nintendo World Cup (Europe) (Rev A)|Miscellaneous|F46EF39A
Super Mogura Tataki!! - Pokkun Mogurar (Japan)|Miscellaneous|C7BCC981
Super Momotarou Dentetsu (Japan)|Miscellaneous|09FFDF45
Super Spike V'Ball + Nintendo World Cup (USA)|Miscellaneous|407D6FFD
Taboo - The Sixth Sense (USA)|Miscellaneous|40ED2A9D
Taboo - The Sixth Sense (USA) (Rev A)|Miscellaneous|482C79AF
Taiwan Mahjong 2 (Asia) (Unl)|Miscellaneous|0775DC68
Takeshi no Sengoku Fuuunji (Japan)|Miscellaneous|D920F9DF
Takeshi no Sengoku Fuuunji (Japan) (Beta)|Miscellaneous|3CD4B420
Tamura Koushou Mahjong Seminar (Japan)|Miscellaneous|34DEBDFD
Tanigawa Kouji no Shougi Shinan II (Japan)|Miscellaneous|3836EEAC
Tanigawa Kouji no Shougi Shinan III (Japan)|Miscellaneous|E63D9193
Tetsudou Ou - Famicom Boardgame (Japan)|Miscellaneous|4BB6B430
Thomas the Tank Engine and Friends (USA) (Proto)|Miscellaneous|E46AEE21
Tiny Toon Adventures Cartoon Workshop (Europe)|Miscellaneous|C8EBD977
Tiny Toon Adventures Cartoon Workshop (USA)|Miscellaneous|9E6092A4
Total Funpak (Australia) (Unl)|Miscellaneous|06406EB9
Toukyou Pachi-Slot Adventure (Japan) (Rev A)|Miscellaneous|162CCBD0
Vegas Connection - Casino kara Ai o Komete (Japan)|Miscellaneous|57E9B21C
Vegas Dream (USA)|Miscellaneous|C973699D
Videomation (USA)|Miscellaneous|5E66EAEA
Viva! Las Vegas (Japan)|Miscellaneous|D6FE9826
Wheel of Fortune (USA)|Miscellaneous|FBF8A785
Wheel of Fortune (USA) (Rev A)|Miscellaneous|3368F7FB
Wheel of Fortune - Family Edition (USA)|Miscellaneous|009AF6BE
Wheel of Fortune - Junior Edition (USA)|Miscellaneous|68383607
Wheel of Fortune Starring Vanna White (USA)|Miscellaneous|4220C170
Wily & Right no Rockboard - That's Paradise (Japan)|Miscellaneous|23F4B48F
Win, Lose or Draw (USA)|Miscellaneous|F74DFC91
World of Card Games, The (Asia) (Unl)|Miscellaneous|65B6AF68
