Be Ball (Japan)|Puzzle|E439F299
Blodia (Japan)|Puzzle|958BCD09
Bomberman '93 (Japan)|Puzzle|B300C5D0
Bomberman '93 (Japan) (Special Version)|Puzzle|02309AA0
Bomberman '93 (USA)|Puzzle|56171C1C
Bomberman '94 (Japan)|Puzzle|05362516
Bomberman (Japan)|Puzzle|9ABB4D1F
Bomberman (USA)|Puzzle|5F6F3C2A
Bomberman - Users Battle (Japan)|Puzzle|1489FA51
Boxyboy (USA)|Puzzle|605BE213
Chew Man Fu (USA)|Puzzle|8CD13E9A
Circus Lido (Japan)|Puzzle|C3212C24
Columns (Japan)|Puzzle|99F7A572
Drop Rock Hora Hora (Japan)|Puzzle|67EC5EC4
Drop Rock Hora Hora (Japan) (Alt 1)|Puzzle|8E81FCAC
Drop.Off (USA)|Puzzle|FEA27B32
Hatris (Japan)|Puzzle|44E7DF53
Klax (Japan)|Puzzle|C74FFBC9
Klax (USA)|Puzzle|0F1B59B4
Lode Runner - Lost Labyrinth (Japan)|Puzzle|E6EE1468
Puzzle Boy (Japan)|Puzzle|FAA6E187
Puzznic (Japan)|Puzzle|965C95B3
Ryuukyuu (Japan)|Puzzle|91E6896F
Skweek (Japan)|Puzzle|4D539C9F
Soukoban World (Japan)|Puzzle|FB37DDC4
Spin Pair (Japan)|Puzzle|1C6FF459
Timeball (USA)|Puzzle|5D395019
Tricky (Japan)|Puzzle|3AEA2F8F
Tricky Kick (USA)|Puzzle|48E6FD34
Volfied (Japan)|Puzzle|AD226F30
Zipang (Japan)|Puzzle|67AAB7A1
