Benkei Gaiden (Japan)|RPG|E1A73797
Benkei Gaiden (Japan) (Alt 1)|RPG|C9626A43
Bodycon Quest II (Japan)|RPG|FFD92458
Cadash (Japan)|RPG|8DC0D85F
Cadash (USA)|RPG|BB0B3AEF
Cyber Knight (Japan)|RPG|A594FAC0
Double Dungeons - W (Japan)|RPG|86087B39
Double Dungeons - W (USA)|RPG|4A1A8C60
Dungeon Explorer (Japan)|RPG|1B1A80A2
Dungeon Explorer (USA)|RPG|4FF01515
Jaseiken Necromancer (Japan)|RPG|53109AE6
Lady Sword (Japan)|RPG|C6F764EC
Lady Sword (Japan) (Alt 1)|RPG|EB833D15
Makai Hakkenden Shada (Japan)|RPG|BE62EEF5
Momotarou Densetsu Gaiden - Dai-1-shuu (Japan)|RPG|F860455C
Momotarou Densetsu II (Japan)|RPG|D9E1549A
Momotarou Densetsu Turbo (Japan)|RPG|625221A6
Necros no Yousai (Japan)|RPG|FB0FDCFE
Order of the Griffon (USA)|RPG|FAE0FC60
Out Live (Japan)|RPG|5CDB3F5B
Shiryou Sensen - War of the Dead (Japan)|RPG|469A0FDF
Sindibad - Chitei no Daimakyuu (Japan)|RPG|B5C4EEBD
Susanoou Densetsu (Japan)|RPG|CF73D8FC
