Adventure Island (Japan)|Platform|8E71D4F3
Batman (Japan)|Platform|106BB7B2
Battle Lode Runner (Japan)|Platform|59E44F45
Bonk III - Bonk's Big Adventure (USA)|Platform|5A3F76D8
Bonk's Adventure (USA)|Platform|599EAD9B
Bonk's Revenge (USA)|Platform|14250F9A
Darkwing Duck (USA)|Platform|4AC97606
Don Doko Don! (Japan)|Platform|F42AA73E
Doraemon - Nobita no Dorabian Night (Japan)|Platform|013A747F
Dragon Egg! (Japan)|Platform|442405D5
Dragon's Curse (USA)|Platform|7D2C4B09
Fushigi no Yume no Alice (Japan)|Platform|12C4E6FD
Impossamole (USA)|Platform|E2470F5F
J.J. & Jeff (USA)|Platform|E01C5127
Jackie Chan (Japan)|Platform|C6FA6373
Jackie Chan's Action Kung Fu (USA)|Platform|9D2F6193
Kaizou Choujin Shubibinman (Japan)|Platform|A9084D6E
Kaizou Choujin Shubibinman 2 - Aratanaru Teki (Japan)|Platform|109BA474
Kato-chan & Ken-chan (Japan)|Platform|6069C5E7
Keith Courage in Alpha Zones (USA)|Platform|474D7A72
Makai Prince Dorabocchan (Japan)|Platform|B101B333
Mashin Eiyuu Den Wataru (Japan)|Platform|2F8935AA
Mizubaku Adventure (Japan)|Platform|B2EF558D
New Adventure Island (USA)|Platform|756A1802
New Zealand Story, The (Japan)|Platform|8E4D75A8
Niko Niko Pun (Japan)|Platform|82DEF9EE
Ninja Ryuuken Den (Japan) (En,Ja,Zh)|Platform|67573BAC
Obocchama-kun (Japan)|Platform|4D3B0BC9
PC Genjin - Pithecanthropus Computerurus (Japan)|Platform|2CB5CD55
PC Genjin - Pithecanthropus Computerurus (Japan) (Alt 1)|Platform|67B35E6E
PC Genjin 2 - Pithecanthropus Computerurus (Japan)|Platform|3028F7CA
PC Genjin 3 - Pithecanthropus Computerurus (Japan)|Platform|A170B60E
PC Genjin 3 - Pithecanthropus Computerurus (Japan) (Demo)|Platform|6F6ED301
Pac-Land (Japan)|Platform|14FAD3BA
Pac-Land (USA)|Platform|D6E30CCD
Parasol Stars - The Story of Bubble Bobble 3 (Japan)|Platform|51E86451
Parasol Stars - The Story of Bubble Bobble III (USA)|Platform|E6458212
Shinobi (Japan)|Platform|BC655CF3
Shockman (USA)|Platform|2774462C
Son Son II (Japan)|Platform|D7921DF2
Takahashi Meijin no Shin Bouken-jima (Japan)|Platform|E415EA19
Tiger Road (USA)|Platform|985D492D
Tora e no Michi (Japan)|Platform|82AE3B16
Turrican (USA)|Platform|EB045EDF
