21 Emon - Mezase Hotel Ou!! (Japan)|Miscellaneous|73614660
AV Poker - World Gambler (Japan)|Miscellaneous|B866D282
Artist Tool (Japan)|Miscellaneous|5E4FA713
Chibi Maruko-chan - Quiz de Piihyara (Japan)|Miscellaneous|951ED380
Genpei Toumaden (Japan)|Miscellaneous|B926C682
Idol Hanafuda Fan Club (Japan)|Miscellaneous|9EC6FC6C
King of Casino (Japan)|Miscellaneous|BF52788E
King of Casino (USA)|Miscellaneous|2F2E2240
Kyuukyoku Mahjong - Idol Graphics (Japan)|Miscellaneous|02DDE03E
Kyuukyoku Mahjong II (Japan)|Miscellaneous|E5B6B3E5
Mahjong Gakuen - Touma Soushirou Toujou (Japan)|Miscellaneous|F5B90D55
Mahjong Gakuen Mild - Touma Soushirou Toujou (Japan)|Miscellaneous|F4148600
Mahjong Gakuen Mild - Touma Soushirou Toujou (Japan) (Alt 1)|Miscellaneous|3E4D432A
Mahjong Gokuu Special (Japan)|Miscellaneous|F8861456
Mahjong Haouden - Kaiser's Quest (Japan)|Miscellaneous|DF10C895
Mahjong Shikaku Retsuden - Mahjong Wars (Japan)|Miscellaneous|6C34AAEA
Morita Shougi PC (Japan)|Miscellaneous|2546EFE0
PC Pachi-Slot Idol Gambler (Japan)|Miscellaneous|0AA88F33
Pachio-kun - Juuban Shoubu (Japan)|Miscellaneous|4148FD7C
Quiz Toukou Shashin (Japan)|Miscellaneous|F2E6856D
Sengoku Mahjong (Japan)|Miscellaneous|90E6BF49
Shanghai (Japan)|Miscellaneous|6923D736
Shougi Shodan Icchokusen (Japan)|Miscellaneous|23EC8970
Shougi Shoshinsha Muyou (Japan)|Miscellaneous|457F2BC4
Stratego (Japan)|Miscellaneous|727F4656
Super Momotarou Dentetsu (Japan)|Miscellaneous|3EB5304A
Super Momotarou Dentetsu II (Japan)|Miscellaneous|2BC023FC
Time Cruise (USA)|Miscellaneous|02C39660
Time Cruise II (Japan)|Miscellaneous|CFEC1D6A
Wai Wai Mahjong - Yukai na Janyuu-tachi (Japan)|Miscellaneous|A2A0776E
Yuu Yuu Jinsei - Victory Life (Japan)|Miscellaneous|C0905CA9
