Ayrton Senna's Super Monaco GP II (Japan, Europe) (En,Ja)|Racing / Driving|60AF0F76
Ayrton Senna's Super Monaco GP II (USA) (En,Ja)|Racing / Driving|EAC8DED6
Championship Pro-Am (USA)|Racing / Driving|B496DE28
Chase H.Q. II (USA)|Racing / Driving|F39E4BF2
Dashin' Desperadoes (USA)|Racing / Driving|DCB76FB7
Dashin' Desperadoes (USA) (Beta)|Racing / Driving|98D224A5
Double Clutch (Europe)|Racing / Driving|D98C623C
ESPN Speed World (USA)|Racing / Driving|F50BE478
ESPN Speed World (USA) (Beta)|Racing / Driving|AB12849A
F1 (Europe)|Racing / Driving|FBDD4520
F1 - World Championship Edition (Europe)|Racing / Driving|74CEE0A7
F1 - World Championship Edition (Europe) (Beta 1)|Racing / Driving|2269ED6B
F1 - World Championship Edition (Europe) (Beta 2)|Racing / Driving|5A72FCE8
F1 Circus MD (Japan)|Racing / Driving|5D30BEFB
Fastest 1 (Japan)|Racing / Driving|BB43F0DE
Ferrari Grand Prix Challenge (Europe) (Rev A)|Racing / Driving|250111DF
Ferrari Grand Prix Challenge (USA)|Racing / Driving|F73F6BEC
Formula One (USA)|Racing / Driving|CCD73738
Hard Drivin' (World)|Racing / Driving|3225BAAF
Junker's High (Japan) (Beta) [b]|Racing / Driving|23534949
Kawasaki Superbike Challenge (USA) (Beta)|Racing / Driving|55934D1B
Kawasaki Superbike Challenge (USA, Europe)|Racing / Driving|631CC8E9
Lotus II (USA) (Beta)|Racing / Driving|2997B7D4
Lotus II (USA, Europe)|Racing / Driving|1D8EE010
Lotus Turbo Challenge (USA, Europe)|Racing / Driving|A3CF6E9C
Mario Andretti Racing (USA, Europe)|Racing / Driving|7F1DC0AA
MegaTrax (Japan)|Racing / Driving|A0837741
Metal Fangs (Japan)|Racing / Driving|A8DF1C4C
Micro Machines (USA, Europe)|Racing / Driving|7FFBD1AD
Micro Machines (USA, Europe) (Alt 1)|Racing / Driving|E5CF560D
Micro Machines (USA, Europe) (MDMM ACD3)|Racing / Driving|50081A0B
Micro Machines 2 - Turbo Tournament (Europe) (J-Cart)|Racing / Driving|42BFB7EB
Micro Machines 2 - Turbo Tournament (Europe) (J-Cart) (Alt 1)|Racing / Driving|01C22A5D
Micro Machines Turbo Tournament 96 (Europe) (J-Cart)|Racing / Driving|7492B1DE
Micro Machines Turbo Tournament 96 (Europe) (v1.1) (J-Cart)|Racing / Driving|23319D0D
Nakajima Satoru Kanshuu - F-1 Grand Prix (Japan)|Racing / Driving|93BE47CF
Nakajima Satoru Kanshuu - F-1 Hero MD (Japan)|Racing / Driving|24F87987
Nakajima Satoru Kanshuu - F-1 Super License (Japan)|Racing / Driving|8774BC79
Newman Haas IndyCar featuring Nigel Mansell (World)|Racing / Driving|1233A229
Nigel Mansell's World Championship Racing (Europe)|Racing / Driving|3FE3D63B
Nigel Mansell's World Championship Racing (USA)|Racing / Driving|6BC57B2C
OutRun (Japan)|Racing / Driving|EE7D9F4A
OutRun (USA, Europe)|Racing / Driving|FDD9A8D2
OutRun (USA, Europe) (Sega Smash Pack)|Racing / Driving|E6821FB1
OutRun 2019 (Europe)|Racing / Driving|5CB3536A
OutRun 2019 (Japan)|Racing / Driving|0EAC7440
OutRun 2019 (USA)|Racing / Driving|E32E17E2
OutRun 2019 (USA) (Beta)|Racing / Driving|D2ECDDFA
OutRunners (Japan)|Racing / Driving|E164A09F
OutRunners (USA)|Racing / Driving|EDE636B9
Power Drive (Europe) (En,Fr,De,Es,Pt)|Racing / Driving|8C00AD61
Quad Challenge (USA)|Racing / Driving|74736A80
Race Drivin' (USA)|Racing / Driving|D737CF3D
Road Rash (Japan)|Racing / Driving|256A21D2
Road Rash (USA, Europe)|Racing / Driving|DEA53D19
Road Rash 3 (USA) (Alpha)|Racing / Driving|B6626083
Road Rash 3 (USA, Europe)|Racing / Driving|15785956
Road Rash II (Japan)|Racing / Driving|9A5723B6
Road Rash II (USA, Europe)|Racing / Driving|7B29C209
Road Rash II (USA, Europe) (v1.2)|Racing / Driving|0876E992
RoadBlasters (Japan)|Racing / Driving|A0015440
RoadBlasters (USA)|Racing / Driving|EC6CD5F0
Rock 'n' Roll Racing (Europe)|Racing / Driving|BC5A0562
Rock n' Roll Racing (USA)|Racing / Driving|6ABAB577
Street Racer (Europe)|Racing / Driving|1A58D5FE
Super H.Q. (Japan)|Racing / Driving|AB2C52B0
Super Hang-On (World) (En,Ja)|Racing / Driving|CB2201A3
Super Hang-On (World) (En,Ja) (Rev A)|Racing / Driving|3877D107
Super Hang-On (World) (Sega Smash Pack)|Racing / Driving|7E892199
Super Monaco GP (Japan) (En,Ja)|Racing / Driving|90F9BAB3
Super Monaco GP (Japan, Europe) (En,Ja)|Racing / Driving|B1823595
Super Monaco GP (Japan, Europe) (En,Ja) (Rev A)|Racing / Driving|BE91B28A
Super Monaco GP (USA) (En,Ja)|Racing / Driving|725018EE
Super Off Road (USA, Europe) (Unl)|Racing / Driving|8F2FDADA
Super Skidmarks (Europe) (Beta)|Racing / Driving|A61A0F0C
Super Skidmarks (Europe) (J-Cart)|Racing / Driving|4A9C62F9
Test Drive II - The Duel (USA, Europe) (Unl)|Racing / Driving|F9BDF8C5
Top Gear 2 (USA)|Racing / Driving|BD3074D2
Turbo OutRun (Japan, Europe)|Racing / Driving|0C661369
Virtua Racing (Europe)|Racing / Driving|9624D4EF
Virtua Racing (Japan)|Racing / Driving|53A293B5
Virtua Racing (USA)|Racing / Driving|7E1A324A
Wacky Races (USA) (Proto)|Racing / Driving|1B173F09
