Defenders of Oasis (USA, Europe)|RPG|E2791CC1
Defenders of Oasis (USA, Europe) (Beta)|RPG|C674ECCC
Dragon Crystal (USA, Europe)|RPG|0EF2ED93
Dragon Crystal - Tsurani no Meikyuu (Japan)|RPG|89F12E1E
Eternal Legend - Eien no Densetsu (Japan)|RPG|04302BBD
Fray - Shugyou Hen (Japan)|RPG|E123D9B8
Lunar - Sanposuru Gakuen (Japan)|RPG|58459EDD
Madou Monogatari A - Dokidoki Vacation (Japan)|RPG|7EC95282
Madou Monogatari I - 3-Tsu no Madoukyuu (Japan)|RPG|00C34D94
Madou Monogatari II - Arle 16-Sai (Japan)|RPG|12EB2287
Madou Monogatari III - Kyuukyoku Joou-sama (Japan)|RPG|0A634D79
Madou Monogatari III - Kyuukyoku Joou-sama (Japan) (Rev 1)|RPG|568F4825
Magic Knight Rayearth (Japan)|RPG|8F82A6B9
Megami Tensei Gaiden - Last Bible (Japan)|RPG|2E4EC17B
Megami Tensei Gaiden - Last Bible S (Japan)|RPG|4EC30806
Moldorian - Hikari to Yami no Sister (Japan)|RPG|4D5D15FB
Ninku (Japan)|RPG|C3056E15
Phantasy Star Gaiden (Japan)|RPG|A942514A
Shadam Crusader - Harukanaru Oukoku (Japan)|RPG|09F9ED60
Sylvan Tale (Japan)|RPG|45EF2062
