10 Super Jogos (Brazil)|Miscellaneous|C19AE368
6-Pak (USA)|Miscellaneous|1A6F45DC
Action 52 (USA) (Alt 1) (Unl)|Miscellaneous|8809D666
Action 52 (USA) (Unl)|Miscellaneous|29FF58AE
Aquatic Games Starring James Pond and the Aquabats, The (USA, Europe)|Miscellaneous|400F4BA7
Arcade Classics (USA, Europe)|Miscellaneous|8AED2090
Barbie Vacation Adventure (USA) (Proto)|Miscellaneous|10E0BA69
Blockbuster World Video Game Championship II (USA)|Miscellaneous|4385E366
Caesars Palace (USA)|Miscellaneous|8FDAA9BB
Chibi Maruko-chan - Wakuwaku Shopping (Japan)|Miscellaneous|91A144B8
Classic Collection (Europe)|Miscellaneous|73F948B1
Clue (USA)|Miscellaneous|7753A296
EA Sports Double Header (Europe)|Miscellaneous|A0B54CBC
Family Feud (USA)|Miscellaneous|1AA628B0
Fun 'n Games (Europe)|Miscellaneous|DA4AB3CD
Fun 'n' Games (USA)|Miscellaneous|B5AE351D
Funny World & Balloon Boy (USA) (Unl)|Miscellaneous|A82F05F0
GO-NET (Japan)|Miscellaneous|DB30F773
Gambler Jiko Chuushinha - Katayama Masayuki no Mahjong Doujou (Japan)|Miscellaneous|05650B7A
Janou Touryuumon (Japan)|Miscellaneous|B5EF97C6
Jantei Monogatari (Japan)|Miscellaneous|8A1B19AD
Jeopardy! (USA)|Miscellaneous|56CFF3F1
Jeopardy! - Deluxe Edition (USA)|Miscellaneous|25E2F9D2
Jeopardy! - Sports Edition (USA)|Miscellaneous|13F924D2
Ma Qiao E Mo Ta - Devilish Mahjong Tower (China) (Unl)|Miscellaneous|12E35994
Mahjong Cop Ryuu - Shiro Ookami no Yabou (Japan)|Miscellaneous|1CCBC782
Medal City (Japan) (SegaNet)|Miscellaneous|3EF4135D
Mega Games 2 (Europe)|Miscellaneous|30D59F2F
Mega Games 3 (Europe)|Miscellaneous|B4247D98
Mega Games 6 (Europe)|Miscellaneous|B66FB80D
Mega Games 6 Vol. 2 (Europe)|Miscellaneous|E8D10DB9
Mega Games I (Europe)|Miscellaneous|DB753224
Meng Huan Shui Guo Pan - 777 Casino (China) (Unl)|Miscellaneous|42DC03E4
Midway Presents Arcade's Greatest Hits (Europe)|Miscellaneous|C0DCE0E5
Monopoly (USA)|Miscellaneous|C10268DA
Monopoly (USA) (Beta)|Miscellaneous|DFBCC3FA
Pachinko Kuunyan (Japan)|Miscellaneous|9D137E7F
Party Quiz Mega Q (Japan)|Miscellaneous|9D4B447A
Puzzle & Action - Ichidanto-R (Japan)|Miscellaneous|7BDEC762
Puzzle & Action - Tanto-R (Japan)|Miscellaneous|D2D2D437
Riddle Wired (Japan) (SegaNet)|Miscellaneous|FAE3D720
Risk (USA)|Miscellaneous|80416D0D
Sansan (Japan)|Miscellaneous|5B85DEED
Scrabble (Europe) (Proto)|Miscellaneous|360B2610
Sega Sports 1 (Europe)|Miscellaneous|07FEDAF1
Shougi no Hoshi (Japan)|Miscellaneous|4148F816
Show do Milhao (Brazil)|Miscellaneous|0A22DF04
Show do Milhao Volume 2 (Brazil)|Miscellaneous|48EE66CB
Show do Milhao Volume 2 (Brazil) (Alt 1)|Miscellaneous|D8C9AC6D
Sonic Compilation (Europe)|Miscellaneous|8C70B84E
Sonic Compilation ~ Sonic Classics (World) (v1.1)|Miscellaneous|95B5E8D7
Tel-Tel Mahjong (Japan)|Miscellaneous|44817E92
Thomas the Tank Engine & Friends (USA)|Miscellaneous|1A406299
Wheel of Fortune (USA)|Miscellaneous|C8D8EFC3
Williams Arcade's Greatest Hits (USA)|Miscellaneous|D68E9C00
