Aztec Adventure - The Golden Road to Paradise (World)|Adventure|FF614EB3
Block Hole (Korea) (Unl)|Adventure|643B6B76
Cosmic Spacehead (Europe) (En,Fr,De,Es)|Adventure|29822980
Fantastic Dizzy (Europe) (En,Fr,De,Es,It)|Adventure|B9664AE1
High School! Kimengumi (Japan)|Adventure|9EB1AA4F
Hoshi wo Sagasite... (Japan)|Adventure|955A009E
Impossible Mission (Europe)|Adventure|64D6AF3B
Impossible Mission (Europe) (Beta)|Adventure|71C4CA8F
Jurassic Park (Europe)|Adventure|0667ED9F
King's Quest - Quest for the Crown (USA)|Adventure|F8D33BC4
King's Quest - Quest for the Crown (USA) (Beta)|Adventure|B7FE0A9D
Lord of Sword (Japan)|Adventure|AA7D6F45
Lord of the Sword (USA, Europe)|Adventure|E8511B08
Loretta no Shouzou (Japan)|Adventure|323F357F
Monica no Castelo do Dragao (Brazil)|Adventure|01D67C0B
Spider-Man vs. The Kingpin (USA, Europe)|Adventure|908FF25C
Sukeban Deka II - Shoujo Tekkamen Densetsu (Japan)|Adventure|B13DF647
Super Wonder Boy - Monster World (Japan)|Adventure|B1DA6A30
Turma da Monica em O Resgate (Brazil)|Adventure|22CCA9BB
Wonder Boy III - The Dragon's Trap (USA, Europe)|Adventure|679E1676
Wonder Boy in Monster Land (USA, Europe)|Adventure|8CBEF0C1
Wonder Boy in Monster Land (USA, Europe) (Beta)|Adventure|8312C429
