Ayrton Senna's Super Monaco GP II (Japan)|Racing / Driving|661FAEFF
Ayrton Senna's Super Monaco GP II (USA, Europe)|Racing / Driving|1D1B1DD3
Ayrton Senna's Super Monaco GP II (USA, Europe) (Beta)|Racing / Driving|6AFB8EC6
F1 (USA, Europe)|Racing / Driving|D0A93E00
F1 - World Championship Edition (Europe)|Racing / Driving|107092D0
GP Rider (Japan)|Racing / Driving|7A26EC6A
GP Rider (USA, Europe)|Racing / Driving|876E9B72
Kawasaki Superbike Challenge (USA, Europe)|Racing / Driving|23F9150A
Micro Machines (Europe)|Racing / Driving|F7C524F6
Micro Machines 2 - Turbo Tournament (Europe)|Racing / Driving|DBE8895C
Monster Truck Wars (USA, Europe)|Racing / Driving|453C5CEC
Out Run (Europe)|Racing / Driving|9014B322
Out Run (Japan)|Racing / Driving|D58CB27C
Out Run Europa (Europe)|Racing / Driving|01EAB89D
Out Run Europa (USA)|Racing / Driving|F037EC00
Power Drive (Europe)|Racing / Driving|AC369AE3
R.C. Grand Prix (USA, Europe)|Racing / Driving|56201996
Road Rash (Europe)|Racing / Driving|176505D4
Road Rash (USA)|Racing / Driving|96045F76
Sonic Drift (Japan)|Racing / Driving|68F0A776
Sonic Drift (Japan) (Sample)|Racing / Driving|BAAC1FC0
Sonic Drift 2 (Japan, USA)|Racing / Driving|D6E8A305
Super Monaco GP (Japan)|Racing / Driving|4F686C4A
Super Monaco GP (USA, Europe)|Racing / Driving|FCF12547
Super Off Road (USA, Europe)|Racing / Driving|E8B42B1F
Taito Chase H.Q. (Japan)|Racing / Driving|7BB81E3D
Taito Chase H.Q. (USA)|Racing / Driving|C8381DEF
