20 em 1 (Brazil)|Miscellaneous|F0F35C22
4 PAK All Action (Australia) (Unl)|Miscellaneous|A67F2A5C
94 Super World Cup Soccer (Korea)|Sports|060D6A7C
Ace of Aces (Europe)|Simulation|887D9F6B
Action Fighter (Japan, Europe) (Rev 1)|Shooter|D91B340D
Action Fighter (USA, Europe) (Rev 2)|Shooter|3658F3E0
Addams Family, The (Europe)|Platform|72420F38
Aerial Assault (Europe)|Shooter|ECF491CF
Aerial Assault (USA)|Shooter|15576613
After Burner (World)|Simulation|1C951F8E
Agigongnyong Dooly (Korea) (Unl)|Shooter|4F1BE9FA
Air Rescue (Europe)|Shooter|8B43D21D
Aladdin (Europe)|Miscellaneous|C8718D40
Aleste (Japan)|Shooter|D8C4165B
Alex Kidd - High-Tech World (USA, Europe)|Platform|013C0A94
Alex Kidd - The Lost Stars (World)|Platform|C13896D5
Alex Kidd in Miracle World (USA, Europe)|Platform|17A40E29
Alex Kidd in Miracle World (USA, Europe) (Rev 1)|Platform|AED9AAC4
Alex Kidd in Shinobi World (USA, Europe)|Platform|D2417ED7
Alex Kidd no Miracle World (Japan)|Platform|08C9EC91
Alf (USA)|Action|82038AD4
Alien 3 (Europe)|Platform|B618B144
Alien Storm (Europe)|Action|7F30F793
Alien Syndrome (Japan)|Shooter|4CC11DF9
Alien Syndrome (USA, Europe)|Shooter|5CBFE997
Alien Syndrome (Unknown) (Beta)|Shooter|C148868C
Altered Beast (USA, Europe)|Action|BBA2FE98
American Baseball (Europe)|Sports|7B27202F
American Pro Football (Europe)|Sports|3727D8B2
Ancient Ys Vanished Omen (USA) (Demo)|RPG|E8B82066
Andre Agassi Tennis (Europe)|Sports|F499034D
Anmitsu Hime (Japan)|Platform|FFF63B0B
Arcade Smash Hits (Europe)|Miscellaneous|E4163163
Argos no Juujiken (Japan)|Platform|BAE75805
Ariel - The Little Mermaid (Brazil)|Platform|F4B3A7BD
Ashura (Japan)|Shooter|AE705699
Assault City (Europe)|Shooter|0BD8DA96
Assault City (Europe) (Light Phaser)|Shooter|861B6E79
Asterix (Europe) (En,Fr)|Platform|147E02FA
Asterix (Europe) (En,Fr) (Rev 1)|Platform|8C9D5BE8
Asterix and the Great Rescue (Europe) (En,Fr,De,Es,It)|Platform|F9B7D26B
Asterix and the Secret Mission (Europe) (En,Fr,De)|Platform|DEF9B14E
Astro Flash (Japan)|Shooter|C795182D
Astro Warrior & Pit Pot (Europe)|Miscellaneous|69EFD483
Astro Warrior (Japan, USA)|Shooter|299CBB74
Ayrton Senna's Super Monaco GP II (Europe)|Racing / Driving|E890331D
Aztec Adventure - The Golden Road to Paradise (World)|Adventure|FF614EB3
Back to the Future Part II (Europe)|Action|E5FF50D8
Back to the Future Part III (Europe)|Action|2D48C1D3
Baku Baku Animal (Brazil)|Puzzle|35D84DC2
Bank Panic (Europe)|Shooter|655FB1F4
Basket Ball Nightmare (Europe)|Sports|0DF8597F
Batman Returns (Europe)|Action|B154EC38
Battle Out Run (Europe)|Racing / Driving|C19430CE
Battlemaniacs (Brazil)|Action|1CBB7BF1
Black Belt (USA, Europe)|Action|DA3A2F57
Blade Eagle (World)|Shooter|8ECD201C
Blade Eagle (World) (Beta)|Shooter|58D5FC48
Block Hole (Korea) (Unl)|Adventure|643B6B76
Bobble Bobble (Korea)|Platform|25EB9F80
Bomber Raid (World)|Shooter|3084CF11
Bonanza Bros. (Europe)|Action|CAEA8002
Bonkers Wax Up! (Brazil)|Platform|B3768A7A
Bram Stoker's Dracula (Europe)|Platform|1B10A951
Bubble Bobble (Europe)|Platform|E843BA7E
Buggy Run (Europe)|Racing / Driving|B0FC4577
California Games (USA, Europe)|Sports|AC6009A7
California Games II (Brazil, Korea)|Sports|45C50294
California Games II (Europe)|Sports|C0E25D62
Captain Silver (Japan, Europe)|Platform|A4852757
Captain Silver (USA)|Platform|B81F6FA5
Casino Games (USA, Europe)|Miscellaneous|3CFF6E80
Castelo Ra-Tim-Bum (Brazil)|Educational|31FFD7C3
Castle of Illusion Starring Mickey Mouse (Europe)|Platform|953F42E1
Castle of Illusion Starring Mickey Mouse (USA)|Platform|B9DB4282
Castle of Illusion Starring Mickey Mouse (Unknown) (Sample)|Platform|BD610939
Champions of Europe (Europe)|Sports|23163A12
Championship Hockey (Europe)|Sports|7E5839A0
Chapolim x Dracula - Um Duelo Assustador (Brazil)|Platform|492C7C6E
Cheese Cat-astrophe Starring Speedy Gonzales (Europe) (En,Fr,De,Es)|Platform|46340C41
Choplifter (Japan) (Proto)|Shooter|16EC3575
Choplifter (USA) (Beta)|Shooter|FD981232
Choplifter (USA, Europe)|Shooter|4A21C15F
Chouon Senshi Borgman (Japan)|Action|E421E466
Chouon Senshi Borgman (Japan) (Beta)|Action|86F49AE9
Chuck Rock (Europe)|Platform|DD0E2927
Chuck Rock II - Son of Chuck (Brazil)|Platform|87783C04
Chuck Rock II - Son of Chuck (Europe)|Platform|C30E690A
Circuit, The (Japan)|Racing / Driving|8FB75994
Cloud Master (USA, Europe)|Shooter|E7F62E6D
Columns (USA, Europe)|Puzzle|665FDA92
Columns (USA, Europe) (Beta)|Puzzle|3FB40043
Comical Machine Gun Joe (Japan)|Shooter|9D549E08
Comical Machine Gun Joe (Taiwan)|Shooter|84AD5AE4
Cool Spot (Europe)|Platform|13AC9023
Cosmic Spacehead (Europe) (En,Fr,De,Es)|Adventure|29822980
Cyber Shinobi, The (Europe)|Platform|1350E4F8
Cyber Shinobi, The (Unknown) (Beta)|Platform|DAC00A3A
Cyborg Hunter (USA, Europe)|Action|908E7524
Cyborg Z (Korea)|Shooter|77EFE84A
Daffy Duck in Hollywood (Europe) (En,Fr,De,Es,It)|Platform|71ABEF27
Dallyeora Pigu-Wang (Korea) (Unl)|Sports|89B79E77
Danan - The Jungle Fighter (Europe)|Platform|AE4A28D7
Dead Angle (USA, Europe)|Shooter|E2F7193E
Deep Duck Trouble Starring Donald Duck (Europe)|Platform|42FC3A6E
Desert Speedtrap Starring Road Runner and Wile E. Coyote (Europe) (En,Fr,De,Es,It)|Platform|B137007A
Desert Strike (Europe) (En,Fr,De,Es)|Action|6C1433F9
Dick Tracy (USA, Europe)|Action|F6FAB48D
Dinobasher Starring Bignose the Caveman (Europe) (Proto)|Platform|EA5C3A6F
Dinosaur Dooley, The (Korea) (Unl)|Shooter|32F4B791
Doki Doki Penguin Land - Uchuu Daibouken (Japan)|Puzzle|2BCDB8FA
Doki Doki Penguin Land - Uchuu-Daibouken (Japan) (Beta)|Puzzle|56BD2455
Double Dragon (World)|Action|A55D89F3
Double Hawk (Europe)|Shooter|8370F6CD
Double Hawk (Europe) (Beta)|Shooter|F76D5CEE
Double Target - Cynthia no Nemuri (Japan)|Platform|52B83072
Dr. Robotnik's Mean Bean Machine (Europe)|Puzzle|6C696221
Dragon - The Bruce Lee Story (Europe)|Platform|C88A5064
Dragon Crystal (Europe)|RPG|9549FCE4
Dynamite Duke (Europe)|Shooter|07306947
Dynamite Dux (Europe)|Action|0E1CC1E0
Dynamite Headdy (Brazil)|Platform|7DB5B0FA
E-SWAT - City Under Siege (USA, Europe) (Easy Version)|Platform|C4BB1676
E-SWAT - City Under Siege (USA, Europe) (Hard Version)|Platform|C10FCE39
Earthworm Jim (Brazil)|Platform|C4D5EFC5
Ecco - The Tides of Time (Brazil)|Platform|7C28703A
Ecco the Dolphin (Europe)|Platform|6687FAB9
Enduro Racer (Japan)|Racing / Driving|5D5C50B3
Enduro Racer (USA, Europe)|Racing / Driving|00E73541
Excellent Dizzy Collection, The (USA, Europe) (En,Fr,De,Es,It) (Proto)|Miscellaneous|8813514B
F-1 Spirit - The Way to Formula-1 (Korea) (Unl) (Pirate)|Racing / Driving|06965ED9
F-16 Fighter (USA, Europe)|Simulation|EAEBF323
F-16 Fighting Falcon (Japan)|Simulation|7CE06FCE
F-16 Fighting Falcon (Taiwan)|Simulation|C4C53226
F-16 Fighting Falcon (USA)|Simulation|184C23B7
F1 (Europe)|Racing / Driving|EC788661
FA Tetris (Korea) (Pirate)|Puzzle|17AB6883
FIFA International Soccer (Brazil) (En,Es,Pt)|Sports|9BB3B5F9
Family Games (Japan)|Miscellaneous|7ABC70E9
Fantastic Dizzy (Europe) (En,Fr,De,Es,It)|Adventure|B9664AE1
Fantasy Zone (Japan)|Shooter|0FFBCAA3
Fantasy Zone (Taiwan)|Shooter|5FD48352
Fantasy Zone (World) (Rev 1) (Beta)|Shooter|F46264FE
Fantasy Zone (World) (Rev 2)|Shooter|65D7E4E0
Fantasy Zone - The Maze (USA, Europe)|Action|D29889AD
Fantasy Zone II - Opa-Opa no Namida (Japan)|Shooter|C722FB42
Fantasy Zone II - The Tears of Opa-Opa (USA, Europe)|Shooter|B8B141F9
Ferias Frustradas do Pica Pau (Brazil)|Platform|BF6C2E37
Final Bubble Bobble (Japan)|Platform|3EBB7457
Fire & Forget II (Europe)|Simulation|F6AD7B1D
Fire & Ice (Brazil)|Platform|8B24A640
Flash, The (Europe)|Platform|BE31D63F
Flashpoint (Korea) (Unl)|Puzzle|61E8806F
Flintstones, The (Europe)|Action|CA5C78A5
Forgotten Worlds (Europe)|Shooter|38C53916
Fushigi no Oshiro Pit Pot (Japan)|Puzzle|E6795C53
G-LOC Air Battle (Europe)|Simulation|05CDC24E
GP Rider (Europe)|Racing / Driving|EC2DA554
Gaegujangi Ggachi (Korea) (Unl)|Platform|8B40F6BF
Gain Ground (Europe)|Action|3EC5E627
Gain Ground (Europe) (Beta)|Action|D40D03C7
Galactic Protector (Japan)|Shooter|A6FA42D0
Galaxy Force (Europe)|Shooter|A4AC35D8
Galaxy Force (USA)|Shooter|6C827520
Game Box Serie Esportes Radicais (Brazil)|Sports|1890F407
Gangcheol RoboCop (Korea) (Unl)|Platform|AD522EFD
Gangster Town (USA, Europe)|Shooter|5FC74D2A
Gauntlet (Europe)|Action|D9190956
George Foreman's KO Boxing (Europe)|Sports|A64898CE
Geraldinho (Brazil)|Platform|956C416B
Ghost House (Japan)|Platform|C0F3CE7E
Ghost House (USA, Europe)|Platform|F1F8FF2D
Ghost House (USA, Europe) (Beta)|Platform|C3E7C1ED
Ghostbusters (USA, Europe)|Platform|1DDC3059
Ghouls'n Ghosts (USA, Europe)|Platform|7A92EBA6
Ghouls'n Ghosts (Unknown) (Sample)|Platform|96CA6902
Global Defense (USA, Europe)|Shooter|B746A6F5
Global Defense (USA, Europe) (Beta)|Shooter|91A0FC4E
Gokuaku Doumei Dump Matsumoto (Japan)|Sports|A249FA9D
Golden Axe (USA, Europe)|Action|C08132FB
Golden Axe Warrior (USA, Europe)|RPG|C7DED988
Golfamania (Europe)|Sports|48651325
Golfamania (Europe) (Beta)|Sports|5DABFDC3
Golvellius (USA, Europe)|RPG|A51376FE
Great Baseball (Japan)|Sports|89E98A7C
Great Baseball (USA, Europe)|Sports|10ED6B57
Great Basketball (World)|Sports|2AC001EB
Great Football (World)|Sports|2055825F
Great Golf (Japan)|Sports|6586BD1F
Great Golf (Korea)|Sports|5DEF1BF5
Great Golf (World)|Sports|98E4AE4A
Great Golf (World) (Beta)|Sports|4847BC91
Great Ice Hockey (Japan, USA)|Sports|0CB7E21F
Great Soccer (Europe)|Sports|0ED170C9
Great Soccer (Japan)|Sports|2D7FD7EF
Great Soccer (Taiwan)|Sports|84665648
Great Tennis (Japan)|Sports|95CBF3DD
Great Volleyball (Japan)|Sports|6819B0C0
Great Volleyball (USA, Europe)|Sports|8D43EA95
Haja no Fuuin (Japan)|RPG|B9FDF6D9
Hang-On & Astro Warrior (USA)|Miscellaneous|1C5059F0
Hang-On & Safari Hunt (USA)|Miscellaneous|E167A561
Hang-On & Safari Hunt (USA) (Beta)|Miscellaneous|A120B77F
Hang-On (Europe)|Racing / Driving|071B045E
Hang-On (Japan)|Racing / Driving|5C01ADF9
Heavyweight Champ (Europe)|Sports|FDAB876A
Heroes of the Lance (Europe)|RPG|CDE13FFB
High School! Kimengumi (Japan)|Adventure|9EB1AA4F
Hokuto no Ken (Japan)|Action|24F5FE8C
Hokuto no Ken (Taiwan)|Action|C4AB363D
Home Alone (Europe)|Action|C9DBF936
Hook (Europe) (Proto)|Platform|9CED34A7
Hoshi wo Sagasite... (Japan)|Adventure|955A009E
Hwarang Ui Geom (Korea)|Platform|E4B7C56A
Impossible Mission (Europe)|Adventure|64D6AF3B
Impossible Mission (Europe) (Beta)|Adventure|71C4CA8F
Incredible Crash Dummies, The (Europe)|Platform|B4584DDE
Incredible Hulk, The (Europe)|Platform|BE9A7071
Incredible Hulk, The (Europe)|Platform|BE9A7071
Indiana Jones and the Last Crusade (Europe)|Platform|8AEB574B
Indiana Jones and the Last Crusade (Europe) (Beta)|Platform|ACEC894D
James 'Buster' Douglas Knockout Boxing (USA)|Sports|6A664405
James 'Buster' Douglas Knockout Boxing (USA) (Beta)|Sports|CFB4BD7B
James Bond 007 - The Duel (Brazil)|Platform|8FEFF688
James Bond 007 - The Duel (Europe)|Platform|8D23587F
James Pond 2 - Codename RoboCod (Europe)|Platform|102D5FEA
James Pond 2 - Codename RoboCod (Europe)|Platform|102D5FEA
Janggun-ui Adeul (Korea)|Fighting|192949D5
Joe Montana Football (USA, Europe)|Sports|0A9089E5
Jungle Book, The (Europe)|Platform|695A9A15
Jurassic Park (Europe)|Adventure|0667ED9F
Kenseiden (Japan)|Platform|05EA5353
Kenseiden (USA, Europe)|Platform|516ED32E
King's Quest - Quest for the Crown (USA)|Adventure|F8D33BC4
King's Quest - Quest for the Crown (USA) (Beta)|Adventure|B7FE0A9D
Klax (Europe)|Puzzle|2B435FD6
Krusty's Fun House (Europe)|Puzzle|64A585EB
Kujaku Ou (Japan)|RPG|D11D32E4
Kung Fu Kid (USA, Europe)|Platform|1E949D1F
Land of Illusion Starring Mickey Mouse (Europe)|Platform|24E97200
Laser Ghost (Europe)|Shooter|0CA95637
Legend of Illusion Starring Mickey Mouse (Brazil)|Platform|6350E649
Lemmings (Europe)|Puzzle|F369B2D8
Lemmings (Europe) (Beta)|Puzzle|2C61ED88
Lemmings 2 - The Tribes (Unknown) (Proto)|Puzzle|CF5AECCA
Line of Fire (Europe)|Shooter|CB09F355
Lion King, The (Europe)|Platform|C352C7EB
Lord of Sword (Japan)|Adventure|AA7D6F45
Lord of the Sword (USA, Europe)|Adventure|E8511B08
Loretta no Shouzou (Japan)|Adventure|323F357F
Lucky Dime Caper Starring Donald Duck, The (Europe)|Platform|A1710F13
Lucky Dime Caper Starring Donald Duck, The (Europe) (Beta)|Platform|7F6D0DF6
Mahjong Sengoku Jidai (Japan)|Miscellaneous|BCFBFC67
Mahjong Sengoku Jidai (Japan) (Beta)|Miscellaneous|996B2A07
Makai Retsuden (Japan)|Platform|CA860451
Maou Golvellius (Japan)|RPG|BF0411AD
Maou Golvellius (Japan) (Beta)|RPG|21A21352
Marble Madness (Europe)|Puzzle|BF6F3E5F
Marksman Shooting & Trap Shooting & Safari Hunt (Europe)|Miscellaneous|E8215C2E
Marksman Shooting & Trap Shooting (USA)|Shooter|E8EA842C
Master of Darkness (Europe)|Platform|96FB4D4B
Masters of Combat (Europe)|Fighting|93141463
Maze Hunter 3-D (USA, Europe)|Action|31B8040B
Maze Walker (Japan)|Action|871562B0
Megumi Rescue (Japan)|Action|29BC7FAD
Mercs (Europe)|Shooter|D7416B83
Michael Jackson's Moonwalker (USA, Europe)|Platform|56CC906B
Michael Jackson's Moonwalker (USA, Europe) (Beta)|Platform|54123936
Mick & Mack as the Global Gladiators (Europe)|Platform|B67CEB76
Mickey's Ultimate Challenge (Brazil)|Puzzle|25051DD5
Micro Machines (Europe)|Racing / Driving|A577CE46
Miracle Warriors - Seal of the Dark Lord (USA, Europe)|RPG|0E333B6E
Miracle Warriors - Seal of the Dark Lord (USA, Europe) (Beta)|RPG|301A59AA
Missile Defense 3-D (USA, Europe)|Shooter|FBE5CFBB
Monica no Castelo do Dragao (Brazil)|Adventure|01D67C0B
Monopoly (Europe)|Miscellaneous|026D94A4
Monopoly (USA)|Miscellaneous|69538469
Monopoly (Unknown) (Beta)|Miscellaneous|7E9D87FC
Montezuma's Revenge featuring Panama Joe (USA)|Platform|82FDA895
Montezuma's Revenge featuring Panama Joe (USA) (Beta)|Platform|575D0FCF
Mortal Kombat (Europe)|Fighting|302DC686
Mortal Kombat 3 (Brazil)|Fighting|395AE757
Mortal Kombat II (Europe)|Fighting|2663BF18
Ms. Pac-Man (Europe)|Action|3CD816C6
My Hero (USA, Europe)|Action|62F0C23D
NBA Jam (Europe) (Proto)|Sports|332A847D
Nekkyuu Koushien (Japan)|Sports|5B5F9106
Nemesis 2 (Korea)|Shooter|0A77FA5E
New Zealand Story, The (Europe)|Platform|C660FF34
Ninja (Japan)|Shooter|320313EC
Ninja Gaiden (Europe)|Platform|1B1D8CC2
Ninja Gaiden (Europe) (Beta)|Platform|761E9396
Ninja, The (USA, Europe)|Shooter|66A15BD9
Olympic Gold (Europe) (En,Fr,De,Es,It,Nl,Pt,Sv)|Sports|6A5A1E39
Olympic Gold (Korea) (En,Fr,De,Es,It,Nl,Pt,Sv)|Sports|D1A7B1AA
Opa Opa (Japan)|Action|BEA27D5C
Operation Wolf (Europe)|Shooter|205CAAE8
Ottifants, The (Europe) (En,Fr,De,Es,It)|Platform|82EF2A7D
Out Run (World)|Racing / Driving|5589D8D2
Out Run 3-D (Europe)|Racing / Driving|D6F43DDA
Out Run Europa (Europe)|Racing / Driving|3932ADBC
PGA Tour Golf (Europe)|Sports|95B9EA95
Pac-Mania (Europe)|Action|BE57A9A5
Paperboy (Europe)|Action|294E0759
Paperboy (USA)|Action|327A0B4C
Parlour Games (USA, Europe)|Miscellaneous|E030E66C
Pat Riley Basketball (USA) (Proto)|Sports|9AEFE664
Penguin Adventure (Korea) (Unl) (Pirate)|Action|445525E2
Penguin Land (USA, Europe)|Puzzle|F97E9875
Phantasy Star (Brazil)|RPG|75971BEF
Phantasy Star (Japan)|RPG|6605D36A
Phantasy Star (Korea)|RPG|747E83B5
Phantasy Star (USA, Europe) (Rev 2)|RPG|E4A65E79
Phantasy Star (USA, Europe) (Rev 3)|RPG|00BEF1D7
Pit Fighter (Brazil)|Fighting|AA4D4B5A
Pit Fighter (Europe)|Fighting|B840A446
Populous (Europe)|Strategy|C7A1FDEF
Poseidon Wars 3-D (USA, Europe)|Shooter|ABD48AD2
Power Strike (USA, Europe)|Shooter|4077EFD9
Power Strike II (Europe)|Shooter|A109A6FE
Predator 2 (Brazil)|Shooter|2B54C82B
Predator 2 (Europe)|Shooter|0047B615
Prince of Persia (Europe)|Platform|7704287D
Pro Wrestling (USA, Europe)|Sports|FBDE42D3
Pro Yakyuu Pennant Race, The (Japan)|Sports|DA9BE8F0
Promocao Especial M. System III Compact (Brazil) (Sample)|RPG|30AF0233
Psychic World (Europe)|Action|5C0B1F0F
Psycho Fox (USA, Europe)|Platform|97993479
Putt & Putter (Europe)|Sports|357D4F78
Putt & Putter (Europe) (Beta)|Sports|8167CCC4
Quartet (USA, Europe)|Platform|E0F34FA6
Quest for the Shaven Yak Starring Ren Hoek & Stimpy (Brazil)|Platform|F42E145C
R-Type (Unknown) (Beta)|Shooter|0D0840D5
R-Type (World)|Shooter|BB54B6B0
R.C. Grand Prix (USA, Europe)|Racing / Driving|54316FEA
R.C. Grand Prix (USA, Europe) (Beta)|Racing / Driving|767F11B8
Rainbow Islands - Story of the Bubble Bobble 2 (Europe)|Platform|C172A22C
Rainbow Islands - The Story of Bubble Bobble 2 (Brazil)|Platform|00EC173A
Rambo - First Blood Part II (USA)|Shooter|BBDA65F0
Rambo III (USA, Europe)|Shooter|DA5A7013
Rampage (USA, Europe)|Action|42FC47EE
Rampart (Europe)|Action|426E5C8A
Rastan (USA, Europe)|Action|C547EB1B
Reggie Jackson Baseball (USA)|Sports|6D94BB0E
Renegade (Europe)|Action|3BE7F641
Rescue Mission (USA, Europe)|Shooter|79AC8E7F
Road Rash (Europe)|Racing / Driving|B876FC74
RoboCop 3 (Europe)|Platform|9F951756
RoboCop versus The Terminator (Europe)|Platform|8212B754
Rocky (World)|Sports|1BCC7BE3
Running Battle (Europe)|Action|1FDAE719
SDI (Japan)|Shooter|1DE2C2D0
Sagaia (Europe)|Shooter|66388128
Sapo Xule - O Mestre do Kung Fu (Brazil)|Platform|890E83E4
Sapo Xule - S.O.S Lagoa Poluida (Brazil)|Shooter|7AB2946A
Sapo Xule vs. Os Invasores do Brejo (Brazil)|Platform|9A608327
Satellite 7 (Japan)|Shooter|16249E19
Schtroumpfs Autour du Monde, Les (Europe) (En,Fr,De,Es)|Platform|97E5BB7D
Schtroumpfs Autour du Monde, Les (Europe) (En,Fr,De,Es) (Beta)|Platform|7982AE67
Scramble Spirits (Europe)|Shooter|9A8B28EC
Secret Command (Europe)|Shooter|00529114
Sega Chess (Europe)|Miscellaneous|A8061AEF
Sega World Tournament Golf (Europe)|Sports|296879DD
Seishun Scandal (Japan)|Action|F0BA2BC6
Sensible Soccer (Europe)|Sports|F8176918
Shadow Dancer (Europe)|Platform|3793C01A
Shadow of the Beast (Europe)|Platform|1575581D
Shanghai (USA, Europe)|Puzzle|AAB67EC3
Shanghai (USA, Europe) (Beta)|Puzzle|D5D25156
Shinobi (Japan)|Platform|E1FFF1BB
Shinobi (USA, Europe)|Platform|0C6FAC4E
Shooting Gallery (USA, Europe)|Shooter|4B051022
Simpsons, The - Bart vs. the Space Mutants (Europe)|Platform|D1CC08EE
Simpsons, The - Bart vs. the World (Europe)|Action|F6B2370A
Sitio do Picapau Amarelo (Brazil)|Platform|ABDF3923
Slap Shot (Europe)|Sports|C93BD0E9
Slap Shot (Europe) (Rev 1)|Sports|D33B296A
Slap Shot (USA)|Sports|702C3E98
Slap Shot (Unknown) (Beta)|Sports|FBB0A92A
Smurfs, The (Europe) (En,Fr,De,Es)|Platform|3E63768A
Solomon no Kagi - Oujo Rihita no Namida (Japan)|Puzzle|11645549
Sonic Blast (Brazil)|Platform|96B3F29E
Sonic Chaos (Europe)|Platform|AEDF3BDF
Sonic The Hedgehog (USA, Europe)|Platform|B519E833
Sonic The Hedgehog 2 (Europe)|Platform|5B3B922C
Sonic The Hedgehog 2 (Europe) (Rev 1)|Platform|D6F2BFCA
Sonic The Hedgehog Spinball (Europe)|Puzzle|11C1BC8A
Sonic's Edusoft (Unknown) (Proto)|Educational|D9096263
Space Gun (Europe)|Shooter|A908CFF5
Space Harrier (Europe)|Shooter|CA1D3752
Space Harrier (Japan, USA)|Shooter|BEDDF80E
Space Harrier 3-D (USA, Europe)|Shooter|6BD5C2BF
Space Harrier 3D (Japan)|Shooter|156948F9
Special Criminal Investigation (Europe)|Racing / Driving|FA8E4CA0
Special Criminal Investigation (Europe) (Beta)|Racing / Driving|1B7D2A20
Speedball (Europe) (Image Works)|Sports|A57CAD18
Speedball (Europe) (Image Works)|Sports|A57CAD18
Speedball (Europe) (Virgin)|Sports|5CCC1A65
Speedball (Europe) (Virgin)|Sports|5CCC1A65
Speedball 2 (Europe)|Sports|0C7366A0
SpellCaster (USA, Europe)|RPG|4752CAE7
Spider-Man - Return of the Sinister Six (Europe)|Platform|EBE45388
Spider-Man vs. The Kingpin (USA, Europe)|Adventure|908FF25C
Sports Pad Football (USA)|Sports|E42E4998
Sports Pad Soccer (Japan)|Sports|41C948BF
Spy vs Spy (Japan)|Action|D41B9A08
Spy vs Spy (Taiwan)|Action|689F58A2
Spy vs. Spy (USA, Europe)|Action|78D7FAAB
Star Wars (Europe)|Platform|D4B8F66D
Street Fighter II (Brazil)|Fighting|0F8287EC
Street Master (Korea) (Unl)|Fighting|83F0EEDE
Streets of Rage (Europe)|Action|4AB3790F
Streets of Rage II (Europe)|Action|04E9C089
Strider (USA, Europe)|Platform|9802ED31
Strider (Unknown) (Demo)|Platform|B990269A
Strider II (Europe)|Platform|B8F0915A
Submarine Attack (Europe)|Action|D8F2F1B9
Suho Cheonsa (Korea) (Unl)|Puzzle|01686D67
Sukeban Deka II - Shoujo Tekkamen Densetsu (Japan)|Adventure|B13DF647
Summer Games (Europe)|Sports|8DA5C93F
Summer Games (Europe) (Beta)|Sports|80EB1FFF
Super Bubble Bobble (Korea) (Unl)|Platform|22C09CFD
Super Golf (Europe) (Beta)|Sports|7F7B568D
Super Kick Off (Europe) (En,Fr,De,Es,It,Nl,Pt,Sv)|Sports|406AA0C2
Super Monaco GP (Europe)|Racing / Driving|55BF81A0
Super Monaco GP (USA)|Racing / Driving|3EF12BAA
Super Monaco GP (USA) (Beta 1)|Racing / Driving|A1D6D963
Super Monaco GP (USA) (Beta 2)|Racing / Driving|DD7ADBCC
Super Off Road (Europe)|Racing / Driving|54F68C2A
Super Racing (Japan)|Racing / Driving|7E0EF8CB
Super Smash T.V. (Europe)|Shooter|E0B1AFF8
Super Space Invaders (Europe)|Shooter|1D6244EE
Super Tennis (USA, Europe)|Sports|914514E3
Super Tetris (Korea) (Pirate)|Sports|BD1CC7DF
Super Wonder Boy (Japan, Europe)|Platform|E2FCB6F3
Super Wonder Boy - Monster World (Japan)|Adventure|B1DA6A30
Superman - The Man of Steel (Europe)|Action|6F9AC98F
T2 - The Arcade Game (Europe)|Shooter|93CA8152
TV Colosso (Brazil)|Platform|E1714A88
Taito Chase H.Q. (Europe)|Racing / Driving|85CFC9C9
Taz in Escape from Mars (Brazil)|Platform|11CE074C
Taz-Mania (Europe)|Platform|7CC3E837
Taz-Mania (Europe) (Beta)|Platform|1B312E04
Tecmo World Cup '92 (Europe) (Beta)|Sports|96E75F48
Tecmo World Cup '93 (Europe)|Sports|5A1C3DDE
Teddy Boy (USA, Europe)|Platform|2728FAA3
Teddy Boy Blues (Japan)|Platform|316727DD
Teddy Boy Blues (Japan) (Proto) (Ep-MyCard)|Platform|D7508041
Tennis Ace (Europe)|Sports|1A390B93
Tensai Bakabon (Japan)|Action|8132AB2C
Terminator 2 - Judgment Day (Europe)|Action|AC56104F
Terminator, The (Brazil)|Platform|E3D5CE9A
Terminator, The (Europe)|Platform|EDC5C012
Three Dragon Story, The (Korea) (Unl)|Shooter|8640E7E8
Thunder Blade (Japan)|Shooter|C0CE19B1
Thunder Blade (USA, Europe)|Shooter|AE920E4B
Time Soldiers (USA, Europe)|Shooter|51BD14BE
Tom & Jerry (Europe) (Beta)|Platform|0C2FC2DE
Tom and Jerry - The Movie (Europe)|Platform|BF7B7285
Toto World 3 (Korea) (Unl)|Platform|4F8D75EC
TransBot (USA) (Beta)|Shooter|58B99750
TransBot (USA, Europe)|Shooter|4BC42857
Trivial Pursuit - Genus Edition (Europe) (En,Fr,De,Es)|Miscellaneous|E5374022
Ttoriui Moheom (Korea)|Action|178801D2
Turma da Monica em O Resgate (Brazil)|Adventure|22CCA9BB
Ultima IV - Quest of the Avatar (Europe)|RPG|B52D60C8
Ultima IV - Quest of the Avatar (Europe) (Beta)|RPG|DE9F8517
Ultimate Soccer (Europe) (En,Fr,De,Es,It)|Sports|15668CA4
Vampire (Europe) (Beta)|Platform|20F40CAE
Vigilante (USA, Europe)|Action|DFB0B161
Virtua Fighter Animation (Brazil)|Fighting|57F1545B
WWF Wrestlemania - Steel Cage Challenge (Europe)|Sports|2DB21448
Walter Payton Football (USA)|Sports|3D55759B
Wanted (USA, Europe)|Shooter|5359762D
Where in the World is Carmen Sandiego (Brazil)|Puzzle|88AA8CA6
Where in the World is Carmen Sandiego (USA)|Puzzle|428B1E7C
Wimbledon (Europe)|Sports|912D92AF
Wimbledon II (Europe)|Sports|7F3AFE58
Winter Olympics - Lillehammer '94 (Brazil) (En,Fr,De,Es,It,Pt,Sv,No)|Sports|2FEC2B4A
Winter Olympics - Lillehammer '94 (Europe) (En,Fr,De,Es,It,Pt,Sv,No)|Sports|A20290B6
Winter Olympics - Lillehammer '94 (Europe) (En,Fr,De,Es,It,Pt,Sv,No)|Sports|A20290B6
Wolfchild (Europe)|Platform|1F8EFA1D
Wonder Boy (USA, Europe)|Platform|73705C02
Wonder Boy III - The Dragon's Trap (USA, Europe)|Adventure|679E1676
Wonder Boy in Monster Land (USA, Europe)|Adventure|8CBEF0C1
Wonder Boy in Monster Land (USA, Europe) (Beta)|Adventure|8312C429
Wonder Boy in Monster World (Europe)|Platform|7D7CE80B
Wonder Boy in Monster World (Europe) (Beta)|Platform|81BFF9BB
Wonsiin (Korea) (Pirate)|Shooter|A05258F5
Woody Pop - Shinjinrui no Block Kuzushi (Japan)|Action|315917D4
World Class Leader Board (Europe)|Sports|C9A449B7
World Cup Italia '90 (Europe)|Sports|6E1AD6FD
World Cup Italia '90 (Europe) (Sample)|Sports|A0CF8B15
World Cup USA 94 (Europe) (En,Fr,De,Es,It,Nl,Pt,Sv)|Sports|A6BF8F9E
World Games (Europe)|Sports|A2A60BC8
World Games (Europe) (Beta)|Sports|914D3FC4
World Grand Prix (Europe)|Racing / Driving|4AAAD0D6
World Grand Prix (USA)|Racing / Driving|7B369892
World Grand Prix (USA) (Beta)|Racing / Driving|B5A9F824
World Soccer (World)|Sports|72112B75
X-Men - Mojo World (Brazil)|Action|3E1387F6
Xenon 2 - Megablast (Europe) (Image Works)|Shooter|5C205EE1
Xenon 2 - Megablast (Europe) (Image Works)|Shooter|5C205EE1
Xenon 2 - Megablast (Europe) (Virgin)|Shooter|EC726C0D
Xenon 2 - Megablast (Europe) (Virgin)|Shooter|EC726C0D
Ys (Japan)|RPG|32759751
Ys - The Vanished Omens (USA, Europe)|RPG|B33E2827
Zaxxon 3-D (World)|Shooter|A3EF13CB
Zaxxon 3-D (World) (Beta)|Shooter|BBA74147
Zillion (Europe) (Rev 2)|Platform|7BA54510
Zillion (Japan, Europe) (En,Ja)|Platform|60C19645
Zillion (USA) (Rev 1)|Platform|5718762C
Zillion II - The Tri Formation (World)|Shooter|2F2E3BC9
Zool - Ninja of the 'Nth' Dimension (Europe)|Platform|9D9D0A5F
