Ancient Ys Vanished Omen (USA) (Demo)|RPG|E8B82066
Dragon Crystal (Europe)|RPG|9549FCE4
Golden Axe Warrior (USA, Europe)|RPG|C7DED988
Golvellius (USA, Europe)|RPG|A51376FE
Haja no Fuuin (Japan)|RPG|B9FDF6D9
Heroes of the Lance (Europe)|RPG|CDE13FFB
Kujaku Ou (Japan)|RPG|D11D32E4
Maou Golvellius (Japan)|RPG|BF0411AD
Maou Golvellius (Japan) (Beta)|RPG|21A21352
Miracle Warriors - Seal of the Dark Lord (USA, Europe)|RPG|0E333B6E
Miracle Warriors - Seal of the Dark Lord (USA, Europe) (Beta)|RPG|301A59AA
Phantasy Star (Brazil)|RPG|75971BEF
Phantasy Star (Japan)|RPG|6605D36A
Phantasy Star (Korea)|RPG|747E83B5
Phantasy Star (USA, Europe) (Rev 2)|RPG|E4A65E79
Phantasy Star (USA, Europe) (Rev 3)|RPG|00BEF1D7
Promocao Especial M. System III Compact (Brazil) (Sample)|RPG|30AF0233
SpellCaster (USA, Europe)|RPG|4752CAE7
Ultima IV - Quest of the Avatar (Europe)|RPG|B52D60C8
Ultima IV - Quest of the Avatar (Europe) (Beta)|RPG|DE9F8517
Ys (Japan)|RPG|32759751
Ys - The Vanished Omens (USA, Europe)|RPG|B33E2827
