Addams Family Values (Europe) (En,Fr,De)|RPG|B906B992
Arcus Odyssey (Japan)|RPG|41C5FB4F
Arcus Odyssey (USA)|RPG|BC4D9B20
Barver Battle Saga - Tai Kong Zhan Shi (China) (Unl)|RPG|D37A37C6
Beggar Prince (World) (Unl)|RPG|F3AF46CD
Beyond Oasis (USA)|RPG|C4728225
Blue Almanac (Japan)|RPG|7222EBB3
Buck Rogers - Countdown to Doomsday (USA, Europe)|RPG|44E3BFFF
Cadash (USA, Korea)|RPG|13BDF374
Crusader of Centy (USA)|RPG|41858F6F
Daikoukai Jidai (Japan)|RPG|5A652458
Daikoukai Jidai II (Japan)|RPG|E040F0DA
Dragon Slayer - Eiyuu Densetsu (Japan)|RPG|01BC1604
Dragon Slayer - Eiyuu Densetsu II (Japan)|RPG|46924DC3
Dungeons & Dragons - Warriors of the Eternal Sun (USA, Europe)|RPG|AF4A9CD7
Faery Tale Adventure, The (USA, Europe)|RPG|963F4969
Fatal Labyrinth (USA, Europe)|RPG|5F0BD984
Feng Shen Ying Jie Chuan (China) (Unl)|RPG|6A382B60
Landstalker (USA)|RPG|FBBB5B97
Landstalker (USA) (Beta)|RPG|70483D03
Landstalker - Die Schatze von Konig Nolo (Germany)|RPG|10FEDB8F
Landstalker - Koutei no Zaihou (Japan)|RPG|60D4CEDB
Landstalker - Le Tresor du Roi Nole (France)|RPG|5DE7D917
Landstalker - The Treasures of King Nole (Europe)|RPG|E3C65277
Legend of Wukong (World) (Unl)|RPG|72F11771
Legende de Thor, La (France)|RPG|B97CCA1C
Light Crusader (Europe) (En,Fr,De,Es)|RPG|52C7252B
Light Crusader (Japan)|RPG|237076A4
Light Crusader (Korea) (En,Ko)|RPG|6D0CBCB2
Light Crusader (USA)|RPG|BEB715DC
Madou Monogatari I (Japan)|RPG|DD82C401
Maten no Soumetsu (Japan)|RPG|B804A105
Might and Magic - Gates to Another World (USA, Europe)|RPG|F509145F
Minato no Traysia (Japan)|RPG|BD89FD09
New Horizons (USA)|RPG|EAD69824
Phantasy Star - Sennenki no Owari ni (Japan)|RPG|F0BFAD42
Phantasy Star II (Brazil)|RPG|E6688B66
Phantasy Star II (USA, Europe)|RPG|0D07D0EF
Phantasy Star II (USA, Europe) (Rev A)|RPG|904FA047
Phantasy Star II - Amia's Adventure (Japan) (SegaNet)|RPG|A3A724AA
Phantasy Star II - Anne's Adventure (Japan) (SegaNet)|RPG|FAFA5B6F
Phantasy Star II - Huey's Adventure (Japan) (SegaNet)|RPG|1A076F83
Phantasy Star II - Kaerazaru Toki no Owari ni (Japan)|RPG|BEC8EB5A
Phantasy Star II - Kinds's Adventure (Japan) (SegaNet)|RPG|C334F308
Phantasy Star II - Nei's Adventure (Japan) (SegaNet)|RPG|3D9AD465
Phantasy Star II - Rudger's Adventure (Japan) (SegaNet)|RPG|6B5916D2
Phantasy Star II - Shilka's Adventure (Japan) (SegaNet)|RPG|1F83BEB2
Phantasy Star II - Yushis's Adventure (Japan) (SegaNet)|RPG|D40C76D6
Phantasy Star III - Generations of Doom (Brazil)|RPG|2E9B4C23
Phantasy Star III - Generations of Doom (USA, Europe)|RPG|C6B42B0F
Phantasy Star IV (Europe)|RPG|389C2968
Phantasy Star IV (USA)|RPG|FE236442
Pier Solar and the Great Architects (World) (Beta) (Unl)|RPG|55FFB501
Pier Solar and the Great Architects (World) (En,Es,Pt) (Rev C) (Unl)|RPG|DFB94F1B
Pier Solar and the Great Architects (World) (En,Fr,De) (Rev A) (Unl)|RPG|4261EA9B
Pier Solar and the Great Architects (World) (En,Fr,De) (Rev B) (Unl)|RPG|25B7063E
Ragnacenty (Korea)|RPG|77B5B10B
Rent a Hero (Japan)|RPG|2E515F82
Rings of Power (USA, Europe)|RPG|41FCC497
Shadowrun (Japan)|RPG|D32199F7
Shadowrun (USA)|RPG|FBB92909
Shi no Meikyuu - Labyrinth of Death (Japan) (SegaNet)|RPG|A6D7E02D
Shin Souseiki Ragnacenty (Japan)|RPG|6A3F5AE2
Shining and the Darkness (Japan)|RPG|496AF51C
Shining in the Darkness (Brazil)|RPG|3EE2BBC4
Shining in the Darkness (USA, Europe)|RPG|4D2785BC
Soleil (Europe)|RPG|A30EBDB1
Soleil (France)|RPG|08DC1EAD
Soleil (Germany)|RPG|332B9ECD
Soleil (Japan) (Beta)|RPG|43797455
Soleil (Spain)|RPG|9ED4C323
Sorcer Kingdom (Japan)|RPG|944135CA
Sorcerer's Kingdom (USA)|RPG|CBE6C1EA
Sorcerer's Kingdom (USA) (v1.1)|RPG|BB1FC9CE
Sorcerian (Japan)|RPG|A143A8C5
Star Odyssey (USA) (Beta) (1992-1-16)|RPG|FBBD7EF4
Star Odyssey (World) (Unl)|RPG|0B670A3E
Starflight (USA, Europe)|RPG|D550C928
Starflight (USA, Europe) (v1.1)|RPG|1217DBEA
Story of Thor, The (Europe)|RPG|1110B0DB
Story of Thor, The (Germany)|RPG|FA20D011
Story of Thor, The (Japan) (Beta) [b]|RPG|BFC11649
Story of Thor, The (Korea)|RPG|EE1603C5
Story of Thor, The (Spain)|RPG|4631F941
Story of Thor, The - Hikari o Tsugumono (Japan)|RPG|4F39783C
Super Hydlide (Europe)|RPG|1FE2D90B
Super Hydlide (Japan)|RPG|599BE386
Super Hydlide (USA)|RPG|1335DDAA
Surging Aura (Japan)|RPG|65AC1D2B
Sword of Vermilion (USA, Europe)|RPG|EA1BC9AB
Taikou Risshiden (Japan)|RPG|F96FE15B
Toki no Keishousha - Phantasy Star III (Japan)|RPG|6C48C06F
Tougiou King Colossus (Japan)|RPG|FFE7B3C7
Traysia (USA)|RPG|96184F4F
Uncharted Waters (USA)|RPG|4EDAEC59
Vermilion (Japan)|RPG|E400DFC3
Wu Kong Wai Zhuan (China) (Unl)|RPG|880A916E
Xin Qi Gai Wang Zi (China) (Alt 1) (Unl)|RPG|DA5A4BFE
Xin Qi Gai Wang Zi (China) (Unl)|RPG|DD2F38B5
Ya Se Chuan Shuo (China) (Unl)|RPG|095B9A15
Ys - Wanderers from Ys (Japan)|RPG|52DA4E76
Ys III (USA)|RPG|EA27976E
Yu Yu Hakusho Gaiden (Japan)|RPG|7DC98176
