Dokodemo Mahjong (Japan)|Miscellaneous|78C21B5E
Ganbare Neo Poke-kun (Ka) (Japan)|Miscellaneous|6DF986A3
King of Fighters, The - Battle de Paradise (Japan)|Miscellaneous|77E37BAC
Koi Koi Mahjong (Japan)|Miscellaneous|B51C3EBA
Mezase! Kanji Ou (Japan)|Miscellaneous|A52E1C82
Neo 21 - Real Casino Series (World)|Miscellaneous|0A2A2F28
Neo Baccarat - Real Casino Series (World)|Miscellaneous|22AAB454
Neo Baccarat - Real Casino Series (World) (Proto)|Miscellaneous|80880498
Neo Cherry Master Color - Real Casino Series (World) (En,Ja)|Miscellaneous|A6DCA584
Neo Cherry Master Color - Real Casino Series (World) (En,Ja) (Demo)|Miscellaneous|939A9912
Neo Dragon's Wild - Real Casino Series (World) (En,Ja) (v1.11)|Miscellaneous|225FD7F9
Neo Dragon's Wild - Real Casino Series (World) (En,Ja) (v1.13)|Miscellaneous|5D028C99
Neo Mystery Bonus - Real Casino Series (World) (En,Ja)|Miscellaneous|E79DC5B3
Pachi-Slot Aruze Oukoku Pocket - Azteca (Japan)|Miscellaneous|C56EF8C3
Pachi-Slot Aruze Oukoku Pocket - Dekahel 2 (Japan)|Miscellaneous|346F3C46
Pachi-Slot Aruze Oukoku Pocket - Delsol 2 (Japan)|Miscellaneous|1EA69DB1
Pachi-Slot Aruze Oukoku Pocket - Hanabi (Japan) (v1.02)|Miscellaneous|CFD1C8F2
Pachi-Slot Aruze Oukoku Pocket - Hanabi (Japan) (v1.04)|Miscellaneous|A0C26F9B
Pachi-Slot Aruze Oukoku Pocket - Oohanabi (Japan)|Miscellaneous|8A88C50F
Pachi-Slot Aruze Oukoku Pocket - Porcano 2 (Japan)|Miscellaneous|96DDFBE3
Pachi-Slot Aruze Oukoku Pocket - Ward of Lights (Japan)|Miscellaneous|D46CBC54
Pachi-Slot Aruze Oukoku Pocket - e-Cup (Japan)|Miscellaneous|0A7C32DF
Pachinko Hisshou Guide - Pocket Parlor (Japan)|Miscellaneous|C3D6B28B
Party Mail (Japan)|Miscellaneous|4DA8A1C0
Party Mail (Japan) (Proto)|Miscellaneous|F2284A95
Pocket Reversi (Europe)|Miscellaneous|20F09880
Pocket Reversi (Japan)|Miscellaneous|FB0B55B8
SNK vs. Capcom - Card Fighters 2 - Expand Edition (Japan)|Miscellaneous|CCBCFDA7
Shougi no Tatsujin Color (Japan)|Miscellaneous|1F2872ED
Soreike!! Hanafuda Doujou (Japan)|Miscellaneous|05FA3EB0
Super Real Mahjong - Premium Collection (Japan)|Miscellaneous|C6E620C3
