Baseball Stars Color (World) (En,Ja)|Sports|FFA7E88D
Big Bang Pro Wrestling (Japan) (En,Ja)|Sports|B783C372
Cool Boarders Pocket (Japan, Europe) (En,Ja)|Sports|833F9C22
Dynamite Slugger (Japan, Europe) (En,Ja)|Sports|7F1779CD
Neo Derby Champ Daiyosou (Japan)|Sports|5A053559
Neo Geo Cup '98 Plus (World) (En,Ja)|Sports|C0DA4FE9
Neo Poke Pro Yakyuu (Japan)|Sports|F4D78F12
Neo Turf Masters (World) (En,Ja)|Sports|317A66D2
Neo Turf Masters (World) (En,Ja) (Demo)|Sports|9DCA6ED6
Pocket Tennis Color - Pocket Sports Series (World) (En,Ja)|Sports|D8590B96
Wrestling Madness (USA, Europe) (Demo)|Sports|16B0BE9B
