Biomotor Unitron (Japan)|Strategy|ECEE99F3
Biomotor Unitron (Japan) (Demo)|Strategy|C6FB900F
Biomotor Unitron (USA, Europe)|Strategy|3807DF4F
Densetsu no Ogre Battle Gaiden - Zenobia no Ouji (Japan)|Strategy|EEEEFD6A
Faselei! (Europe)|Strategy|E705E30E
Faselei! (Japan)|Strategy|8F585838
Mizuki Shigeru no Youkai Shashinkan (Japan)|Strategy|DDE08335
SNK vs. Capcom - Card Fighters' Clash - Capcom Version (USA, Europe)|Strategy|80CE137B
SNK vs. Capcom - Card Fighters' Clash - SNK Version (USA, Europe)|Strategy|94B63A97
SNK vs. Capcom - Gekitotsu Card Fighters (Japan) (Demo)|Strategy|4A41A56E
SNK vs. Capcom - Gekitotsu Card Fighters - Capcom Supporter Version (Japan)|Strategy|9217159B
SNK vs. Capcom - Gekitotsu Card Fighters - SNK Supporter Version (Japan)|Strategy|7065295C
SNK vs. Capcom - Gekitotsu Card Fighters - SNK Supporter Version (Japan) (Demo)|Strategy|E70E3F1A
