Bakumatsu Rouman Tokubetsu Hen - Gekka no Kenshi - Tsuki ni Saku Hana, Chiri Yuku Hana (Japan)|Fighting|12AFACB0
Baseball Stars Color (World) (En,Ja)|Sports|FFA7E88D
Big Bang Pro Wrestling (Japan) (En,Ja)|Sports|B783C372
Bikkuriman 2000 - Viva! Pocket Festiva! (Japan)|Action|7A2D7635
Biomotor Unitron (Japan)|Strategy|ECEE99F3
Biomotor Unitron (Japan) (Demo)|Strategy|C6FB900F
Biomotor Unitron (USA, Europe)|Strategy|3807DF4F
Bust-A-Move Pocket (USA)|Puzzle|85FE6AE3
Bust-A-Move Pocket (USA) (Proto)|Puzzle|78A1361D
Cool Boarders Pocket (Japan, Europe) (En,Ja)|Sports|833F9C22
Cool Cool Jam (Japan)|Music|4FDA5D8A
Cool Cool Jam (USA, Europe) (Sample)|Music|4D8D27F0
Crush Roller (World) (En,Ja)|Action|F20FF9F2
Dark Arms - Beast Buster 1999 (World) (En,Ja)|RPG|6F353F34
Dark Arms - Beast Buster 1999 (World) (En,Ja) (Proto)|RPG|77CAA548
Delta Warp (Japan) (Demo)|Puzzle|A3C89788
Delta Warp (Japan) (En,Ja)|Puzzle|ADD4FDFF
Densetsu no Ogre Battle Gaiden - Zenobia no Ouji (Japan)|Strategy|EEEEFD6A
Densha de Go! 2 on Neo Geo Pocket (Japan)|Simulation|D5CED9E9
Densha de Go! 2 on Neo Geo Pocket (Japan) (Demo)|Simulation|2FC4623E
Dive Alert - Becky's Version (USA, Europe)|RPG|83DB5772
Dive Alert - Burn Hen (Japan)|RPG|C213941D
Dive Alert - Burn Hen (Japan) (Proto)|RPG|D9817A88
Dive Alert - Matt's Version (USA, Europe)|RPG|EF75081B
Dive Alert - Rebecca Hen (Japan)|RPG|3C4AF4F5
Dokodemo Mahjong (Japan)|Miscellaneous|78C21B5E
Dynamite Slugger (Japan, Europe) (En,Ja)|Sports|7F1779CD
Evolution - Eternal Dungeons (Europe)|RPG|BE47E531
Fantastic Night Dreams Cotton (Europe)|Shooter|1BF412F5
Fantastic Night Dreams Cotton (Japan)|Shooter|B8A12409
Faselei! (Europe)|Strategy|E705E30E
Faselei! (Japan)|Strategy|8F585838
Fatal Fury F-Contact - Pocket Fighting Series (World) (En,Ja)|Fighting|A9119B5A
Fatal Fury F-Contact - Pocket Fighting Series (World) (En,Ja) (Demo)|Fighting|E7E5D6E8
Ganbare Neo Poke-kun (Ka) (Japan)|Miscellaneous|6DF986A3
Infinity Cure (Japan)|Adventure|32DC2AA2
Kikou Seiki Unitron - Sono Tsuide. Hikari Umareru Chi Yori. (Japan)|RPG|84580D66
King of Fighters R-2 - Pocket Fighting Series (World) (En,Ja)|Fighting|47E490A2
King of Fighters R-2 - Pocket Fighting Series (World) (En,Ja) (Demo)|Fighting|E3AE79C0
King of Fighters R-2 Version 2 - Pocket Fighting Series (World) (En,Ja) (Demo)|Fighting|76544C97
King of Fighters, The - Battle de Paradise (Japan)|Miscellaneous|77E37BAC
Koi Koi Mahjong (Japan)|Miscellaneous|B51C3EBA
Last Blade, The - Beyond the Destiny (Europe)|Fighting|94FCFD1E
Magical Drop Pocket (Japan)|Puzzle|694CE2DC
Magical Drop Pocket (Japan) (Demo)|Puzzle|D76F1A47
Magical Drop Pocket (USA, Europe)|Puzzle|7712F82D
Memories Off - Pure (Japan)|Adventure|A7926E90
Metal Slug - 1st Mission (World) (En,Ja)|Shooter|4FF91807
Metal Slug - 2nd Mission (World) (En,Ja)|Shooter|AC549144
Metal Slug - 2nd Mission (World) (En,Ja) (Demo)|Shooter|8B1647D4
Mezase! Kanji Ou (Japan)|Miscellaneous|A52E1C82
Mizuki Shigeru no Youkai Shashinkan (Japan)|Strategy|DDE08335
Neo 21 - Real Casino Series (World)|Miscellaneous|0A2A2F28
Neo Baccarat - Real Casino Series (World)|Miscellaneous|22AAB454
Neo Baccarat - Real Casino Series (World) (Proto)|Miscellaneous|80880498
Neo Cherry Master Color - Real Casino Series (World) (En,Ja)|Miscellaneous|A6DCA584
Neo Cherry Master Color - Real Casino Series (World) (En,Ja) (Demo)|Miscellaneous|939A9912
Neo Derby Champ Daiyosou (Japan)|Sports|5A053559
Neo Dragon's Wild - Real Casino Series (World) (En,Ja) (v1.11)|Miscellaneous|225FD7F9
Neo Dragon's Wild - Real Casino Series (World) (En,Ja) (v1.13)|Miscellaneous|5D028C99
Neo Geo Cup '98 Plus (World) (En,Ja)|Sports|C0DA4FE9
Neo Mystery Bonus - Real Casino Series (World) (En,Ja)|Miscellaneous|E79DC5B3
Neo Poke Pro Yakyuu (Japan)|Sports|F4D78F12
Neo Turf Masters (World) (En,Ja)|Sports|317A66D2
Neo Turf Masters (World) (En,Ja) (Demo)|Sports|9DCA6ED6
Nigeronpa (Japan)|RPG|3CC3E269
Oekaki Puzzle (Japan)|Puzzle|59AB1E0F
Pac-Man (World) (En,Ja)|Action|21E8CC15
Pachi-Slot Aruze Oukoku Pocket - Azteca (Japan)|Miscellaneous|C56EF8C3
Pachi-Slot Aruze Oukoku Pocket - Dekahel 2 (Japan)|Miscellaneous|346F3C46
Pachi-Slot Aruze Oukoku Pocket - Delsol 2 (Japan)|Miscellaneous|1EA69DB1
Pachi-Slot Aruze Oukoku Pocket - Hanabi (Japan) (v1.02)|Miscellaneous|CFD1C8F2
Pachi-Slot Aruze Oukoku Pocket - Hanabi (Japan) (v1.04)|Miscellaneous|A0C26F9B
Pachi-Slot Aruze Oukoku Pocket - Oohanabi (Japan)|Miscellaneous|8A88C50F
Pachi-Slot Aruze Oukoku Pocket - Porcano 2 (Japan)|Miscellaneous|96DDFBE3
Pachi-Slot Aruze Oukoku Pocket - Ward of Lights (Japan)|Miscellaneous|D46CBC54
Pachi-Slot Aruze Oukoku Pocket - e-Cup (Japan)|Miscellaneous|0A7C32DF
Pachinko Hisshou Guide - Pocket Parlor (Japan)|Miscellaneous|C3D6B28B
Party Mail (Japan)|Miscellaneous|4DA8A1C0
Party Mail (Japan) (Proto)|Miscellaneous|F2284A95
Picture Puzzle (USA, Europe)|Puzzle|67E6DC56
Pocket Love if (Japan)|Adventure|C2EE1EE5
Pocket Reversi (Europe)|Miscellaneous|20F09880
Pocket Reversi (Japan)|Miscellaneous|FB0B55B8
Pocket Tennis Color - Pocket Sports Series (World) (En,Ja)|Sports|D8590B96
Puyo Pop (World) (En,Ja) (v1.05)|Puzzle|3090B2FD
Puyo Pop (World) (En,Ja) (v1.06)|Puzzle|5C649D1E
Puzzle Bobble Mini (Japan, Europe) (En,Ja) (Demo)|Puzzle|E3D9F38E
Puzzle Bobble Mini (Japan, Europe) (v1.09)|Puzzle|C94B173A
Puzzle Bobble Mini (Japan, Europe) (v1.10)|Puzzle|E69EAE3E
Puzzle Link (Europe)|Puzzle|8D0610AC
Puzzle Link 2 (USA, Europe)|Puzzle|BA9CA21C
Renketsu Puzzle Tsunagete Pon! Color (Japan)|Puzzle|C3F3E83C
Rockman - Battle & Fighters (Japan)|Action|9C861E49
Rockman - Battle & Fighters (Japan) (Demo)|Action|16A98AC4
SNK Gals' Fighters (Japan)|Fighting|6A9FFA47
SNK Gals' Fighters (USA, Europe)|Fighting|B02C2BE7
SNK vs. Capcom - Card Fighters 2 - Expand Edition (Japan)|Miscellaneous|CCBCFDA7
SNK vs. Capcom - Card Fighters' Clash - Capcom Version (USA, Europe)|Strategy|80CE137B
SNK vs. Capcom - Card Fighters' Clash - SNK Version (USA, Europe)|Strategy|94B63A97
SNK vs. Capcom - Gekitotsu Card Fighters (Japan) (Demo)|Strategy|4A41A56E
SNK vs. Capcom - Gekitotsu Card Fighters - Capcom Supporter Version (Japan)|Strategy|9217159B
SNK vs. Capcom - Gekitotsu Card Fighters - SNK Supporter Version (Japan)|Strategy|7065295C
SNK vs. Capcom - Gekitotsu Card Fighters - SNK Supporter Version (Japan) (Demo)|Strategy|E70E3F1A
SNK vs. Capcom - The Match of the Millennium (World) (En,Ja)|Fighting|B173030A
Samurai Shodown! 2 - Pocket Fighting Series (World) (En,Ja)|Fighting|4F7FB156
Shanghai Mini (World) (En,Ja)|Puzzle|90732D53
Shanghai Mini (World) (En,Ja) (Proto 1)|Puzzle|79620C3F
Shanghai Mini (World) (En,Ja) (Proto 2)|Puzzle|920AF0ED
Shinki Sekai Evolution - Hateshinai Dungeon (Japan)|RPG|E006F42F
Shougi no Tatsujin Color (Japan)|Miscellaneous|1F2872ED
Sonic The Hedgehog - Pocket Adventure (World)|Platform|356F0849
Sonic The Hedgehog - Pocket Adventure (World) (Demo)|Platform|622176CE
Soreike!! Hanafuda Doujou (Japan)|Miscellaneous|05FA3EB0
Super Real Mahjong - Premium Collection (Japan)|Miscellaneous|C6E620C3
Tsunagete Pon! 2 (Japan)|Puzzle|129091BB
Wrestling Madness (USA, Europe) (Demo)|Sports|16B0BE9B
