Acrobat Mission (Japan)|Shooter|0DA18A10
Aero Fighters (USA)|Shooter|F194D00A
Apocalypse II (Europe) (Proto)|Shooter|6A53C658
Archer Maclean's Super Dropzone (Europe)|Shooter|E1CCCE49
Area 88 (Japan)|Shooter|06388F71
Axelay (Europe)|Shooter|F43F6743
Axelay (Japan)|Shooter|B0A02734
Axelay (USA)|Shooter|F812B533
Axelay (USA) (Sample)|Shooter|A0677D80
Bakukyuu Renpatsu!! Super B-Daman (Japan)|Shooter|5613F172
Battle Clash (Europe)|Shooter|11E5BC5E
Battle Clash (USA)|Shooter|59C00310
Bazooka Blitzkrieg (USA)|Shooter|6810AA95
BioMetal (Europe)|Shooter|E901A947
BioMetal (Japan)|Shooter|8BA3D382
BioMetal (USA)|Shooter|53D8410E
BlaZeon (Japan)|Shooter|AD2EFFC3
BlaZeon - The Bio-Cyborg Challenge (USA)|Shooter|3B01D0A3
Bomber Man B-Daman (Japan)|Shooter|9FEA854D
Caravan Shooting Collection (Japan)|Shooter|8675B9DF
Chaos Engine, The (Europe)|Shooter|8900F073
Choplifter III (Europe)|Shooter|788E42C9
Choplifter III - Rescue-Survive (Japan)|Shooter|AD26CC9E
Choplifter III - Rescue-Survive (USA)|Shooter|1D2EAE52
Choplifter III - Rescue-Survive (USA) (Beta) [b]|Shooter|3280C18F
Choujikuu Yousai Macross - Scrambled Valkyrie (Japan)|Shooter|A5DB02E9
Choukou Gasshin Xardion (Japan)|Shooter|D5F808CA
Contra III - The Alien Wars (USA)|Shooter|84DA7CFE
Contra III - The Alien Wars (USA) (Beta)|Shooter|FFDF4355
Contra IV - The Alien Wars (USA) (Beta)|Shooter|8F3DECA5
Contra Spirits (Japan)|Shooter|B8CFE377
Contra Spirits (Japan) (Demo)|Shooter|EFA3A034
Cosmo Gang - The Video (Japan)|Shooter|A26DC1DE
Cybernator (Europe)|Shooter|F493414B
Cybernator (USA)|Shooter|4DFA05B3
Cybernator (USA) (Beta)|Shooter|ACA397E8
D-Force (USA)|Shooter|24230807
Darius Force (Japan)|Shooter|3E828E49
Darius Twin (Europe)|Shooter|CF54F1B2
Darius Twin (Japan)|Shooter|299DF5FE
Darius Twin (USA)|Shooter|C5341764
Destructive (Japan)|Shooter|21B47E62
Dimension-Force (Japan)|Shooter|3D0D6FDC
Doom (Europe)|Shooter|360243E4
Doom (Japan)|Shooter|E5D722B2
Doom (USA)|Shooter|09E85EA6
Earth Defense Force (Europe)|Shooter|404BEC17
Earth Defense Force (USA)|Shooter|CA8FF946
Faceball 2000 (USA)|Shooter|8D4DF815
Falcon (USA) (Proto)|Shooter|6A3A6B8B
Firepower 2000 (USA)|Shooter|327416D4
Flying Hero - Bugyuru no Daibouken (Japan)|Shooter|1A19FC3A
Galaxy Wars (Japan)|Shooter|F159CA70
Gokujou Parodius (Japan)|Shooter|04EE98ED
Gokujou Parodius (Japan) (Beta)|Shooter|56FE0A74
Gokujou Parodius (Japan) (Sample)|Shooter|E425BCD7
Gradius III (Japan)|Shooter|BCA9AB02
Gradius III (USA)|Shooter|CD973979
GunForce (Japan)|Shooter|EEAFD816
GunForce (USA)|Shooter|6F5C5DC0
GunForce - Battle Fire Engulfed Terror Island (Europe) (Proto)|Shooter|11AF8992
Hunt for Red October, The (Europe)|Shooter|346E153F
Hunt for Red October, The (Europe) (Beta)|Shooter|66ED877A
Hunt for Red October, The (USA)|Shooter|C796E830
HyperZone (Europe)|Shooter|FA15D068
HyperZone (Japan)|Shooter|613C62B7
HyperZone (USA)|Shooter|C95B4129
Ikari no Yousai (Japan)|Shooter|4D5329F2
Imperium (USA)|Shooter|2624F8BD
Jikkyou Oshaberi Parodius (Japan)|Shooter|177937AB
Jungle Strike (Europe)|Shooter|FB770320
Jungle Strike (USA)|Shooter|335487E5
Jungle Strike - Uketsugareta Kyouki (Japan)|Shooter|5BDF5A87
Jurassic Park II - The Chaos Continues (USA) (En,Fr,De,It) (Beta)|Shooter|49A6A9F3
Jurassic Park Part 2 - The Chaos Continues (Europe) (En,Fr,De,It)|Shooter|8A926D1A
Jurassic Park Part 2 - The Chaos Continues (USA) (En,Fr,De,It)|Shooter|836EE990
Juusou Kihei Valken (Japan)|Shooter|A5F63557
Kaite Tsukutte Asoberu Dezaemon (Japan)|Shooter|052167CC
Kidou Soukou Dion (Japan)|Shooter|1E54F2C6
Kikikai-kai - Nazo no Kuro Manteau (Japan)|Shooter|1C57F2C6
Kikikai-kai - Tsukiyo Soushi (Japan)|Shooter|5C971BED
Lethal Enforcers (Europe)|Shooter|AA6EE29C
Lethal Enforcers (Japan)|Shooter|3C948EA6
Lethal Enforcers (USA)|Shooter|5AFF8CD5
Maerchen Adventure Cotton 100% (Japan)|Shooter|5FB7A31D
Mazinger Z (Japan)|Shooter|202B3738
Mazinger Z (Japan) (Putative Beta)|Shooter|CA42E604
Metal Combat - Falcon's Revenge (Europe)|Shooter|EB0039C4
Metal Combat - Falcon's Revenge (USA)|Shooter|C3131B49
Nightmare Busters (Europe) (Proto)|Shooter|5327C524
Nintendo Scope 6 (Europe)|Shooter|B1859CA4
Operation Logic Bomb - The Ultimate Search & Destroy (Europe)|Shooter|0F956136
Operation Logic Bomb - The Ultimate Search & Destroy (USA)|Shooter|65BBE8B4
Operation Thunderbolt (USA)|Shooter|3042B049
Parodius (Europe)|Shooter|6FFA308C
Parodius Da! - Shinwa kara Owarai e (Japan)|Shooter|876DFD97
Phalanx (Europe)|Shooter|1FD515D6
Phalanx (USA)|Shooter|DC90A8AB
Phalanx - The Enforce Fighter A-144 (Japan)|Shooter|561AEB8F
Phalanx - The Enforce Fighter A-144 (USA) (Beta)|Shooter|B1A32FE2
Pocky & Rocky (Europe)|Shooter|B3F491C6
Pocky & Rocky (Europe) (Sample)|Shooter|99F8D70B
Pocky & Rocky (USA)|Shooter|2B0E7EA3
Pocky & Rocky 2 (Europe)|Shooter|226929CF
Pocky & Rocky 2 (USA)|Shooter|FC00BB1B
Pocky & Rocky 2 (USA) (Beta)|Shooter|3B94B032
Pop'n TwinBee (Europe)|Shooter|588A9707
Pop'n TwinBee (Japan)|Shooter|EE13E32D
Pop'n TwinBee (Japan) (Putative Sample) [b]|Shooter|843E1F01
R-Type III (Europe)|Shooter|5A183E62
R-Type III (USA)|Shooter|642B656B
R-Type III - The Third Lightning (Europe) (Beta)|Shooter|2A5F8D8F
R-Type III - The Third Lightning (Japan)|Shooter|1E1FF9FE
Raiden Densetsu (Japan)|Shooter|C352D27F
Raiden Trad (USA)|Shooter|02CE6C96
Red October (Japan)|Shooter|76065E37
Rendering Ranger R2 (Japan) (En)|Shooter|8FB5AC86
Revolution X (Europe)|Shooter|F6B0EAA9
Revolution X (Germany)|Shooter|59D0F587
Revolution X (Japan)|Shooter|B5939FDC
Revolution X (USA)|Shooter|0DC5E7BA
SD Kidou Senshi Gundam - V Sakusen Shidou (Japan)|Shooter|7E1DC952
Smash T.V. (Japan)|Shooter|3147AD34
Soldiers of Fortune (USA)|Shooter|CF719A93
Sonic Wings (Japan)|Shooter|CFE75BCB
Space Bazooka (Japan)|Shooter|F2DD3BE4
Space Invaders (Europe)|Shooter|6B62625A
Space Invaders (USA)|Shooter|CAF035F5
Space Invaders - The Original Game (Japan)|Shooter|07FAFCD0
Space Megaforce (USA)|Shooter|11202781
Spriggan Powered (Japan)|Shooter|3F83F67C
Star Fox (Japan)|Shooter|41A60B3F
Star Fox (Japan) (Rev 1)|Shooter|AD668A41
Star Fox (USA)|Shooter|0BAE0941
Star Fox (USA) (Rev 2)|Shooter|8FC4E6D0
Star Fox - Super Weekend (USA)|Shooter|CD1F04B8
Star Fox 2 (Japan) (Proto 1)|Shooter|70D7AD50
Star Fox 2 (Japan) (Proto 2)|Shooter|79F3433D
Starwing (Europe)|Shooter|865F1A71
Starwing (Europe) (Rev 1)|Shooter|BA64DA2B
Starwing (Germany)|Shooter|B48CA238
Starwing - Competition (Europe)|Shooter|17C8FE56
Starwing - Competition (Germany)|Shooter|B25F606A
Strike Gunner S.T.G (Japan)|Shooter|AE2B4567
Strike Gunner S.T.G (USA)|Shooter|D054E288
Sunset Riders (Europe)|Shooter|64EDFC5D
Sunset Riders (USA)|Shooter|52ADA404
Super 3D Noah's Ark (USA) (Unl)|Shooter|A2315A14
Super Aleste (Europe)|Shooter|E02F9206
Super Aleste (Japan)|Shooter|94D28FF9
Super Buster Bros. (USA)|Shooter|C86872D3
Super Buster Bros. (USA) (Beta)|Shooter|3C3C2562
Super Buster Bros. (USA) (Rev 1)|Shooter|9526D1AA
Super E.D.F. (Japan)|Shooter|3E631524
Super Nova (USA)|Shooter|460DEF25
Super Pang (Europe)|Shooter|3644CACC
Super Pang (Japan)|Shooter|CA54F001
Super Probotector - Alien Rebels (Europe)|Shooter|420BD975
Super Probotector - Alien Rebels (Europe) (Sample)|Shooter|7C09B80A
Super R-Type (Europe)|Shooter|1631740D
Super R-Type (Japan)|Shooter|4E872C8B
Super R-Type (USA)|Shooter|8B22C830
Super SWIV (Europe)|Shooter|B6D94361
Super SWIV (Japan)|Shooter|70F28A6D
Super Scope 6 (Japan)|Shooter|7887F968
Super Scope 6 (USA)|Shooter|B141EA99
Super Smash T.V. (Europe)|Shooter|9A502573
Super Smash T.V. (USA)|Shooter|2D0B20D0
Super Strike Gunner (Europe)|Shooter|F74ACB48
Syvalion (Europe)|Shooter|F1884ECB
Syvalion (Europe) (Beta)|Shooter|BE122755
Syvalion (Japan)|Shooter|75FF74F2
T2 - The Arcade Game (Europe)|Shooter|32633FA6
T2 - The Arcade Game (Japan)|Shooter|CB5409FF
T2 - The Arcade Game (USA)|Shooter|5DC6B9FE
Targa (Europe) (Proto)|Shooter|19FBA1D4
Thunder Spirits (Japan)|Shooter|41A933A6
Thunder Spirits (USA)|Shooter|522FE837
Tin Star (USA)|Shooter|EC26F75B
Total Carnage (Europe)|Shooter|596122C4
Total Carnage (USA)|Shooter|E27FF2BC
Total Carnage (USA) (Beta 1)|Shooter|44A524DE
Total Carnage (USA) (Beta 2)|Shooter|82B17B1B
U.N. Squadron (Europe)|Shooter|C510285C
U.N. Squadron (USA)|Shooter|231F0F67
Uchuu no Kishi Tekkaman Blade (Japan)|Shooter|7E107C35
Uchuu no Kishi Tekkaman Blade (Japan) (Beta)|Shooter|B380BCD9
Vortex (Europe) (En,Es)|Shooter|C6867604
Vortex (Japan) (En,Ja)|Shooter|51E8A19C
Vortex (USA) (En,Es)|Shooter|31B1AD00
Wild Guns (Europe)|Shooter|6E939DD3
Wild Guns (Japan)|Shooter|96F948CB
Wild Guns (Japan) (Beta)|Shooter|CEAAC33D
Wild Guns (Japan) (Sample)|Shooter|3CA1EC46
Wild Guns (USA)|Shooter|085D8D14
Wolfenstein 3-D (USA)|Shooter|6582A8F5
Wolfenstein 3D (Europe)|Shooter|6A455EE2
Wolfenstein 3D (USA) (Beta 1)|Shooter|63E442B4
Wolfenstein 3D (USA) (Beta 2)|Shooter|2BEBDB00
Wolfenstein 3D - The Claw of Eisenfaust (Japan)|Shooter|CC47B8F9
X Zone (Europe)|Shooter|1A24BC5C
X Zone (Japan, USA)|Shooter|99627BB0
Xardion (USA)|Shooter|C7C12A57
Yoshi no Road Hunting (Japan)|Shooter|52948F3C
Yoshi's Safari (Europe)|Shooter|9A8178BF
Yoshi's Safari (USA)|Shooter|59490CE8
