3 Jigen Kakutou Ballz (Japan) (Sample)|Fighting|FFF8C139
3-jigen Kakutou Ballz (Japan)|Fighting|F0810694
Animal Buranden - Brutal (Japan)|Fighting|78ECA50D
Art of Fighting (Europe)|Fighting|143051A5
Art of Fighting (USA)|Fighting|9FA74067
Ballz 3D - Fighting at Its Ballziest (USA)|Fighting|1C058B7D
Bastard!! - Ankoku no Hakaishin (Japan)|Fighting|6742D51C
Battle Blaze (Japan)|Fighting|B9CD2FF3
Battle Blaze (USA)|Fighting|D933BD8D
Battle Blaze (USA) (Beta)|Fighting|9F2BA6A9
Battle Master - Kyuukyoku no Senshi-tachi (Japan)|Fighting|DBF76BFD
Battle Tycoon - Flash Hiders SFX (Japan)|Fighting|E38C4A5B
Battle Tycoon - Flash Hiders SFX (Japan) (Rev 1)|Fighting|92AFAB02
Bishoujo Senshi Sailor Moon S - Jougai Rantou! Shuyaku Soudatsusen (Japan)|Fighting|B0FD1854
Bishoujo Senshi Sailor Moon SuperS - Zenin Sanka!! Shuyaku Soudatsusen (Japan)|Fighting|25440331
Brutal - Paws of Fury (Europe) (En,Fr,De)|Fighting|2F6326B1
Brutal - Paws of Fury (USA)|Fighting|8FE49F80
Brutal - Paws of Fury (USA) (Beta)|Fighting|49AD3F9C
Chou Aniki - Bakuretsu Rantou Hen (Japan)|Fighting|70F5D440
Clay Fighter (Europe)|Fighting|B581E100
Clay Fighter (USA)|Fighting|C814E3C2
Clay Fighter - Tournament Edition (USA)|Fighting|B360F7AF
Clay Fighter 2 - Judgment Clay (Europe)|Fighting|CAA9ABF1
Clay Fighter 2 - Judgment Clay (USA)|Fighting|20B5C364
Dead Dance (Japan)|Fighting|7019B1F1
Death Brade (Japan)|Fighting|CA46FD3B
Doomsday Warrior (USA)|Fighting|CEEB7C32
Double Dragon V - The Shadow Falls (Europe)|Fighting|E80F6B65
Double Dragon V - The Shadow Falls (USA)|Fighting|98A96AE8
Dragon Ball Z - Chomutujeon (Korea)|Fighting|2BF7CD65
Dragon Ball Z - Hyper Dimension (France)|Fighting|A6DC166B
Dragon Ball Z - Hyper Dimension (Japan)|Fighting|F4AB1557
Dragon Ball Z - La Legende Saien (France)|Fighting|8F24F886
Dragon Ball Z - Super Butouden (France)|Fighting|EA7ABAD1
Dragon Ball Z - Super Butouden (Japan)|Fighting|8C7780BD
Dragon Ball Z - Super Butouden (Japan) (Sample)|Fighting|D6E464B7
Dragon Ball Z - Super Butouden 2 (Japan)|Fighting|A5E37609
Dragon Ball Z - Super Butouden 2 (Japan) (Rev 1)|Fighting|081FDE86
Dragon Ball Z - Super Butouden 3 (Japan)|Fighting|CBFDE2D0
Dragon Ball Z - Ultime Menace (France)|Fighting|593EEFE0
Fatal Fury (Europe)|Fighting|F93611C6
Fatal Fury (USA)|Fighting|C67257D0
Fatal Fury 2 (Europe)|Fighting|304B2610
Fatal Fury 2 (USA)|Fighting|A26EBFEF
Fatal Fury Special (Europe)|Fighting|A7F8D832
Fatal Fury Special (Europe) (Beta)|Fighting|3EFFA0F5
Fatal Fury Special (USA)|Fighting|93935BEE
Fighter's History (Japan)|Fighting|10751E4F
Fighter's History (USA) (Beta)|Fighting|283A57AA
Fighter's History (USA) (Rev 1)|Fighting|3D17F6EA
Fighter's History - Mizoguchi Kikiippatsu!! (Japan)|Fighting|65BB5DC4
Garou Densetsu - Shukumei no Tatakai (Japan)|Fighting|0D549E3E
Garou Densetsu - Shukumei no Tatakai (Japan) (Rev 1)|Fighting|AE4DFED0
Garou Densetsu 2 - Aratanaru Tatakai (Japan)|Fighting|FBF3ABDF
Garou Densetsu 2 - Aratanaru Tatakai (Japan) (Rev 1)|Fighting|3EE1B2D2
Garou Densetsu Special (Japan)|Fighting|C1F68C7A
Gojira - Kaijuu Daikessen (Japan)|Fighting|29CE8E57
Gouketsuji Ichizoku (Japan)|Fighting|BAF084EE
Hana no Keiji - Kumo no Kanata ni (Japan)|Fighting|DC2B90F2
Hiryuu no Ken S - Golden Fighter (Japan)|Fighting|1B113C99
Hiryuu no Ken S - Hyper Version (Japan)|Fighting|B035EC54
Hokuto no Ken 6 - Gekitou Denshouken Haou e no Michi (Japan)|Fighting|E51CD206
Hokuto no Ken 7 - Seiken Retsuden Denshousha e no Michi (Japan)|Fighting|143E5A7D
Justice League Task Force (Europe)|Fighting|E81203E0
Justice League Task Force (Japan)|Fighting|BFA7F180
Justice League Task Force (USA)|Fighting|31CF46D1
Justice League Task Force (USA) (Beta)|Fighting|50224767
Kamen Rider (Japan)|Fighting|F3C44423
Kidou Butouden G Gundam (Japan)|Fighting|723D7B46
Killer Instinct (Europe)|Fighting|3D7252D4
Killer Instinct (USA)|Fighting|252C1DA7
Killer Instinct (USA) (Beta)|Fighting|0A2EF2B6
Killer Instinct (USA) (Rev 1)|Fighting|09E9A04E
King of the Monsters (Europe)|Fighting|799B1787
King of the Monsters (Japan)|Fighting|825B9607
King of the Monsters (USA)|Fighting|C285C7FF
Makeruna! Makendou 2 - Kimero! Youkai Souridaijin (Japan)|Fighting|A20FBB88
Matsumura Kunihiro Den - Saikyou no Rekishi o Nurikaero! (Japan)|Fighting|8F3DA172
Mighty Morphin Power Rangers - The Fighting Edition (Europe)|Fighting|6FC37D96
Mighty Morphin Power Rangers - The Fighting Edition (USA)|Fighting|460B0A60
Mortal Kombat (Europe)|Fighting|A81657D3
Mortal Kombat (Europe) (Beta)|Fighting|91AF0CEC
Mortal Kombat (Europe) (Rev 1)|Fighting|047B3D88
Mortal Kombat (USA)|Fighting|DEF42945
Mortal Kombat - Shinken Kourin Densetsu (Japan)|Fighting|0BD8EC55
Mortal Kombat 3 (Europe)|Fighting|CA3CEB0A
Mortal Kombat 3 (Europe) (Beta)|Fighting|342BF9D0
Mortal Kombat 3 (USA)|Fighting|4E6AF725
Mortal Kombat 3 (USA) (Beta 1)|Fighting|8DB650F1
Mortal Kombat 3 (USA) (Beta 2)|Fighting|FFCBF355
Mortal Kombat II (Europe)|Fighting|1CC0C6EF
Mortal Kombat II (Europe) (Rev 1)|Fighting|00DC2D51
Mortal Kombat II (USA)|Fighting|1C3D3B72
Mortal Kombat II (USA) (Rev 1)|Fighting|70BB5513
Mortal Kombat II - Kyuukyoku Shinken (Japan)|Fighting|FB2D267C
Natsuki Crisis Battle (Japan)|Fighting|97727818
Ossu!! Karate-bu (Japan)|Fighting|B4ECD206
Pit-Fighter (Europe)|Fighting|B3CD103E
Pit-Fighter (USA)|Fighting|9FAB69FC
Power Athlete (Japan)|Fighting|E9066ACB
Power Instinct (USA)|Fighting|CB8A4F8E
Power Instinct (USA) (Beta)|Fighting|5F6E06EE
Power Moves (USA)|Fighting|C2E094B5
Primal Rage (Europe)|Fighting|75EEF329
Primal Rage (USA)|Fighting|3753E4B6
Primal Rage (USA) (Beta)|Fighting|227FBE4D
Ranma 1-2 (Europe)|Fighting|E6C51FF7
Ranma 1-2 (Europe) (Beta)|Fighting|9264E9A7
Ranma 1-2 (France)|Fighting|3FE1854A
Ranma 1-2 - Bakuretsu Rantou Hen (Japan)|Fighting|053B2615
Ranma 1-2 - Chougi Ranbu Hen (Japan)|Fighting|0C552B1F
Ranma 1-2 - Chounai Gekitou Hen (Japan)|Fighting|E86E3C2D
Ranma 1-2 - Hard Battle (USA)|Fighting|8E4DADCD
Rise of the Robots (Europe)|Fighting|8D4E7082
Rise of the Robots (Japan)|Fighting|09F827A5
Rise of the Robots (USA)|Fighting|83BA0AC0
Rise of the Robots (USA) (Beta)|Fighting|0BE1DE31
Ryuuko no Ken (Japan)|Fighting|0DB2D9AB
Ryuuko no Ken (Japan) (Rev 1)|Fighting|B565F452
Ryuuko no Ken 2 (Japan)|Fighting|40019293
SD Hiryuu no Ken (Japan)|Fighting|323438EB
Samurai Shodown (Europe)|Fighting|E0ADF929
Samurai Shodown (USA)|Fighting|2E614A53
Samurai Spirits (Japan)|Fighting|7D3D39F9
Samurai Spirits (Japan) (Beta)|Fighting|51BFA576
Seifuku Densetsu Pretty Fighter (Japan)|Fighting|A638BEF1
Shaq Fu (USA) (Beta)|Fighting|E14B00EF
Shaq-Fu (Europe)|Fighting|DDD55E27
Shaq-Fu (USA)|Fighting|52916C9D
Shin Kidou Senki Gundam W - Endless Duel (Japan)|Fighting|C0AECDCA
Street Combat (Europe)|Fighting|4A4C657E
Street Combat (USA)|Fighting|1969BBD9
Street Fighter Alpha 2 (Europe)|Fighting|2F109101
Street Fighter Alpha 2 (USA)|Fighting|9C59DDFF
Street Fighter II (Europe)|Fighting|8B93F566
Street Fighter II (Japan)|Fighting|5556C5C9
Street Fighter II (USA)|Fighting|BC3DCD9D
Street Fighter II Turbo (Europe)|Fighting|A3EE22E5
Street Fighter II Turbo (Europe) (Rev 1)|Fighting|ABBC185D
Street Fighter II Turbo (Japan)|Fighting|364087E5
Street Fighter II Turbo (USA)|Fighting|A45CADD6
Street Fighter II Turbo (USA) (Rev 1)|Fighting|D43BC5A3
Street Fighter Zero 2 (Japan)|Fighting|7455A7CF
Sugoi Hebereke (Japan)|Fighting|72123EF0
Super Bikkuriman (Japan)|Fighting|B367B8B6
Super Chinese Fighter (Japan)|Fighting|84767959
Super Street Fighter II (Europe)|Fighting|6D86BFB0
Super Street Fighter II (USA)|Fighting|F16D5CE9
Super Street Fighter II - The New Challengers (Japan)|Fighting|26CA246B
Super Variable Geo (Japan)|Fighting|DE3262E7
Taekwon-Do (Japan) (Ja,Ko)|Fighting|93F29DDE
Taekwon-Do (Korea)|Fighting|D20D7701
Taiketsu!! Brass Numbers (Japan)|Fighting|27815B78
Teenage Mutant Hero Turtles - Tournament Fighters (Europe)|Fighting|0DDA3124
Teenage Mutant Ninja Turtles - Mutant Warriors (Japan)|Fighting|7E97E194
Teenage Mutant Ninja Turtles - Tournament Fighters (Australia)|Fighting|580026D9
Teenage Mutant Ninja Turtles - Tournament Fighters (USA)|Fighting|E2FE5DBF
Teenage Mutant Ninja Turtles - Tournament Fighters (USA) (Beta)|Fighting|63E37D86
Tuff E Nuff (Europe)|Fighting|C2423607
Tuff E Nuff (USA)|Fighting|865F37BF
Ultimate Fighter (USA)|Fighting|9DFC8897
Ultimate Mortal Kombat 3 (Europe)|Fighting|1C4C54D2
Ultimate Mortal Kombat 3 (USA)|Fighting|F5BFE41E
Ultra Seven (Japan)|Fighting|71B24BEE
Ultraman (Europe)|Fighting|8B7CB277
Ultraman (Japan)|Fighting|3495ADF0
Ultraman (USA)|Fighting|1DED2814
WeaponLord (Europe)|Fighting|019C4B02
WeaponLord (USA)|Fighting|0E7E7102
World Heroes (Europe)|Fighting|FBB6E0D8
World Heroes (Japan)|Fighting|1FF42561
World Heroes (USA)|Fighting|1228AD30
World Heroes 2 (Japan)|Fighting|25A55B3B
World Heroes 2 (USA)|Fighting|098D7EAA
World Heroes 2 (USA) (Beta)|Fighting|ACD0E8E6
X-Men vs. Street Fighter (World) (Unl) (Pirate)|Fighting|40242231
Yu Yu Hakusho 2 - Kakutou no Shou (Japan)|Fighting|EEF45A93
Yu Yu Hakusho Final - Makai Saikyou Retsuden (Japan)|Fighting|5617A42E
