3 Ninjas Kick Back (USA)|Platform|F2EE11F9
Aaahh!!! Real Monsters (Europe)|Platform|946313FB
Aaahh!!! Real Monsters (USA)|Platform|27FF5BA1
ActRaiser 2 (USA)|Platform|4901F718
ActRaiser 2 - Chinmoku e no Seisen (Japan)|Platform|3CBC264F
Action Pachio (Japan)|Platform|C752F5DF
Actraiser 2 (Europe) (En,Fr,De)|Platform|630E16A1
Addams Family, The (Europe) (En,Fr,De)|Platform|82497F19
Addams Family, The (Japan)|Platform|CD80351C
Addams Family, The (USA)|Platform|2E8034AB
Addams Family, The (USA) (Arcade)|Platform|6F563ADF
Addams Family, The - Pugsley's Scavenger Hunt (Europe)|Platform|644E7FBF
Addams Family, The - Pugsley's Scavenger Hunt (USA)|Platform|153A00A7
Addams Family, The - Pugsley's Scavenger Hunt (USA) (Beta)|Platform|64D68066
Adventures of Dr. Franken, The (Europe) (En,Fr,De,Es,It,Nl,Sv)|Platform|E4925F15
Adventures of Dr. Franken, The (USA)|Platform|CFAB3BBA
Adventures of Kid Kleets, The (USA) (En,Fr,Es)|Platform|1664AE48
Adventures of Mighty Max, The (Europe)|Platform|62A7C74B
Adventures of Rocky and Bullwinkle and Friends, The (USA)|Platform|DC8F5734
Adventures of Yogi Bear (USA)|Platform|7448D45C
Aero the Acro-Bat (Europe)|Platform|FA0CE63A
Aero the Acro-Bat (USA)|Platform|919F23CB
Aero the Acro-Bat 2 (Europe)|Platform|242B8181
Aero the Acro-Bat 2 (USA)|Platform|8C05ED51
Akumajou Dracula (Japan)|Platform|EDA59A2A
Akumajou Dracula XX (Japan)|Platform|0AA75FA8
Aladdin (Europe)|Platform|44FF6E78
Aladdin (France)|Platform|63069939
Aladdin (Germany)|Platform|A7AD3E5D
Aladdin (Japan)|Platform|1AEB696B
Aladdin (Spain)|Platform|90EE8C61
Aladdin (USA)|Platform|124D8E4D
Aladdin (USA) (Beta)|Platform|52FDFAB4
Alfred Chicken (Europe)|Platform|E344627B
Alien 3 (Europe)|Platform|378613B0
Alien 3 (Japan)|Platform|8A21B63F
Alien 3 (USA)|Platform|98E2AC15
Alien 3 (USA) (Beta)|Platform|77713C95
American Tail, An - Fievel Goes West (Europe)|Platform|080AC1B5
American Tail, An - Fievel Goes West (USA)|Platform|EEA38AED
Animaniacs (Europe)|Platform|C28A80F6
Animaniacs (Japan)|Platform|D93E07A8
Animaniacs (USA)|Platform|CF0F14D2
Another World (Europe)|Platform|83B40AF2
Appleseed - Prometheus no Shintaku (Japan)|Platform|C0E62C02
Ardy Lightfoot (Europe)|Platform|D239398F
Ardy Lightfoot (Japan)|Platform|2AA7777B
Ardy Lightfoot (Japan) (Beta)|Platform|F73A6E33
Ardy Lightfoot (USA)|Platform|51A5F489
Asterix & Obelix (Europe) (En,Fr,De,Es)|Platform|83AF6152
Asterix (Europe) (En,Fr,De,Es)|Platform|5DDEDC28
B.O.B. (Europe)|Platform|8D56598B
B.O.B. (USA)|Platform|4F593C46
Barbie Super Model (USA)|Platform|3B73610E
Batman - Revenge of the Joker (USA) (Proto)|Platform|205654DD
Beauty and the Beast (Europe)|Platform|2E70C844
Beauty and the Beast (Europe) (Beta)|Platform|FFF9DEAB
Beauty and the Beast (USA)|Platform|956E183C
Beethoven - The Ultimate Canine Caper! (Europe)|Platform|4D1352AD
Beethoven - The Ultimate Canine Caper! (USA)|Platform|BEEBAFA2
Beethoven's 2nd (USA) (Beta)|Platform|FB5747AC
Bijo to Yajuu (Japan)|Platform|B319C546
Blackhawk (Europe) (En,Fr,De)|Platform|2D1DD10A
Blackthorne (USA)|Platform|856BEAB1
Blackthorne (USA) (Beta) (CES Version)|Platform|B39AF3FA
Blackthorne - Fukushuu no Kuroki Toge (Japan)|Platform|EDF476B3
Blues Brothers, The (Europe)|Platform|4A62057D
Blues Brothers, The (Europe) (Beta)|Platform|1351DA2A
Blues Brothers, The (Japan)|Platform|362620D2
Blues Brothers, The (USA)|Platform|82B97464
Bobby's World (USA) (Proto)|Platform|18BBEE33
Bonkers (USA)|Platform|597AA981
Bonkers - Hollywood Daisakusen! (Japan)|Platform|9401D956
Boogerman - A Pick and Flick Adventure (Europe)|Platform|4328BD1B
Boogerman - A Pick and Flick Adventure (USA)|Platform|1899AAFF
Bram Stoker's Dracula (Europe)|Platform|9EE3835D
Bram Stoker's Dracula (USA)|Platform|5CECE690
Bram Stoker's Dracula (USA) (Beta)|Platform|6E4650A2
Bubsy II (Europe)|Platform|E278E9B4
Bubsy II (USA)|Platform|D0D172FA
Bubsy in - Claws Encounters of the Furred Kind (Europe)|Platform|74A94D60
Bubsy in - Claws Encounters of the Furred Kind (Europe) (Accolade)|Platform|AB124BE7
Bubsy in - Claws Encounters of the Furred Kind (USA)|Platform|444A52C1
Bubsy in Claws Encounters of the Furred Kind (USA) (Beta 1)|Platform|49DA572F
Bubsy in Claws Encounters of the Furred Kind (USA) (Beta 2)|Platform|3F3A7180
Bugs Bunny - Hachamecha Daibouken (Japan)|Platform|528B029B
Bugs Bunny - Rabbit Rampage (Europe)|Platform|91B3DB54
Bugs Bunny - Rabbit Rampage (USA)|Platform|832C0CB6
Castlevania - Dracula X (USA)|Platform|7C4887E1
Castlevania - Vampire's Kiss (Europe)|Platform|4EE9EE99
Chester Cheetah - Too Cool to Fool (USA)|Platform|552BF16A
Chester Cheetah - Wild Wild Quest (USA)|Platform|557FE962
Chester Cheetah - Wild Wild Quest (USA) (Beta)|Platform|BC27BCA6
Chou Makai Mura (Japan)|Platform|CF8A8DBA
Chuck Rock (Europe)|Platform|FBA012CD
Chuck Rock (USA)|Platform|E237EC45
Chuck Rock (USA) (Beta)|Platform|C024F88F
Claymates (Europe)|Platform|3A571132
Claymates (USA)|Platform|7AD5CCAC
Claymates (USA) (Sample)|Platform|5C00F14C
Congo's Caper (Europe)|Platform|549A163E
Congo's Caper (USA)|Platform|8A24FBA8
Cool Spot (Europe)|Platform|281244B0
Cool Spot (Japan)|Platform|55964905
Cool Spot (USA)|Platform|44E60E58
Cool Spot (USA) (Beta)|Platform|9A14C57D
Crayon Shin-chan - Arashi o Yobu Enji (Japan)|Platform|36C23F9A
Crayon Shin-chan 2 - Daimaou no Gyakushuu (Japan)|Platform|24373CC6
Cyborg 009 (Japan)|Platform|4A5263DB
Cyborg 009 (Japan) (Beta)|Platform|48EECCB3
Daffy Duck - The Marvin Missions (Europe)|Platform|F8DEE029
Daffy Duck - The Marvin Missions (USA)|Platform|5F02A044
Daze Before Christmas (Europe)|Platform|59909EB5
Demolition Man (Europe)|Platform|31A1B85A
Demolition Man (USA)|Platform|8AFE2F91
Demon's Blazon - Makai Mura Monshou Hen (Japan)|Platform|287F10CC
Demon's Blazon - Makai Mura Monshou Hen (Japan) (Sample)|Platform|D5BAE4FF
Demon's Crest (Europe)|Platform|C8386172
Demon's Crest (USA)|Platform|E8236AD2
Dennis (Europe)|Platform|CCDA70A8
Dennis the Menace (USA)|Platform|8EE7FAA5
Dino City (Europe)|Platform|C495320A
Dino City (USA)|Platform|94152717
Dinowars - Kyouryuu Oukoku e no Daibouken (Japan)|Platform|6C043BF1
Do-Re-Mi Fantasy - Milon no Dokidoki Daibouken (Japan)|Platform|9F2C2633
Donald Duck no Mahou no Boushi (Japan)|Platform|1ED5D2FA
Donald Duck no Maui Mallard (Japan)|Platform|D60A27A6
Donald in Maui Mallard (Europe)|Platform|D56C21A1
Donkey Kong Country (Europe) (En,Fr,De)|Platform|7A33E836
Donkey Kong Country (Europe) (En,Fr,De) (Rev 1)|Platform|17657DB6
Donkey Kong Country (USA)|Platform|C946DCA0
Donkey Kong Country (USA) (Rev 1)|Platform|3EAA5697
Donkey Kong Country (USA) (Rev 2)|Platform|762AF827
Donkey Kong Country - Competition Cartridge (USA)|Platform|0E204FBD
Donkey Kong Country 2 - Diddy's Kong Quest (Europe) (En,Fr) (Rev 1)|Platform|2EA6B7E8
Donkey Kong Country 2 - Diddy's Kong Quest (Germany) (En,De)|Platform|4C794A4D
Donkey Kong Country 2 - Diddy's Kong Quest (Germany) (En,De) (Rev 1)|Platform|2EB33785
Donkey Kong Country 2 - Diddy's Kong Quest (USA) (En,Fr)|Platform|006364DB
Donkey Kong Country 2 - Diddy's Kong Quest (USA) (En,Fr) (Rev 1)|Platform|4E2D90F4
Donkey Kong Country 3 - Dixie Kong's Double Trouble! (Europe) (En,Fr,De)|Platform|0551FE84
Donkey Kong Country 3 - Dixie Kong's Double Trouble! (USA) (En,Fr)|Platform|448EEC19
Dragon - The Bruce Lee Story (Europe)|Platform|038212EA
Dragon - The Bruce Lee Story (USA)|Platform|407C5C24
Dragon's Lair (Europe) (Beta)|Platform|4AEF99F3
Dragon's Lair (Europe) (En,Fr,De,Es,It,Nl,Sv)|Platform|304FDB92
Dragon's Lair (USA)|Platform|24FFE7FD
Dragon's Magic (Japan)|Platform|0CF53835
Earthworm Jim (Europe)|Platform|84AB251B
Earthworm Jim (Japan)|Platform|6F8ED108
Earthworm Jim (USA)|Platform|3A4A47EB
Earthworm Jim (USA) (GamesMaster Special Edition)|Platform|B1EAAD9E
Earthworm Jim 2 (Europe)|Platform|4F961F70
Earthworm Jim 2 (USA)|Platform|393DE197
Earthworm Jim 2 (USA) (Beta)|Platform|C110A23A
Eek! The Cat (Europe)|Platform|812555A3
Eek! The Cat (USA)|Platform|216F2FC7
Family Dog (Europe)|Platform|D95CA497
Family Dog (USA)|Platform|1B53C15A
Fireteam Rogue (USA) (Proto 1)|Platform|00F67BA2
Fireteam Rogue (USA) (Proto 2)|Platform|4F659FD5
First Samurai (Europe)|Platform|5685773A
First Samurai (Europe) (Beta)|Platform|9B855ED0
First Samurai (Japan)|Platform|B249401B
First Samurai (USA)|Platform|4F0A1E2A
Flashback (Europe) (En,Fr)|Platform|5DAFAC3E
Flashback (Europe) (En,Fr,De)|Platform|A0525B9C
Flashback (Japan)|Platform|CD09A892
Flashback - The Quest for Identity (USA) (En,Fr,De)|Platform|1E6ACEBA
Flintstones, The (Europe) (En,Fr,De,Es,It)|Platform|85A8B156
Flintstones, The (Europe) (En,Fr,De,Es,It) (Beta)|Platform|15143605
Flintstones, The (USA) (Beta)|Platform|CC3E9C19
Flintstones, The (USA) (En,Fr,De,Es,It)|Platform|3E7B51E0
Flintstones, The - The Treasure of Sierra Madrock (Europe)|Platform|CC846DC4
Flintstones, The - The Treasure of Sierra Madrock (Japan)|Platform|53D29A71
Flintstones, The - The Treasure of Sierra Madrock (USA)|Platform|594F5CC6
Flintstones, The - The Treasure of Sierra Madrock (USA) (Beta)|Platform|BFC15ED9
GS Mikami - Joreishi wa Nice Body (Japan)|Platform|444C9962
Ganbare Goemon 2 - Kiteretsu Shougun Magginesu (Japan)|Platform|CA4C0219
Ganbare Goemon Kirakira Douchuu - Boku ga Dancer ni Natta Wake (Japan)|Platform|BB9D8E56
Ganbare Goemon Kirakira Douchuu - Boku ga Dancer ni Natta Wake (Japan) (Rev 1)|Platform|04D1E7CF
Ganbare Goemon Kirakira Douchuu - Boku ga Dancer ni Natta Wake (Japan) (Rev 2)|Platform|C20720C2
Ganbare! Daiku no Gen-san (Japan)|Platform|206BD866
Go Go Ackman (Japan)|Platform|26FB2D11
Go Go Ackman 2 (Japan)|Platform|76C7AA37
Go Go Ackman 3 (Japan)|Platform|9A18290C
Gods (Europe)|Platform|16416BB5
Gods (USA)|Platform|6779970F
Great Circus Mystery Starring Mickey & Minnie, The (Europe)|Platform|7DE42137
Great Circus Mystery Starring Mickey & Minnie, The (USA)|Platform|1903EA89
Hagane (Japan)|Platform|63245CAC
Hagane (Japan) (Beta)|Platform|F0BC3837
Hagane - The Final Conflict (Europe)|Platform|7F6CCF00
Hagane - The Final Conflict (USA)|Platform|8E0A7034
Hameln no Violin Hiki (Japan)|Platform|FB500926
Hansei Zaru Jiro-kun no Daibouken (Japan)|Platform|0A7DC25D
Harley's Humongous Adventure (Europe)|Platform|07715303
Harley's Humongous Adventure (USA)|Platform|91E0C960
Harley's Humongous Adventure (USA) (Beta)|Platform|F52EACD1
Hello! Pac-Man (Japan)|Platform|0318FD8C
Home Alone 2 - Lost in New York (Europe)|Platform|226998D6
Home Alone 2 - Lost in New York (USA)|Platform|D19165D9
Home Improvement - Power Tool Pursuit! (USA)|Platform|FA698C31
Hook (Europe)|Platform|6679A772
Hook (Japan)|Platform|6F91883E
Hook (USA)|Platform|0C572EF0
Hook (USA) (Beta)|Platform|82FF23BC
Hoshi no Kirby 3 (Japan)|Platform|43373AEE
Hoshi no Kirby Super Deluxe (Japan)|Platform|151BD470
Hoshi no Kirby Super Deluxe (Japan) (Rev 1)|Platform|DBBCD010
Hoshi no Kirby Super Deluxe (Japan) (Rev 2)|Platform|1F35F230
Hurricanes (Europe)|Platform|DE5F9D73
Hurricanes (Europe) (Beta)|Platform|E6767848
Hurricanes (USA)|Platform|42FF4F08
Incantation (Europe)|Platform|34FAD701
Incantation (USA)|Platform|D0FF7E9F
Incredible Crash Dummies, The (Europe)|Platform|3EE9B136
Incredible Crash Dummies, The (USA)|Platform|0B6209BA
Incredible Crash Dummies, The (USA) (Beta)|Platform|42EBE9C1
Incredible Crash Dummies, The - Dr. Zabu o Sukuidase (Japan)|Platform|C3BC16D5
Incredible Hulk, The (Europe)|Platform|9DF29605
Incredible Hulk, The (USA)|Platform|36B5A429
Indiana Jones' Greatest Adventures (Europe)|Platform|FA4560C3
Indiana Jones' Greatest Adventures (Japan)|Platform|079B9996
Indiana Jones' Greatest Adventures (USA)|Platform|70DA6BB8
Inspector Gadget (USA)|Platform|4CE2B818
Itchy & Scratchy Game, The (Europe)|Platform|C402347A
Itchy & Scratchy Game, The (USA)|Platform|95B65DFE
Izzy's Quest for the Olympic Rings (Europe)|Platform|B096E82E
Izzy's Quest for the Olympic Rings (USA)|Platform|E9BB68C7
Izzy's Quest for the Olympic Rings (USA) (Beta)|Platform|53CE0546
James Bond Jr (Europe)|Platform|7414A4C2
James Bond Jr (USA)|Platform|69C2F850
Jelly Boy (Europe)|Platform|F8C72A24
Jelly Boy 2 (Japan) (Proto)|Platform|F3A6C574
Jerry Boy (Japan)|Platform|4EF452F6
Jetsons, The - Invasion of the Planet Pirates (USA)|Platform|3E3073CE
Jim Power - The Lost Dimension in 3D (Europe) (Proto)|Platform|35AAE4EB
Jim Power - The Lost Dimension in 3D (USA)|Platform|C469F8F0
Joe & Mac (USA)|Platform|3A2B6167
Joe & Mac - Caveman Ninja (Europe) (En,Fr,De,Es,It,Nl)|Platform|A423A9D8
Joe & Mac - Caveman Ninja (Europe) (En,Fr,De,Es,It,Nl) (Beta)|Platform|DB8447EB
Joe & Mac - Tatakae Genshijin (Japan)|Platform|FB9F19BA
Joe & Mac 2 - Lost in the Tropics (USA)|Platform|0C3B4201
Joe & Mac 2 - Lost in the Tropics (USA) (Beta)|Platform|EC7A2ED3
Joe & Mac 3 - Lost in the Tropics (Europe) (En,Fr,De)|Platform|B9D6269D
Joe & Mac 3 - Lost in the Tropics (Europe) (En,Fr,De) (Beta)|Platform|5970FB74
Judge Dredd (Europe)|Platform|7742B6F4
Judge Dredd (Japan)|Platform|D7BC8A52
Judge Dredd (USA)|Platform|0A3F0288
Judge Dredd (USA) (Sample)|Platform|023FC5DE
Jungle Book, The (Europe)|Platform|392AE185
Jungle Book, The (Japan)|Platform|CE14892D
Jungle Book, The (USA)|Platform|3511EFB3
Jungle Book, The (USA) (Beta)|Platform|BD037A57
Jungle no Ouja Tar-chan - Sekaimanyuu Daikakutou no Maki (Japan)|Platform|EEC6A20F
Kagakusha Harley no Haran Banjou (Japan)|Platform|F34B6AA2
Karura Ou (Japan)|Platform|5CF9A482
Kendo Rage (USA)|Platform|D1048918
Kid Klown in Crazy Chase (Europe)|Platform|93AF89C6
Kid Klown in Crazy Chase (USA)|Platform|BD6C8AB1
Kid Klown in Crazy Chase (USA) (Beta)|Platform|EF5D7A37
Kid Klown no Crazy Chase (Japan)|Platform|26E0D862
Kirby Super Star (USA)|Platform|89D0F7DC
Kirby's Dream Land 3 (USA)|Platform|EC8A48F6
Kirby's Fun Pak (Europe)|Platform|CE33DCFB
Lester the Unlikely (USA)|Platform|1A52FEE5
Lethal Weapon (Europe)|Platform|13CD7FC1
Lethal Weapon (USA)|Platform|A14C3DBC
Lethal Weapon (USA) (Arcade)|Platform|295AB566
Lion King, The (Europe)|Platform|8A46ED37
Lion King, The (Japan)|Platform|79A9B2D0
Lion King, The (USA)|Platform|C8FBFAA8
Looney Tunes - Road Runner (Europe)|Platform|BB2B8E2E
Looney Tunes - Road Runner vs Wile E. Coyote (Japan)|Platform|82399957
Lucky Luke (Europe) (En,Fr,De,Es)|Platform|7E2C7143
Magic Boy (Europe)|Platform|7718C867
Magic Boy (USA)|Platform|AB57A2F9
Magic Sword (Europe)|Platform|9E50509F
Magic Sword (Japan)|Platform|0B159D53
Magic Sword (USA)|Platform|27325E4D
Magical Pop'n (Japan)|Platform|C49D28A4
Magical Quest Starring Mickey Mouse, The (Europe)|Platform|51A7D63C
Magical Quest Starring Mickey Mouse, The (Europe) (Rev 1)|Platform|D5CAF96A
Magical Quest Starring Mickey Mouse, The (Germany)|Platform|57D5F20B
Magical Quest Starring Mickey Mouse, The (Germany) (Rev 1)|Platform|E295009F
Magical Quest Starring Mickey Mouse, The (USA)|Platform|10874C70
Magical Quest Starring Mickey Mouse, The (USA) (Beta)|Platform|0ACA9F18
Magical Quest con Topolino, The (Italy)|Platform|3BC3D913
Magical Taruruuto-kun - Magic Adventure (Japan)|Platform|5F863463
Makeruna! Makendou (Japan)|Platform|BB95BC9F
Marko's Magic Football (Europe) (En,Fr,De,Es)|Platform|4824A630
Marvel Super Heroes - War of the Gems (Japan)|Platform|AB628C0C
Marvel Super Heroes - War of the Gems (USA) (Beta)|Platform|E86CFE8F
Marvel Super Heroes in War of the Gems (Europe)|Platform|AC0F2C23
Marvel Super Heroes in War of the Gems (USA)|Platform|00AF56E8
Mary Shelley's Frankenstein (USA)|Platform|91415D1E
Mary Shelley's Frankenstein (USA) (Beta)|Platform|22E1403F
Mask (Japan)|Platform|E91BB876
Mask, The (Europe)|Platform|A5F6839A
Mask, The (USA)|Platform|E17626E2
Mask, The (USA) (Beta)|Platform|CF727F64
Maui Mallard in Cold Shadow (USA)|Platform|2D3B9662
Mega Man 7 (Europe)|Platform|03579738
Mega Man 7 (USA)|Platform|2D947536
Mega Man X (Europe)|Platform|41965122
Mega Man X (USA)|Platform|1033EBA4
Mega Man X (USA) (Rev 1)|Platform|DED53C64
Mega Man X2 (Europe)|Platform|3C49C39C
Mega Man X2 (USA)|Platform|947B0355
Mega Man X3 (Europe)|Platform|C504DDFD
Mega Man X3 (USA)|Platform|FA0FE671
Michael Jordan - Chaos in the Windy City (Europe)|Platform|8E37DB87
Michael Jordan - Chaos in the Windy City (USA)|Platform|F57DBA3B
Mickey Mania (Europe)|Platform|75FDDF27
Mickey Mania - The Timeless Adventures of Mickey Mouse (Japan)|Platform|B6C13316
Mickey Mania - The Timeless Adventures of Mickey Mouse (USA)|Platform|08806B5B
Mickey no Magical Adventure (Japan)|Platform|A0BFD8E9
Mickey no Magical Adventure (Japan) (Rev 1)|Platform|453BD625
Mickey to Donald - Magical Adventure 3 (Japan)|Platform|32EEA1E9
Mickey to Minnie - Magical Adventure 2 (Japan)|Platform|8D258553
Mickey to Minnie - Magical Adventure 2 (Japan) (Sample)|Platform|D39B39EC
Mighty Max (USA)|Platform|6FC3C105
Mighty Max (USA) (Beta)|Platform|4A0E225F
Mohawk & Headphone Jack (Europe)|Platform|6CF14848
Mohawk & Headphone Jack (USA)|Platform|0B207E7F
Mr Nutz (USA) (En,Fr) (Beta)|Platform|549D03CA
Mr. Bloopy - Saves the World (USA) (Proto) (1994-06-21 Level 11-G)|Platform|93F78934
Mr. Bloopy - Saves the World (USA) (Proto) (1994-06-21 Levels 000)|Platform|6574CEA6
Mr. Bloopy - Saves the World (USA) (Proto) (1994-06-22 Levels-B)|Platform|63885A43
Mr. Bloopy - Saves the World (USA) (Proto) (1995-02-16)|Platform|DDE9A760
Mr. Nutz (Europe) (En,Fr)|Platform|BF4FCDF1
Mr. Nutz (Japan)|Platform|3DADD536
Mr. Nutz (USA) (En,Fr)|Platform|A99BDD9A
Nitropunks - Might Heads (Japan)|Platform|5D8426E9
Nosferatu (Japan)|Platform|2C5DF175
Nosferatu (USA)|Platform|DE762764
Odekake Lester - Lelele no Le (^^; (Japan)|Platform|8D89A8E8
Operation Starfi5h (Europe)|Platform|9D3E313F
Oscar (Europe)|Platform|B458FDBC
Oscar (USA)|Platform|CDF463C0
Out of this World (USA)|Platform|5F40A869
Out of this World (USA) (Beta)|Platform|CC665B17
Out to Lunch (USA)|Platform|3D0C8974
Outer World (Japan)|Platform|8D004DBB
P-Man (Japan)|Platform|C4F299B5
Pac-In-Time (Europe)|Platform|348BE5CA
Pac-In-Time (Europe) (Beta)|Platform|98AF5DE4
Pac-In-Time (Japan)|Platform|BB6B3B1F
Pac-In-Time (USA)|Platform|44375368
Pac-Man 2 - The New Adventures (Europe)|Platform|51C8A0EB
Pac-Man 2 - The New Adventures (France)|Platform|30478A49
Pac-Man 2 - The New Adventures (Germany)|Platform|DF6A092D
Pac-Man 2 - The New Adventures (USA)|Platform|9FC62BCC
Pagemaster, The (Europe)|Platform|3C42A7B6
Pagemaster, The (USA)|Platform|26C38EEE
Pagemaster, The (USA) (Beta 1)|Platform|209B2799
Pagemaster, The (USA) (Beta 2)|Platform|A251B8BF
Phantom 2040 (Europe) (En,Fr,De)|Platform|14252650
Phantom 2040 (USA)|Platform|35E8FB28
Phantom 2040 (USA) (Beta)|Platform|D498F1D7
Pierre le Chef Is... Out to Lunch (Europe)|Platform|A9764A20
Pink Goes to Hollywood (Europe)|Platform|94DA9BD9
Pink Goes to Hollywood (USA)|Platform|8BAE9438
Pink Panther (Japan)|Platform|0D1B3812
Pinocchio (Europe)|Platform|2832C824
Pinocchio (Japan)|Platform|D9F5A47A
Pinocchio (USA)|Platform|00FAD8FD
Pitfall - Maya no Daibouken (Japan)|Platform|A81F9778
Pitfall - The Mayan Adventure (Europe)|Platform|7E9BC944
Pitfall - The Mayan Adventure (USA)|Platform|03E67D38
Pitfall - The Mayan Adventure (USA) (Beta)|Platform|B10B8804
Plok (Europe)|Platform|026F2C19
Plok (France) (En,Fr)|Platform|E5E84E18
Plok (Germany)|Platform|EDC2BEFD
Plok (USA)|Platform|BBD678F6
Plok! (Japan)|Platform|57DCD2A1
Pokonyan! - Henpokorin Adventure (Japan)|Platform|D16810CD
Pop'n TwinBee - Rainbow Bell Adventures (Europe)|Platform|91A03035
Pop'n TwinBee - Rainbow Bell Adventures (Germany)|Platform|D56D74B3
Porky Pig's Haunted Holiday (Europe)|Platform|7107B229
Porky Pig's Haunted Holiday (USA)|Platform|F09E91A1
Porky Pig's Haunted Holiday (USA) (Beta)|Platform|9699E23C
Power Piggs of the Dark Age (Europe)|Platform|87AFC187
Power Piggs of the Dark Age (Europe) (Beta)|Platform|81DA4B6A
Power Piggs of the Dark Age (USA)|Platform|E945530D
Prehistorik Man (Europe) (En,Fr,De)|Platform|B0E4E48A
Prehistorik Man (USA) (En,Fr,Es)|Platform|CB4F87BB
Prince of Persia (Europe)|Platform|320562C3
Prince of Persia (Japan)|Platform|CFC71E89
Prince of Persia (USA)|Platform|891BB2BB
Prince of Persia 2 (Europe)|Platform|2D25A9E1
Prince of Persia 2 (USA)|Platform|50581D9D
Prince of Persia 2 - The Shadow & the Flame (USA) (Beta)|Platform|5B793CC3
Psycho Dream (Japan)|Platform|5C145E98
Putty Moon (Japan)|Platform|ADFC4165
Putty Squad (Europe)|Platform|C061F0A8
Radical Rex (Europe)|Platform|5065B197
Radical Rex (USA)|Platform|E2B8DA18
Radical Rex (USA) (Beta)|Platform|9B5D585D
Realm (Europe)|Platform|9BE46820
Realm (USA)|Platform|0744BA5B
Ren & Stimpy Show, The - Veediots! (Europe)|Platform|06DDBB0D
Ren & Stimpy Show, The - Veediots! (USA)|Platform|FD1C12A3
Road Runner (Europe) (Beta)|Platform|83BA85A5
Road Runner's Death Valley Rally (USA)|Platform|5980D75D
RoboCop 3 (Europe)|Platform|5F2C7031
RoboCop 3 (USA)|Platform|3502F9B3
RoboCop 3 (USA) (Arcade)|Platform|8BF4B379
RoboCop versus The Terminator (Europe)|Platform|BEEBEF08
RoboCop versus The Terminator (USA)|Platform|F5AB5D91
Rockman & Forte (Japan)|Platform|5047E0D4
Rockman 7 - Shukumei no Taiketsu! (Japan)|Platform|31F18DDA
Rockman 7 - Shukumei no Taiketsu! (Japan) (Sample)|Platform|EE05A1AF
Rockman X (Japan)|Platform|6A1B6926
Rockman X (Japan) (Rev 1)|Platform|5584641E
Rockman X2 (Japan)|Platform|299D7A89
Rockman X3 (Japan)|Platform|E476912B
Rocko's Modern Life - Spunky's Dangerous Day (USA)|Platform|197B4CBA
Rocky Rodent (Europe) (Proto)|Platform|C7A0F949
Rocky Rodent (USA)|Platform|C81A7B07
Run Saber (Europe)|Platform|2820F702
Run Saber (USA)|Platform|8708E5BB
S.O.S - Sink or Swim (Europe)|Platform|CF824401
S.O.S - Sink or Swim (USA)|Platform|DD329F85
SWAT Kats - The Radical Squadron (USA)|Platform|EA2A23FB
Skuljagger - Revolt of the Westicans (USA)|Platform|E58A6D01
Skuljagger - Revolt of the Westicans (USA) (Beta)|Platform|F320424A
Skyblazer (Europe)|Platform|4A25D0C8
Skyblazer (USA)|Platform|F13B00B0
Skyblazer (USA) (Beta 1)|Platform|CEF3E26C
Skyblazer (USA) (Beta 2)|Platform|1594A363
Smart Ball (USA)|Platform|3CFE77AB
Smurfs Travel the World, The (Europe) (En,Fr,De,Es)|Platform|22947169
Smurfs, The (Europe) (En,Fr,De,Es,It)|Platform|2AE148D6
Snow White in Happily Ever After (USA)|Platform|D68D1AB3
Soccer Kid (Europe) (En,Fr,De,Es,It)|Platform|2A9966C0
Soccer Kid (Japan)|Platform|A39C674E
Soccer Kid (Japan) (Beta)|Platform|D2938BDF
Space Funky B.O.B. (Japan)|Platform|5ABFBE21
Spanky's Quest (Europe)|Platform|7317705E
Spanky's Quest (USA)|Platform|CA68C5C3
Sparkster (Europe)|Platform|F43C155C
Sparkster (Japan)|Platform|F5A2A976
Sparkster (USA)|Platform|40D11C94
Speedy Gonzales - Los Gatos Bandidos (USA)|Platform|E2DBAD76
Speedy Gonzales - Los Gatos Bandidos (USA) (Rev 1)|Platform|CB0653D0
Speedy Gonzales in Los Gatos Bandidos (Europe) (Proto)|Platform|EFE9E087
Speedy Gonzales in Los Gatos Bandidos (USA) (Beta)|Platform|E44F42BA
Spider-Man - X-Men - Arcade's Revenge (Europe)|Platform|D679058D
Spider-Man - X-Men - Arcade's Revenge (USA)|Platform|AE878CCB
Spider-Man and the X-Men in Arcade's Revenge (USA) (Beta) [b]|Platform|6FD2CD8C
Spirou (Europe) (En,Fr,De,Es)|Platform|797E2E82
Stargate (Europe) (En,Fr,De)|Platform|AF4D4439
Stargate (Japan)|Platform|24BBDDF8
Stargate (USA)|Platform|526CE576
Stargate (USA) (Beta)|Platform|2BB45263
Super Adventure Island (Europe)|Platform|9A8618D6
Super Adventure Island (USA)|Platform|DCD46848
Super Adventure Island II (Europe)|Platform|64C6297B
Super Adventure Island II (USA)|Platform|52FE16FD
Super Alfred Chicken (USA)|Platform|F21C5A9D
Super B.C. Kid (Europe)|Platform|5615D5ED
Super Back to the Future Part II (Japan)|Platform|B367D0B9
Super Bonk (USA)|Platform|5688B581
Super Castlevania IV (Europe)|Platform|5D40CB37
Super Castlevania IV (USA)|Platform|B64FFB12
Super Dany (France)|Platform|0F578F67
Super Dany (France) (Beta)|Platform|3D1B4C77
Super Donkey Kong (Japan)|Platform|50F2D1BC
Super Donkey Kong (Japan) (Rev 1)|Platform|3ADEF543
Super Donkey Kong 2 - Dixie & Diddy (Japan)|Platform|A0BE8E71
Super Donkey Kong 2 - Dixie & Diddy (Japan) (Rev 1)|Platform|46079C0F
Super Donkey Kong 3 - Nazo no Kremis-tou (Japan)|Platform|0F712928
Super Donkey Kong 3 - Nazo no Kremis-tou (Japan) (Rev 1)|Platform|5B337FB6
Super Genjin (Japan)|Platform|B24AF648
Super Genjin 2 (Japan)|Platform|C5D12427
Super Ghouls'n Ghosts (Europe)|Platform|A00BC05E
Super Ghouls'n Ghosts (USA)|Platform|6AABA901
Super James Pond (USA)|Platform|D7C34122
Super James Pond (USA) (Beta)|Platform|ED91C23F
Super James Pond II (Europe)|Platform|8EDB44AD
Super James Pond II (Japan)|Platform|1B2C3A47
Super Mario - Yossy Island (Japan)|Platform|343E0DFB
Super Mario - Yossy Island (Japan) (Rev 1)|Platform|0F66698B
Super Mario - Yossy Island (Japan) (Rev 2)|Platform|F1063FAD
Super Mario World (Europe)|Platform|3C41070F
Super Mario World (Europe) (Rev 1)|Platform|B47F5F20
Super Mario World (Japan) (En) (Arcade) [b]|Platform|C46766F2
Super Mario World (USA)|Platform|B19ED489
Super Mario World - Super Mario Bros. 4 (Japan)|Platform|0EC0DDAC
Super Mario World 2 - Yoshi's Island (Europe) (En,Fr,De)|Platform|857980B2
Super Mario World 2 - Yoshi's Island (Europe) (En,Fr,De) (Rev 1)|Platform|07E01EF9
Super Mario World 2 - Yoshi's Island (USA)|Platform|D138F224
Super Mario World 2 - Yoshi's Island (USA) (Rev 1)|Platform|CF98DDAA
Super Putty (Europe)|Platform|94FD16A5
Super Putty (Europe) (Beta) [b]|Platform|2F2A86A0
Super Putty (USA)|Platform|746087C1
Super Shadow of the Beast (USA) (Proto)|Platform|BEADFD61
Super Star Wars (Europe)|Platform|F63EC912
Super Star Wars (Europe) (Rev 1)|Platform|055926BE
Super Star Wars (Japan)|Platform|99CB2058
Super Star Wars (USA)|Platform|ACBCAE7C
Super Star Wars (USA) (Beta)|Platform|23665F74
Super Star Wars (USA) (Rev 1)|Platform|BE47F6C6
Super Star Wars - Jedi no Fukushuu (Japan)|Platform|D21C6E7E
Super Star Wars - Return of the Jedi (Europe)|Platform|020CA165
Super Star Wars - Return of the Jedi (Europe) (Rev 1)|Platform|A79C7E7F
Super Star Wars - Return of the Jedi (USA)|Platform|C709EC69
Super Star Wars - Return of the Jedi (USA) (Rev 1)|Platform|4A5F30D8
Super Star Wars - Teikoku no Gyakushuu (Japan)|Platform|05DA6B44
Super Star Wars - The Empire Strikes Back (Europe)|Platform|5BFDCD6C
Super Star Wars - The Empire Strikes Back (Europe) (Beta)|Platform|101D2DFA
Super Star Wars - The Empire Strikes Back (Europe) (Rev 1)|Platform|D308AA3E
Super Star Wars - The Empire Strikes Back (USA)|Platform|F45B15BE
Super Star Wars - The Empire Strikes Back (USA) (Rev 1)|Platform|1E7EA62C
Super Troll Islands (Europe)|Platform|943328BA
Super Troll Islands (USA)|Platform|F9690BE9
Super Troll Islands (USA) (Beta)|Platform|C61A7B88
Super Troll Islands - Shiawase o Ageru (Japan)|Platform|E556565A
Super Turrican (Europe)|Platform|D0A1BF12
Super Turrican (Japan)|Platform|7EC892F0
Super Turrican (USA)|Platform|3A7E8215
Super Turrican 2 (Europe)|Platform|AF821FD0
Super Turrican 2 (USA)|Platform|D2FFABAC
Super Turrican 2 (USA) (Beta 1)|Platform|691314BB
Super Turrican 2 (USA) (Beta 2)|Platform|5E550E27
Super Valis - Akaki Tsuki no Otome (Japan)|Platform|E46C1112
Super Valis IV (USA)|Platform|29E8AC9F
Super Widget (Europe)|Platform|1F7CE2A8
Super Widget (USA)|Platform|7DD199EC
Super X-Terminator 2 Sasuke (Japan) (Unl) [b]|Platform|5F75CE9E
Sword Maniac (Japan)|Platform|A7295784
Takahashi Meijin no Daibouken-jima (Japan)|Platform|37C0AE76
Takahashi Meijin no Daibouken-jima II (Japan)|Platform|1C71451C
Tatakae Genshijin 2 - Rookie no Bouken (Japan)|Platform|689CBF05
Tatakae Genshijin 3 - Shuyaku wa Yappari Joe & Mac (Japan)|Platform|A0A9F044
Taz-Mania (Europe)|Platform|4937A4F6
Taz-Mania (USA)|Platform|6CC571F5
Taz-Mania (USA) (Beta)|Platform|5A5BD63C
Taz-Mania (USA) (Rev 1)|Platform|B17230AE
Terminator, The (Europe)|Platform|151109F6
Terminator, The (Europe) (Beta)|Platform|6C853888
Terminator, The (USA)|Platform|D71E6C3B
Tetsuwan Atom (Japan)|Platform|2B79FAF0
Time Trax (Europe)|Platform|4D7C512F
Time Trax (USA)|Platform|F6628157
Time Trax (USA) (Beta)|Platform|A7A54043
Tinhead (Europe) (Proto)|Platform|1E079AC0
Tintin - Prisoners of the Sun (Europe) (En,Fr,De,Es)|Platform|A94A47BE
Tintin in Tibet (Europe) (En,Fr,De,Nl)|Platform|F1DCE2B7
Tiny Toon Adventures (Japan)|Platform|854FAC00
Tiny Toon Adventures (Japan) (Rev 1)|Platform|8F0D2C90
Tiny Toon Adventures - Buster Busts Loose! (Europe)|Platform|38CD6BB0
Tiny Toon Adventures - Buster Busts Loose! (Spain)|Platform|EEB4180C
Tiny Toon Adventures - Buster Busts Loose! (USA)|Platform|AB48D27A
Tiny Toon Adventures - Buster Busts Loose! (USA) (Beta)|Platform|F1F8F87A
Tom & Jerry (USA) (Beta)|Platform|CB6D3883
Tom and Jerry (Europe)|Platform|72B57042
Tom and Jerry (USA)|Platform|8B1DAFBB
Tom to Jerry (Japan)|Platform|BA2DE054
Toy Story (Europe) (En,Fr,De)|Platform|B144D588
Toy Story (Japan)|Platform|D4AF7724
Toy Story (USA)|Platform|8328822B
TwinBee - Rainbow Bell Adventure (Japan)|Platform|91867AF4
Umihara Kawase (Japan)|Platform|393CCCA2
Universal Soldier (USA) (Proto)|Platform|59180F1C
Wayne's World (Europe)|Platform|94EAE7E4
Wayne's World (USA)|Platform|0D426A15
We're Back! - A Dinosaur's Story (Europe)|Platform|33FBCD2D
We're Back! - A Dinosaur's Story (USA)|Platform|3F654414
Whirlo (Europe)|Platform|7379E3B3
Whizz (Europe)|Platform|762D214F
Whizz (USA)|Platform|EA8DF334
Wizard of Oz, The (USA)|Platform|D5CE2DB5
Wolfchild (USA)|Platform|13BFB3A0
X (Japan) (Proto)|Platform|BC0D0201
X-Kaliber 2097 (Europe)|Platform|D7E4732F
X-Kaliber 2097 (USA)|Platform|E83ECEEA
X-Kaliber 2097 (USA) (Beta)|Platform|64129F4C
X-Men - Mutant Apocalypse (Europe)|Platform|8E4AB536
X-Men - Mutant Apocalypse (Japan)|Platform|4F02A304
X-Men - Mutant Apocalypse (USA)|Platform|5E34822A
Xandra no Daibouken - Valkyrie to no Deai (Japan)|Platform|56EC4655
Yamaneko Bubsy no Daibouken (Japan)|Platform|90387380
Yogi Bear (Japan)|Platform|1A6F48A5
Yogi Bear's Cartoon Capers (Europe)|Platform|31703471
Youkai Buster - Ruka no Daibouken (Japan)|Platform|E6D19429
Zero the Kamikaze Squirrel (Europe)|Platform|64D7B231
Zero the Kamikaze Squirrel (Europe) (Rev 1)|Platform|F4830329
Zero the Kamikaze Squirrel (USA)|Platform|5397D5BC
Zool (USA) (Sample)|Platform|B4FCB68C
Zool - Ninja of the 'Nth' Dimension (Europe)|Platform|1188C64E
Zool - Ninja of the 'Nth' Dimension (USA)|Platform|3C10DAF1
Zool no Yume Bouken (Japan)|Platform|5C2A701D
