Blue Wing Blitz (Japan)|RPG|99027238
Dicing Knight. (Japan)|RPG|D28DC930
Digimon Adventure 02 - D1 Tamers (Japan)|RPG|4D28637E
Digimon Tamers - Brave Tamer (Japan)|RPG|F1F4D41F
Digimon Tamers - Digimon Medley (Japan)|RPG|FA92418D
Digital Monster - D-Project (Japan)|RPG|FAAEFBCB
Dragon Ball (Japan)|RPG|067238D1
Final Fantasy (Japan)|RPG|B7243E88
Final Fantasy II (Japan)|RPG|F09E752F
Final Fantasy IV (Japan)|RPG|F699D6D1
From TV Animation One Piece - Chopper no Daibouken (Japan)|RPG|8E120B5A
Gensou Maden Saiyuuki Retribution - Hi no Ataru Basho de (Japan)|RPG|446E2581
Gransta Chronicle (Japan)|RPG|AF24F95C
Hanjuku Hero - Ah, Sekai yo Hanjuku Nare...!! (Japan)|RPG|31E09BED
Hunter X Hunter - Greed Island (Japan)|RPG|A487B7A8
Hunter X Hunter - Michibikareshi Mono (Japan)|RPG|9402BCA9
Hunter X Hunter - Sorezore no Ketsui (Japan)|RPG|D0B20C5A
Inuyasha - Kagome no Sengoku Nikki (Japan)|RPG|0C23D551
Inuyasha - Kagome no Yume Nikki (Japan)|RPG|44453234
Kinnikuman II-Sei - Choujin Seisenshi (Japan)|RPG|6142FD9D
Makai Toushi Sa-Ga (Japan)|RPG|1B6F5F30
Naruto - Konoha Ninpouchou (Japan)|RPG|71556E6A
Riviera - Yakusoku no Chi Riviera (Japan)|RPG|2460B45A
Rockman EXE - N1 Battle (Japan)|RPG|1F10CA75
Romancing Sa-Ga (Japan)|RPG|9C98D97D
SD Gundam Eiyuu Den - Musha Densetsu (Japan)|RPG|18ECFFB8
Saint Seiya - Ougon Densetsu Hen - Perfect Edition (Japan)|RPG|6E8A792D
Senkaiden Ni - TV Animation Senkaiden Houshin Engi Yori (Japan)|RPG|9F35D00F
Star Hearts - Hoshi to Daichi no Shisha (Japan)|RPG|138D1018
Star Hearts - Hoshi to Daichi no Shisha - Taikenban (Japan)|RPG|9874E9A2
Wild Card (Japan)|RPG|D9401F0A
Wizardry Scenario 1 - Proving Grounds of the Mad Overlord (Japan)|RPG|15E55706
