Kettou Transformers Beast Wars - Beast Senshi Saikyou Ketteisen (Japan) (SGB Enhanced)|Fighting|72895639
Mortal Kombat 4 (Germany) (SGB Enhanced)|Fighting|87588725
Mortal Kombat 4 (USA, Europe) (SGB Enhanced)|Fighting|4EB71448
Power Quest (Europe) (En,Fr,De,Es,It) (SGB Enhanced)|Fighting|30E1E567
Power Quest (USA) (En,Fr,De,Es,It) (SGB Enhanced)|Fighting|DAD6F6B4
SD Hiryuu no Ken EX (Japan) (SGB Enhanced)|Fighting|365BF43F
Street Fighter Alpha - Warriors' Dreams (Europe)|Fighting|28A3AB3A
Street Fighter Alpha - Warriors' Dreams (Japan)|Fighting|32739B34
Street Fighter Alpha - Warriors' Dreams (USA)|Fighting|AA5F14D2
Super Chinese Fighter EX (Japan)|Fighting|DCDAA333
Ultimate Fighting Championship (Europe)|Fighting|92A5A1AD
Ultimate Fighting Championship (USA)|Fighting|D5F036CE
X-Men - Mutant Academy (Japan)|Fighting|8162ADC1
X-Men - Mutant Academy (USA, Europe)|Fighting|EC6278A3
X-Men - Mutant Academy (USA, Europe) (Rev A)|Fighting|234E1E9C
