Donkey Kong Jr. Math (USA, Europe)|Educational|0504B007
Donkey Kong Jr. no Sansuu Asobi (Japan)|Educational|63AEA200
Fisher-Price - I Can Remember (USA)|Educational|267DE4CC
Fisher-Price - Perfect Fit (USA)|Educational|B9762DA8
Magical Mathematics (Asia) (NTSC) (Unl)|Educational|15454CB2
Magical Mathematics (Asia) (PAL) (Unl)|Educational|19CE7F12
Mario Is Missing! (Europe)|Educational|967011AD
Mario Is Missing! (USA)|Educational|2055971A
Mario's Time Machine (USA)|Educational|55DB7E2A
Mickey's Adventure in Numberland (USA)|Educational|6FB349E2
Mickey's Safari in Letterland (USA)|Educational|982DFB38
Oeka Kids - Anpanman no Hiragana Daisuki (Japan)|Educational|C3C0811D
Oeka Kids - Anpanman to Oekaki Shiyou!! (Japan)|Educational|9D048EA4
Popeye no Eigo Asobi (Japan)|Educational|27738241
Sansuu 1 Nen - Keisan Game (Japan)|Educational|8E62D229
Sansuu 2 Nen - Keisan Game (Japan)|Educational|892CBBC2
Sansuu 3 Nen - Keisan Game (Japan)|Educational|87DA4BD0
Sansuu 4 Nen - Keisan Game (Japan)|Educational|8B4A2866
Sansuu 4 Nen - Keisan Game (Japan) (Beta)|Educational|162F328E
Sansuu 5 & 6 Nen - Keisan Game (Japan)|Educational|9AACD75D
Sansuu 5 & 6 Nen - Keisan Game (Japan) (Beta)|Educational|9EF351DC
Sesame Street - Big Bird's Hide & Speak (USA)|Educational|FDE1C7ED
Sesame Street 123 (USA)|Educational|339437F6
Sesame Street ABC (USA)|Educational|EC0FC2DE
Sesame Street Countdown (USA)|Educational|5CF6A82E
