007 - Everything or Nothing (Japan)|Shooter|CAF2E99F
007 - Everything or Nothing (USA, Europe) (En,Fr,De)|Shooter|9D4F1E18
007 - NightFire (USA, Europe) (En,Fr,De)|Shooter|56C83C16
AirForce Delta II (Japan) (En,Ja,Fr,De)|Shooter|58A972DF
AirForce Delta Storm (USA) (En,Ja,Fr,De)|Shooter|EBF757B8
Alien Hominid (Europe) (En,Fr,De,Es,It)|Shooter|DFF47236
Army Men - Turf Wars (USA)|Shooter|65AC74CC
Army Men Advance (USA, Europe) (En,Fr,De,Es,It)|Shooter|9A4A509F
Back Track (USA, Europe)|Shooter|48539B4B
Ballistic - Ecks vs. Sever (USA)|Shooter|0477F153
Blades of Thunder (USA)|Shooter|2CCD4915
Bomber Man Jetters - Densetsu no Bomber Man (Japan)|Shooter|70C423B8
Chicken Shoot (Europe) (En,Fr,De,Es,It)|Shooter|5749FDC9
Chicken Shoot (USA)|Shooter|4B22E081
Chicken Shoot 2 (Europe) (En,Fr,De,Es,It)|Shooter|02D12544
Chicken Shoot 2 (USA)|Shooter|1DFE38C2
Classic NES Series - Xevious (USA, Europe)|Shooter|9E923716
Contra Advance (USA) (Beta)|Shooter|511D7556
Contra Advance - The Alien Wars EX (Europe)|Shooter|5F443B14
Contra Advance - The Alien Wars EX (USA)|Shooter|59781C54
Contra Hard Spirits (Japan) (En)|Shooter|A817AA47
Danny Phantom - Dschungelstadt (Germany)|Shooter|2D59C1D5
Danny Phantom - Urban Jungle (USA)|Shooter|C22E7A2F
Darius R (Japan) (En)|Shooter|51BEEED7
Dark Arena (USA, Europe)|Shooter|DE5DCDEE
Dead to Rights (Europe) (En,Fr,De,Es,It)|Shooter|2994DE1D
Dead to Rights (USA)|Shooter|52C1826C
Deadly Skies (Europe) (En,Ja,Fr,De)|Shooter|FE7C8402
Defender (USA)|Shooter|2E271C13
Defender - For All Mankind (Europe) (En,Fr,De,Es,It)|Shooter|3B86FDC4
Desert Strike Advance (USA)|Shooter|CC1C1405
Doom (USA, Europe)|Shooter|58C641B3
Doom II (Europe)|Shooter|60CD3207
Doom II (USA)|Shooter|C885D9E9
Duke Nukem Advance (Europe) (En,Fr,De,It)|Shooter|DC7DAB56
Duke Nukem Advance (USA)|Shooter|06570282
Ecks V Sever (Europe) (En,Fr,De,Es,It)|Shooter|AF726026
Ecks vs Sever (USA) (En,Fr,De,Es,It)|Shooter|86A861F1
Ecks vs. Sever II - Ballistic (Europe) (En,Fr,De,Es,It)|Shooter|83297D13
Famicom Mini - Kidou Senshi Z Gundam - Hot Scramble (Japan) (Promo)|Shooter|FAE4FDEC
Famicom Mini 07 - Xevious (Japan) (En)|Shooter|1CD1F78C
Famicom Mini 10 - Star Soldier (Japan) (En)|Shooter|0958EE09
Famicom Mini 19 - Twin Bee (Japan)|Shooter|26A17681
Frank Herbert's Dune - Ornithopter Assault (Europe) (En,Fr,De,Es,It) (Proto)|Shooter|298D627B
Glory Days (Europe) (En,Fr,De,Es,It)|Shooter|84ADB2C3
Gradius Advance (Europe)|Shooter|3722BDFA
Gradius Galaxies (USA)|Shooter|8103428D
Gradius Generation (Japan)|Shooter|6C20EA42
Greg Hastings' Tournament Paintball Max'd (USA)|Shooter|649F7BB2
Gunstar Future Heroes (Europe) (En,Ja,Fr,De,Es,It)|Shooter|8C541D13
Gunstar Super Heroes (Japan)|Shooter|6D4307F7
Gunstar Super Heroes (USA)|Shooter|7CD86B02
Ice Nine (USA, Europe) (En,Fr,De,Es,It)|Shooter|14C23257
Invader (Europe)|Shooter|A94D6058
Iridion 3D (USA, Europe)|Shooter|34189E74
Iridion II (Europe) (En,Fr,De)|Shooter|57930C6A
Iridion II (USA)|Shooter|DD8A7104
Kaisertal - Fight the Necronis War (Europe) (Demo)|Shooter|62992510
Kikikai-kai Advance (Japan)|Shooter|1C61225B
Kill Switch (Europe) (En,Fr,De,Es,It)|Shooter|4F468670
Kill Switch (USA)|Shooter|2B207D1F
Koutetsu Teikoku from HOT-B (Japan)|Shooter|CDFAC4EE
Max Payne (USA)|Shooter|296E1092
Max Payne Advance (Europe) (En,Fr,De)|Shooter|7D902B62
Medal of Honor - Infiltrator (USA, Europe) (En,Fr,De)|Shooter|F23150A4
Medal of Honor - Underground (Europe) (En,Fr,Es,It) (Ubi Soft)|Shooter|9DB145B8
Medal of Honor - Underground (Europe) (En,Fr,Es,It) (Zoo Digital)|Shooter|72B4CF20
Medal of Honor - Underground (USA)|Shooter|6DFA0F50
Medal of Honor Advance (Japan)|Shooter|A054A4D0
Men in Black - The Series (Europe)|Shooter|56BA6858
Men in Black - The Series (USA)|Shooter|589810A5
Metal Slug Advance (Europe)|Shooter|3806F4AE
Metal Slug Advance (Japan)|Shooter|0CABA589
Metal Slug Advance (USA)|Shooter|09980880
Minority Report - Everybody Runs (USA, Europe)|Shooter|3D56EAD6
Monster Force (Europe) (En,Fr,De,Es,It)|Shooter|137B0F9A
Monster Force (USA)|Shooter|AD4691D9
Phalanx (Europe) (En,Fr,De,Es,It,Nl)|Shooter|DFCFE06C
Phalanx (Japan)|Shooter|5F419F32
Phalanx (USA)|Shooter|EB733713
Pocky & Rocky with Becky (USA)|Shooter|53A8EE86
R-Type III - The Third Lightning (Europe) (En,Fr,De,Es,It)|Shooter|41BB7F8A
R-Type III - The Third Lightning (USA)|Shooter|EA863F4D
Reign of Fire (Europe) (En,Fr,De,Es,It)|Shooter|79D7F4BC
Reign of Fire (USA) (En,Fr,De,Es,It)|Shooter|B48F8D57
Robotech - The Macross Saga (USA, Europe) (En,Fr,De,Es,It,Nl)|Shooter|325A6596
SD Gundam Force (Japan) (En)|Shooter|83417478
SD Gundam Force (USA)|Shooter|68B21289
Serious Sam Advance (Europe) (En,Fr,De)|Shooter|58199232
Serious Sam Advance (USA) (En,Fr,De)|Shooter|FDF4ECA7
Silent Scope (Europe) (En,Fr,De,Es,It)|Shooter|F03728F3
Silent Scope (Japan)|Shooter|8AB024E0
Silent Scope (USA) (En,Fr,De,Es,It)|Shooter|C5CE1B2C
Space Invaders (France)|Shooter|59372656
Space Invaders (USA, Europe)|Shooter|5EA3F3B5
Space Invaders EX (Japan) (En)|Shooter|297B9854
Star Wars - Flight of the Falcon (Europe) (En,Fr,De)|Shooter|A41D22AD
Star Wars - Flight of the Falcon (USA)|Shooter|94D2737A
Star X (Europe) (En,Fr,De,Es,It,Nl)|Shooter|9DCA9C3C
Star X (USA) (En,Fr,De,Es,It,Nl)|Shooter|8B02B2B1
Steel Empire (Europe)|Shooter|CB91922E
Strike Force Hydra (Europe)|Shooter|277D2C89
Strike Force Hydra (USA)|Shooter|5AEEA1DE
Sum of All Fears, The (Europe) (En,Fr,De,Es,It)|Shooter|AEA15C21
Sum of All Fears, The (USA) (En,Fr,De,Es,It)|Shooter|166391D1
Super Army War (USA)|Shooter|BAF484BE
Super Dropzone - Intergalactic Rescue Mission (Europe)|Shooter|BAB43D5C
Super Dropzone - Intergalactic Rescue Mission (USA)|Shooter|2B4843FE
Tom Clancy's Rainbow Six - Rogue Spear (Europe) (En,Fr,De,Es,It)|Shooter|6863CE1A
Tom Clancy's Rainbow Six - Rogue Spear (USA) (En,Fr,De,Es,It)|Shooter|23575BF2
Top Gun - Firestorm Advance (USA, Europe) (En,Fr,De,Es,It)|Shooter|FDBE5A26
Tron 2.0 - Killer App (Europe)|Shooter|3BF38352
Tron 2.0 - Killer App (USA)|Shooter|77D50EC6
Turok Evolution (Europe) (En,Fr,De,Es,It)|Shooter|07A32299
Turok Evolution (USA)|Shooter|4EDAC27A
Tyrian 2000 (USA) (Proto)|Shooter|E5ACBA28
Van Helsing (Europe) (En,Fr,De,Es,It)|Shooter|9E8748C9
Van Helsing (USA)|Shooter|36159D63
WinX Club (Europe) (En,Fr,De,Es,It)|Shooter|AFCB9CE8
WinX Club (USA)|Shooter|1D6950A3
Wings (Europe)|Shooter|6E0D29FC
Wings (USA)|Shooter|49041BC8
Wolfenstein 3D (USA, Europe)|Shooter|C4AA2B7B
World Reborn (USA) (Proto)|Shooter|4C48EBB3
