Alone in the Dark - The New Nightmare (Europe) (En,Fr,De,Es,It,Nl)|Adventure|7FF2042F
Alone in the Dark - The New Nightmare (USA) (En,Fr,Es)|Adventure|C145C036
Animorphs (Europe) (En,Fr,De,Es,It)|Adventure|7FD46DA1
Animorphs (USA)|Adventure|B4F293CC
Atlantis - The Lost Empire (Europe) (En,Es,It)|Adventure|28F7D5E3
Atlantis - The Lost Empire (Europe) (Fr,De,Nl)|Adventure|4E052510
Atlantis - The Lost Empire (USA, Europe)|Adventure|D594D24B
Batman Beyond - Return of the Joker (Japan) (NP)|Adventure|B8B1F8F8
Batman Beyond - Return of the Joker (USA)|Adventure|B32F4586
Batman of the Future - Return of the Joker (Europe) (En,Fr,De)|Adventure|F9D5B399
Benjamin Bluemchen - Ein verrueckter Tag im Zoo (Germany)|Adventure|51972995
Bibi Blocksberg - Im Bann der Hexenkugel (Germany)|Adventure|4D39FBFE
Bibi und Tina - Fohlen Felix in Gefahr (Germany)|Adventure|8874ACD4
Biohazard Gaiden (Japan)|Adventure|C2531D36
Cardcaptor Sakura - Itsumo Sakura-chan to Issho (Japan)|Adventure|89BA58ED
Cardcaptor Sakura - Itsumo Sakura-chan to Issho (Japan) (Rev A)|Adventure|43F28E22
Cardcaptor Sakura - Itsumo Sakura-chan to Issho (Japan) (Rev B)|Adventure|7243E258
Casper (Europe) (En,Es,It)|Adventure|DAEFE53C
Casper (Europe) (En,Fr,De)|Adventure|E6B9F155
Casper (USA)|Adventure|C775D653
Catwoman (Europe)|Adventure|41E78645
Catwoman (USA)|Adventure|12F0C196
Chicken Run (USA, Europe) (En,Fr,De,Es,It)|Adventure|F8BD2A01
DT - Lords of Genomes (Japan) (SGB Enhanced)|Adventure|42CEB854
Dear Daniel no Sweet Adventure - Kitty-chan o Sagashite (Japan) (SGB Enhanced)|Adventure|0FD34427
Deja Vu I & II - The Casebooks of Ace Harding (Europe) (En,Fr)|Adventure|71F798B5
Deja Vu I & II - The Casebooks of Ace Harding (Europe) (Fr,De)|Adventure|C6E7F3C6
Deja Vu I & II - The Casebooks of Ace Harding (Japan)|Adventure|BAF2CC96
Deja Vu I & II - The Casebooks of Ace Harding (USA)|Adventure|AD0937F4
Dr. Rin ni Kiitemite! - Koi no Rin Fuusui (Japan)|Adventure|EC168A61
Fish Files, The (Europe) (En,Fr,De,Es,It)|Adventure|D6ABC1F8
Get Chuu Club - Minna no Konchuu Daizukan (Japan) (Rumble Version) (SGB Enhanced)|Adventure|9EBDB6C6
Gold and Glory - The Road to El Dorado (Europe) (En,Fr,De,Es,It,Nl)|Adventure|B16F1752
Gold and Glory - The Road to El Dorado (USA)|Adventure|B7D49490
Gonta no Okiraku Daibouken (Japan)|Adventure|E45E99D2
Grand Theft Auto (Europe) (En,Fr,De,Es,It)|Adventure|25BA9231
Grand Theft Auto (USA)|Adventure|924DE366
Grand Theft Auto 2 (Europe) (En,Fr,De,Es,It)|Adventure|AD563BD9
Grand Theft Auto 2 (USA)|Adventure|68610203
Hana Yori Dango - Another Love Story (Japan)|Adventure|469F0284
Harry Potter and the Chamber of Secrets (USA, Europe) (En,Fr,De,Es,It,Nl,Pt,Sv,Da)|Adventure|136E9D0C
Harry Potter and the Sorcerer's Stone (USA, Europe) (En,Fr,De,Es,It,Nl,Pt,Sv,No,Da,Fi)|Adventure|4FD8B7C5
Harry Potter to Kenja no Ishi (Japan)|Adventure|2DA2686A
Hello Kitty no Sweet Adventure - Daniel-kun ni Aitai (Japan) (SGB Enhanced)|Adventure|45F4159B
Hype - The Time Quest (Europe) (En,Fr,De,Es,It,Nl,Sv,Da)|Adventure|24846D65
Indiana Jones and the Infernal Machine (USA, Europe) (En,Fr,De)|Adventure|7FFF1142
Janosch - Das grosse Panama-Spiel (Germany)|Adventure|32C8EE13
Kindaichi Shounen no Jikenbo - 10nenme no Shoutaijou (Japan) (SGB Enhanced)|Adventure|DE52FFDC
Kisekae Series 3 - Kisekae Hamster (Japan)|Adventure|A29D862F
LEGO Alpha Team (Europe) (En,Fr,De,Es,It,Nl,Pt,Sv,No,Da)|Adventure|690C0373
LEGO Alpha Team (USA)|Adventure|6D7EC41B
Legend of Zelda, The - Link's Awakening DX (France) (Rev A) (SGB Enhanced)|Adventure|4E2B75E7
Legend of Zelda, The - Link's Awakening DX (France) (Rev A) (SGB Enhanced)|Adventure|4E2B75E7
Legend of Zelda, The - Link's Awakening DX (France) (SGB Enhanced)|Adventure|F48824FE
Legend of Zelda, The - Link's Awakening DX (France) (SGB Enhanced)|Adventure|F48824FE
Legend of Zelda, The - Link's Awakening DX (Germany) (Rev A) (SGB Enhanced)|Adventure|EFB76777
Legend of Zelda, The - Link's Awakening DX (Germany) (Rev A) (SGB Enhanced)|Adventure|EFB76777
Legend of Zelda, The - Link's Awakening DX (Germany) (SGB Enhanced)|Adventure|FED5959B
Legend of Zelda, The - Link's Awakening DX (Germany) (SGB Enhanced)|Adventure|FED5959B
Legend of Zelda, The - Link's Awakening DX (USA, Europe) (Rev A) (SGB Enhanced)|Adventure|B38EB9DE
Legend of Zelda, The - Link's Awakening DX (USA, Europe) (Rev B) (SGB Enhanced)|Adventure|06887A34
Legend of Zelda, The - Link's Awakening DX (USA, Europe) (SGB Enhanced)|Adventure|97822948
Legend of Zelda, The - Oracle of Ages (Europe) (En,Fr,De,Es,It)|Adventure|5933E3FA
Legend of Zelda, The - Oracle of Ages (USA)|Adventure|3800A387
Legend of Zelda, The - Oracle of Seasons (Europe) (En,Fr,De,Es,It)|Adventure|DBAC1357
Legend of Zelda, The - Oracle of Seasons (USA)|Adventure|D7E9F5D7
Love Hina Party (Japan)|Adventure|034D2686
Love Hina Pocket (Japan)|Adventure|1C877ABD
McDonald's Monogatari - Honobono Tenchou Ikusei Game (Japan)|Adventure|66328695
Meitantei Conan - Karakuri Jiin Satsujin Jiken (Japan) (SGB Enhanced)|Adventure|3B5F24FC
Meitantei Conan - Kigantou Hihou Densetsu (Japan) (SGB Enhanced)|Adventure|E620FAE2
Meitantei Conan - Norowareta Kouro (Japan) (SGB Enhanced)|Adventure|CABDD802
Metal Gear - Ghost Babel (Japan)|Adventure|7831F84D
Metal Gear Solid (Europe) (En,Fr,De,Es,It)|Adventure|16796957
Metal Gear Solid (USA)|Adventure|04B0C5D6
Mission Impossible (Europe) (En,Fr,De,Es,It)|Adventure|0AF32BAA
Mission Impossible (USA) (En,Fr,Es)|Adventure|41230D11
Muteki Ou Tri-Zenon (Japan)|Adventure|0BAB7A61
Perfect Dark (USA, Europe) (En,Fr,De,Es,It) (Rumble Version)|Adventure|0601BEF6
Phantom Zona (Japan) (SGB Enhanced)|Adventure|3E43F25F
Pia Carrot e Youkoso!! 2.2 (Japan)|Adventure|2267360B
Quest for Camelot (Europe) (En,Fr,De,Es,It,Nl) (SGB Enhanced)|Adventure|CE55A4DE
Quest for Camelot (USA) (En,Fr,Es) (SGB Enhanced)|Adventure|D903DB7D
Resident Evil (Unknown) (Proto)|Adventure|53F7BBA1
Resident Evil (Unknown) (Proto) (early)|Adventure|E6E722C8
Resident Evil Gaiden (Europe) (En,Fr,De,Es,It)|Adventure|F85C3F2C
Resident Evil Gaiden (USA)|Adventure|F8C5021B
Sakura Taisen GB - Geki Hana Gumi Nyuutai! (Japan)|Adventure|EF503D50
Sakura Taisen GB2 - Thunderbolt Sakusen (Japan)|Adventure|47636A2C
Scooby-Doo! - Classic Creep Capers (USA, Europe)|Adventure|E3704755
Shadowgate Classic (USA, Europe) (En,Fr,De,Es,Sv)|Adventure|F6A876A5
Shadowgate Classic (USA, Europe) (En,Fr,De,Es,Sv) (Rev A)|Adventure|D337F450
Shadowgate Return (Japan)|Adventure|1BCD7D70
Shaman King Card Game - Chou Senjiryakketsu - Funbari Hen (Japan)|Adventure|EF10272E
Shaman King Card Game - Chou Senjiryakketsu - Meramera Hen (Japan)|Adventure|5730393D
Spider-Man (France)|Adventure|F6334DC5
Spider-Man (Japan)|Adventure|5A83DFC4
Spider-Man (USA, Europe)|Adventure|34E2B3BA
Super Doll Licca-chan - Kisekae Daisakusen (Japan)|Adventure|DF50473F
Super Gals! Kotobuki Ran (Japan)|Adventure|90379C16
Super Gals! Kotobuki Ran 2 - Miracle Getting (Japan)|Adventure|E77FA0F2
Tomb Raider (USA, Europe) (En,Fr,De,Es,It)|Adventure|2988FC78
Tomb Raider (USA, Europe) (En,Fr,De,Es,It) (Beta)|Adventure|58590868
Yakouchuu GB (Japan)|Adventure|AA05DAF1
Zelda no Densetsu - Fushigi no Kinomi - Daichi no Shou (Japan)|Adventure|E42538F0
Zelda no Densetsu - Fushigi no Kinomi - Jikuu no Shou (Japan)|Adventure|3272E6F9
Zelda no Densetsu - Yume o Miru Shima DX (Japan) (Rev A) (SGB Enhanced)|Adventure|BD8A1041
Zelda no Densetsu - Yume o Miru Shima DX (Japan) (Rev B) (SGB Enhanced)|Adventure|E998E595
Zelda no Densetsu - Yume o Miru Shima DX (Japan) (SGB Enhanced)|Adventure|D974ABEA
