A Ressha de Ikou (Japan)|Strategy|6377CB75
America Daitouryou Senkyo (Japan)|Strategy|9273F18E
Aoki Ookami to Shiroki Mejika - Genchou Hishi (Japan)|Strategy|6F4E4312
Aoki Ookami to Shiroki Mejika - Genghis Khan (Japan)|Strategy|FB69743A
Bandit Kings of Ancient China (USA)|Strategy|15FE6D0F
Barcode World (Japan)|Strategy|48CA0EE1
Battle Fleet (Japan)|Strategy|B5FF71AB
Battle Storm (Japan)|Strategy|8E373118
Battleship (Europe) (En,Fr,De,Es)|Strategy|FC5026EE
Battleship (USA)|Strategy|50CCC8ED
Bokosuka Wars (Japan)|Strategy|FE18E6B6
Castle Quest (Japan)|Strategy|BF4F4BA6
Conflict (Japan)|Strategy|A6648353
Conflict (USA)|Strategy|32CF4307
Cosmic Wars (Japan)|Strategy|9F2712DF
Dai-2-ji Super Robot Taisen (Japan)|Strategy|C48363B4
Daikaijuu Deburas (Japan)|Strategy|956E3D90
Daisenryaku (Japan)|Strategy|5A5A0CD9
Defender of the Crown (Europe)|Strategy|68F9B5F5
Defender of the Crown (France)|Strategy|2FD2E632
Defender of the Crown (USA)|Strategy|28FB71AE
Desert Commander (USA)|Strategy|68EC97CB
Dokuganryuu Masamune (Japan)|Strategy|10C8F2FA
Empereur, L' (Japan)|Strategy|6396B988
Empereur, L' (USA)|Strategy|9C18762B
Famicom Top Management (Japan)|Strategy|58507BC9
Famicom Wars (Japan) (Rev 0B)|Strategy|9B547E05
Fire Emblem - Ankoku Ryuu to Hikari no Tsurugi (Japan)|Strategy|97CAD370
Fire Emblem Gaiden (Japan)|Strategy|A98046B8
Fleet Commander (Japan)|Strategy|B811C054
Fushigi no Umi no Nadia (Japan)|Strategy|0546BD12
Future Wars - Mirai Senshi Lios (Japan)|Strategy|E94D5181
Gemfire (USA)|Strategy|0EC6C023
Genghis Khan (USA)|Strategy|2225C20F
Ginga Eiyuu Densetsu (Japan)|Strategy|8D5B77C0
Godzilla 2 - War of the Monsters (USA)|Strategy|9FB32923
Gunhed - Aratanaru Tatakai (Japan)|Strategy|E8BAA782
Hanjuku Hero (Japan)|Strategy|CD7A2FD7
Hototogisu (Japan)|Strategy|9EBDC94E
Ishin no Arashi (Japan)|Strategy|1CED086F
Just Breed (Japan)|Strategy|9CBADC25
Kabushiki Doujou (Japan)|Strategy|7172F3D4
King of Kings (Japan)|Strategy|369DA42D
King of Kings, The (USA) (v1.1) (Unl)|Strategy|A55701DD
King of Kings, The (USA) (v1.2) (Unl)|Strategy|560BF5A6
King of Kings, The (USA) (v1.3) (Unl)|Strategy|86974CCC
King of Kings, The (USA) (v5.0) (Unl)|Strategy|7EABDA5C
Little Magic (Japan)|Strategy|C9EDF585
M.U.L.E. (USA)|Strategy|0939852F
Matsumoto Tooru no Kabushiki Hisshou Gaku - Part II (Japan)|Strategy|1208E754
Matsumoto Tooru no Kabushiki Hisshou Gaku - Vol. 1 (Japan)|Strategy|ABAA6F78
Meimon! Takonishi Ouendan - Kouha 6 Nin Shuu (Japan)|Strategy|9E36080E
Money Game II, The - Kabutochou no Kiseki (Japan)|Strategy|B9AB06AA
Money Game, The (Japan)|Strategy|CFD4A281
Moulin Rouge Senki - Melville no Honoo (Japan)|Strategy|F7E07B83
NFL (USA)|Strategy|35B6FEBF
Napoleon Senki (Japan)|Strategy|06144B4A
Navy Blue (Japan)|Strategy|69BCDB8B
Nobunaga no Yabou - Bushou Fuuun Roku (Japan)|Strategy|F540677B
Nobunaga no Yabou - Sengoku Gunyuu Den (Japan)|Strategy|EEE9A682
Nobunaga no Yabou - Sengoku Gunyuu Den (Japan) (Rev A)|Strategy|F9B4240F
Nobunaga no Yabou - Zenkoku Ban (Japan)|Strategy|3F7AD415
Nobunaga no Yabou - Zenkoku Ban (Japan) (Rev A)|Strategy|2B11E0B0
Nobunaga's Ambition (USA)|Strategy|4642DDA6
Nobunaga's Ambition II (USA)|Strategy|8CE478DB
North & South (Europe)|Strategy|7BA3F8AE
North & South - Wakuwaku Nanboku Sensou (Japan)|Strategy|0FC8E9B7
North and South (USA)|Strategy|AE9F33D0
Overlord (USA)|Strategy|2856111F
Pirates! (Europe)|Strategy|441DE6D8
Pirates! (Germany)|Strategy|574E5F8B
Pirates! (USA)|Strategy|3D0996B2
President no Sentaku (Japan)|Strategy|4640EBE0
Romance of the Three Kingdoms (USA)|Strategy|C6182024
Romance of the Three Kingdoms II (USA)|Strategy|F011E490
Royal Blood (Japan)|Strategy|BC80FB52
SD Gundam - Gachapon Senshi 2 - Capsule Senki (Japan)|Strategy|A2F713C0
SD Gundam - Gachapon Senshi 3 - Eiyuu Senki (Japan)|Strategy|1066B66D
SD Gundam - Gachapon Senshi 4 - NewType Story (Japan)|Strategy|67555417
SD Gundam - Gachapon Senshi 5 - Battle of Universal Century (Japan)|Strategy|6C940A59
SD Sengoku Bushou Retsuden (Japan)|Strategy|8D26FDEA
Sangokushi (Japan)|Strategy|ABBF7217
Sangokushi (Japan) (Rev A)|Strategy|CCF35C02
Sangokushi - Chuugen no Hasha (Japan)|Strategy|E64B8975
Sangokushi II (Japan)|Strategy|184C2124
Sangokushi II (Japan) (Rev AB)|Strategy|EE8E6553
Sangokushi II - Haou no Tairiku (Japan)|Strategy|098C672A
Seiryaku Simulation - Inbou no Wakusei - Shancara (Japan)|Strategy|C22BC87B
Sensha Senryaku - Sabaku no Kitsune (Japan)|Strategy|828F8F1F
Shingen the Ruler (USA)|Strategy|BE3BF3B3
Shogun (Japan)|Strategy|44B060DA
Strategist (Asia) (NTSC) (Unl)|Strategy|34DDF806
Strategist (Asia) (PAL) (Unl)|Strategy|C06FACFC
Suikoden - Tenmei no Chikai (Japan)|Strategy|39F2CE4B
Takeda Shingen (Japan)|Strategy|0A42D84F
Takeda Shingen 2 (Japan)|Strategy|0E997CF6
Tsuppari Wars (Japan)|Strategy|972D08C5
Uchuusen Cosmo Carrier (Japan)|Strategy|3D1C3137
Venus Senki - Back the City (Japan)|Strategy|1D8BF724
Wall Street Kid (USA)|Strategy|B6661BDA
Zoids Mokushiroku (Japan)|Strategy|F3623561
