2 Games in 1 - Finding Nemo - The Continuing Adventures + The Incredibles (USA)|Adventure|D5A37AA8
2 Games in 1 - SpongeBob SquarePants - Battle for Bikini Bottom + Nicktoons - Freeze Frame Frenzy (USA)|Adventure|5802CAFD
Adventure of Tokyo Disney Sea (Japan)|Adventure|5781ACAF
Adventures of Jimmy Neutron Boy Genius, The - Attack of the Twonkies (USA, Europe)|Adventure|D59D753B
Aleck Bordon Adventure - Tower & Shaft Advance (Japan)|Adventure|E068728F
Angel Collection 2 - Pichimo ni Narou (Japan)|Adventure|7B46D462
Arctic Tale (USA)|Adventure|81397AC0
Arthur and the Invisibles (USA) (En,Fr,Es)|Adventure|87C25055
Arthur and the Minimoys (Europe) (En,Fr,De,Es,It,Nl)|Adventure|A4DAE90B
Atlantis - The Lost Empire (Europe) (En,Fr,De,Es,It,Nl)|Adventure|B3948DBC
Atlantis - The Lost Empire (USA, Europe)|Adventure|8BD224C5
Avatar - The Last Airbender (USA)|Adventure|946787C0
Avatar - The Last Airbender - The Burning Earth (USA)|Adventure|52D8D101
Avatar - The Legend of Aang (Europe) (En,Fr,De,Nl)|Adventure|52FE8A62
Avatar - The Legend of Aang - The Burning Earth (Europe) (En,De)|Adventure|EC5D6AFD
Barbie - The Princess and the Pauper (Europe) (En,Fr,De,Es,It,Nl)|Adventure|116194F2
Barbie - The Princess and the Pauper (USA)|Adventure|F508A7B7
Barbie Diaries, The - High School Mystery (Europe)|Adventure|4E8A650C
Barbie Diaries, The - High School Mystery (USA)|Adventure|5C704CBE
Barbie as the Island Princess (USA)|Adventure|DB6160EB
Batman - Vengeance (Europe) (En,Fr,De,Es,It,Nl)|Adventure|783AC0C7
Batman - Vengeance (USA) (En,Fr,Es)|Adventure|9FA17935
Bibi Blocksberg - Der Magische Hexenkreis (Germany)|Adventure|516CEAC6
Bibi und Tina - Ferien auf dem Martinshof (Germany)|Adventure|95A19C3C
Bionicle Heroes (Europe) (En,Fr,De,Es,It,Da)|Adventure|B8DC715B
Bionicle Heroes (USA) (En,Fr,De,Es,It,Da)|Adventure|F4FAFCCF
Bleach Advance - Kurenai ni Somaru Soul Society (Japan)|Adventure|9DE5CD08
Boktai - The Sun Is in Your Hand (Europe) (En,Fr,De,Es,It)|Adventure|9686C36B
Boktai - The Sun Is in Your Hand (USA)|Adventure|E715AC45
Boktai - The Sun Is in Your Hand (USA) (Sample)|Adventure|CF692572
Bokura no Taiyou - Taiyou Action RPG (Japan)|Adventure|A09C0807
Boukyaku no Senritsu (Japan)|Adventure|128EDC4F
Bratz - Babyz (Europe) (En,Es,It)|Adventure|08B89540
Bratz - Babyz (USA)|Adventure|23E8A494
Bratz - Forever Diamondz (Europe) (En,Fr,Es,It)|Adventure|DB179296
Bratz - Forever Diamondz (Germany)|Adventure|F39CADEB
Bratz - Forever Diamondz (USA)|Adventure|9E389908
Broken Sword - The Shadow of the Templars (Europe) (En,Fr,De,Es,It)|Adventure|3A23EFD7
Broken Sword - The Shadow of the Templars (USA) (En,Fr,De,Es,It)|Adventure|3278CE51
Catwoman (USA, Europe) (En,Fr,De,Es,It,Nl)|Adventure|1ADB373D
Charlie and the Chocolate Factory (Europe) (En,Fr,Es,Nl)|Adventure|2B3FCC74
Charlie and the Chocolate Factory (USA) (En,Fr,Es,Nl)|Adventure|4E90884D
Chronicles of Narnia, The - The Lion, the Witch and the Wardrobe (USA, Europe) (En,Fr,De,Es,It,Nl,Sv,Da)|Adventure|7E198522
Classic NES Series - Metroid (USA, Europe)|Adventure|B2A153C3
Classic NES Series - The Legend of Zelda (USA, Europe)|Adventure|68B1B7A8
Cosmo & Wanda - Wenn Elfen Helfen! - Das Schattenduell (Germany)|Adventure|65E88703
Croket! Great - Toki no Boukensha (Japan)|Adventure|F0E81971
Curious George (Europe) (En,Fr,De,Es,It,Sv,Da)|Adventure|EEF104B0
Curious George (USA)|Adventure|F6B549DD
Dexter's Laboratory - Deesaster Strikes! (Europe) (En,Fr,De,Es,It)|Adventure|3E8012BF
Dexter's Laboratory - Deesaster Strikes! (USA) (En,Fr,De,Es,It)|Adventure|E948D412
Dexter's Laboratory - Deesaster Strikes! (USA) (En,Fr,De,Es,It) (Rev 1)|Adventure|6BF168E6
Diadroids World - Evil Teikoku no Yabou (Japan)|Adventure|A2D6CEA6
Dokodemo Taikyoku - Yakuman Advance (Japan)|Adventure|C2424EDD
Dokodemo Taikyoku - Yakuman Advance (Japan) (Rev 1)|Adventure|A7279ED5
Dora the Explorer - Dora's World Adventure! (USA)|Adventure|7B311C5C
Dora the Explorer - Super Star Adventures! (Europe) (En,Fr,Nl)|Adventure|528BCA02
Dora the Explorer - Super Star Adventures! (USA)|Adventure|2CEE050F
Dora the Explorer - The Search for the Pirate Pig's Treasure (USA)|Adventure|9439541C
Duel Masters 2 - Kirifuda Shoubu Ver. (Japan)|Adventure|4D6A5E1D
Elemix! (Japan)|Adventure|FA28BED8
Eragon (Europe) (En,Fr,De,Es,It)|Adventure|BB05A63F
Eragon (USA)|Adventure|AF8AF2E8
Fairly OddParents!, The - Shadow Showdown (Europe)|Adventure|23188CB3
Fairly OddParents!, The - Shadow Showdown (USA)|Adventure|BA72E185
Famicom Mini 05 - Zelda no Densetsu 1 - The Hyrule Fantasy (Japan)|Adventure|114E37A1
Famicom Mini 23 - Metroid (Japan)|Adventure|ABECCDAB
Famille Delajungle, La - Le Film (France)|Adventure|AFA71C84
Foster's Home for Imaginary Friends (Europe)|Adventure|DEE47A85
Foster's Home for Imaginary Friends (USA)|Adventure|D7C80592
Frogger - Mahou no Kuni no Daibouken (Japan)|Adventure|B1EF7532
Frogger's Adventures 2 - The Lost Wand (Europe) (En,Fr,De,Es,It)|Adventure|8ACD3AFC
Frogger's Adventures 2 - The Lost Wand (USA) (En,Es)|Adventure|27B95C01
Futari wa PreCure - Arienaai! Yume no Sono wa Daimeikyuu (Japan)|Adventure|6026EECD
Gakkou no Kaidan - Hyakuyoubako no Fuuin (Japan)|Adventure|5847A906
Gakuen Alice - Dokidoki Fushigi Taiken (Japan)|Adventure|AAB51F8C
Gakuen Alice - Dokidoki Fushigi Taiken (Japan) (Rev 1)|Adventure|8CB61158
Gensou Maden Saiyuuki - Hangyaku no Toushin-taishi (Japan)|Adventure|1DFBD741
Get! - Boku no Mushi Tsukamaete (Japan)|Adventure|41EA70A3
Ghost Trap (Japan)|Adventure|81EA54E2
Grand Theft Auto Advance (Europe) (En,Fr,De,Es,It)|Adventure|4189E07F
Grand Theft Auto Advance (USA)|Adventure|1FA131E8
Gyakuten Saiban (Japan)|Adventure|C88F0952
Gyakuten Saiban (Japan) (Rev 1)|Adventure|A0F4801F
Gyakuten Saiban 2 (Japan)|Adventure|191AD26A
Gyakuten Saiban 3 (Japan)|Adventure|51B6CF22
Hamster Club 4 - Shigetchi Daidassou (Japan)|Adventure|69CF5AFB
Happy Feet (Europe) (En,Fr,De,Es,It)|Adventure|7A53173C
Happy Feet (USA) (En,Fr)|Adventure|682617CF
Harry Potter and the Chamber of Secrets (USA, Europe) (En,Fr,De,Es,It,Nl,Pt,Sv,No,Da)|Adventure|342816DB
Harry Potter and the Goblet of Fire (USA, Europe) (En,Fr,De,Es,It,Nl,Da)|Adventure|052708D7
Harry Potter and the Order of the Phoenix (Europe) (En,Fr,De,Es,It,Nl,Da)|Adventure|302B8B3D
Harry Potter and the Prisoner of Azkaban (USA, Europe) (En,Fr,De,Es,It,Nl,Da)|Adventure|C0BCCAAD
Harry Potter and the Sorcerer's Stone (USA, Europe) (En,Fr,De,Es,It,Nl,Pt,Sv,No,Da)|Adventure|F755065C
Harry Potter to Azkaban no Shuujin (Japan)|Adventure|42E590D6
Harry Potter to Himitsu no Heya (Japan)|Adventure|B485DABF
Harry Potter to Kenja no Ishi (Japan)|Adventure|A069750D
Hello Kitty Collection - Miracle Fashion Maker (Japan)|Adventure|C8F4D874
Hi Hi Puffy AmiYumi (Japan)|Adventure|90239C3D
Hi Hi Puffy AmiYumi - Kaznapped! (Europe) (En,De)|Adventure|E5531D04
Hi Hi Puffy AmiYumi - Kaznapped! (USA)|Adventure|E613AA43
Higanbana (Japan) (Rev 1)|Adventure|C23AC287
Hobbit no Bouken - Lord of the Rings - Hajimari no Monogatari (Japan)|Adventure|65FB830A
Hobbit, The (Europe) (En,Fr,De,Es,It)|Adventure|EACDFE0F
Hobbit, The (USA)|Adventure|D3F654B3
Incredibili, Gli - Una 'Normale' Famiglia di Supereroi (Italy)|Adventure|615839EF
Incredibles, The (Europe) (Fr,Nl)|Adventure|77CBDC3B
Incredibles, The (USA, Europe)|Adventure|194D5F6C
Increibles, Los (Spain)|Adventure|FC6CCADB
Inukko Club (Japan)|Adventure|D473B3C1
Jimmy Neutron un Garcon Genial - L'Attaque des Twonkies (France)|Adventure|33816E51
Juka and the Monophonic Menace (Europe) (En,Fr,De,Es,It)|Adventure|E62BFFEB
Juka and the Monophonic Menace (USA) (En,Fr,Es)|Adventure|0C04A2F9
Jurassic Park III - Advanced Action (Japan)|Adventure|D18F75E5
Jurassic Park III - Dino Attack (Europe) (En,Fr,De,Es,It)|Adventure|DDCEB011
Jurassic Park III - Island Attack (USA)|Adventure|1E7048D2
Kamaitachi no Yoru Advance (Japan)|Adventure|82B4F3FA
King Kong - The Official Game of the Movie (Europe) (En,Fr,De,Es,It,Nl)|Adventure|37387B19
Knights' Kingdom (Europe) (En,De)|Adventure|F027E89F
Knights' Kingdom (USA)|Adventure|88FE3F31
Koinu to Issho - Aijou Monogatari (Japan)|Adventure|30E209AA
Kong - The 8th Wonder of the World (USA) (En,Fr,Es)|Adventure|06079C42
Konjiki no Gashbell!! - Makai no Bookmark (Japan)|Adventure|D66379E1
LEGO Bionicle (Europe) (En,Fr,De,Es,It,Nl,Sv,Da)|Adventure|121AB9C3
LEGO Bionicle (USA) (En,Fr)|Adventure|3E5EC871
LEGO Star Wars - The Video Game (Japan)|Adventure|55A5AAF2
LEGO Star Wars - The Video Game (USA, Europe) (En,Fr,De,Es,It,Nl,Da)|Adventure|AEABFA5F
LEGO Star Wars II - The Original Trilogy (Europe) (En,Fr,De,Es,It,Da)|Adventure|BBA91C3B
LEGO Star Wars II - The Original Trilogy (USA)|Adventure|DA1E9444
Lara Croft Tomb Raider - Legend (Europe) (En,Fr,De,Es,It)|Adventure|E2FF36C7
Lara Croft Tomb Raider - Legend (USA) (En,Fr,De,Es,It)|Adventure|5A3DFB37
Lara Croft Tomb Raider - The Prophecy (Europe) (En,Fr,De,Es,It)|Adventure|4235FAC3
Lara Croft Tomb Raider - The Prophecy (Japan)|Adventure|7799E1DA
Lara Croft Tomb Raider - The Prophecy (USA) (En,Fr,De,Es,It)|Adventure|556F40FA
Legend of Zelda, The - A Link to the Past & Four Swords (Europe) (En,Fr,De,Es,It)|Adventure|5A164321
Legend of Zelda, The - A Link to the Past & Four Swords (USA, Australia)|Adventure|8E91CD13
Legend of Zelda, The - The Minish Cap (Europe) (En,Fr,De,Es,It)|Adventure|E8637292
Legend of Zelda, The - The Minish Cap (USA)|Adventure|ABCEBBB1
Legend of Zelda, The - The Minish Cap (USA) (Demo) (Kiosk)|Adventure|023DA338
Let's Ride! - Friends Forever (USA)|Adventure|8BDD13AD
Licca-chan no Oshare Nikki (Japan)|Adventure|E9F62FE0
Lizzie McGuire 2 - Lizzie Diaries (USA) (En,Fr)|Adventure|F11009F9
Lord of the Rings, The - The Fellowship of the Ring (Europe) (En,Fr,De,Es,It)|Adventure|2380B93A
Lord of the Rings, The - The Fellowship of the Ring (USA)|Adventure|EE0C58BC
Love Hina Advance - Shukufuku no Kane wa Naru Kana (Japan)|Adventure|B8E67449
Mail de Cute (Japan)|Adventure|3B984291
Meet the Robinsons (Europe) (En,Fr,De,Es,It,Nl)|Adventure|DF3E58D3
Meet the Robinsons (USA)|Adventure|3787C93C
Meitantei Conan - Akatsuki no Monument (Japan)|Adventure|C048B723
Meitantei Conan - Nerawareta Tantei (Japan)|Adventure|5F9C7A4A
Metroid - Zero Mission (Europe) (En,Fr,De,Es,It)|Adventure|F1D92E63
Metroid - Zero Mission (Europe) (En,Fr,De,Es,It) (Beta)|Adventure|B6438226
Metroid - Zero Mission (Japan)|Adventure|44B79E2B
Metroid - Zero Mission (USA)|Adventure|5C61A844
Metroid Fusion (Europe) (En,Fr,De,Es,It)|Adventure|974E46AB
Metroid Fusion (Europe) (En,Fr,De,Es,It) (Beta) (11-09-2002)|Adventure|3ACBD239
Metroid Fusion (Europe) (En,Fr,De,Es,It) (Beta) (16-09-2002)|Adventure|1605E4F7
Metroid Fusion (Japan)|Adventure|817A7E9E
Metroid Fusion (USA, Australia)|Adventure|6C75479C
Minami no Umi no Odyssey (Japan)|Adventure|6E53115B
Mission Impossible - Operation Surma (Europe) (En,Fr,De,Es,It)|Adventure|45DE1669
Mission Impossible - Operation Surma (USA) (En,Fr,Es)|Adventure|F3DC4E3E
Miteluode - Lingdian Renwu (China)|Adventure|E951865C
Miteluode Ronghe (China)|Adventure|042E5B07
Monster House (Europe)|Adventure|AA2C1837
Monster House (Europe) (En,Fr,De,Es)|Adventure|21C84334
Monster House (USA) (En,Fr)|Adventure|148B5072
Mr. Incredible (Japan)|Adventure|73FA8B2A
My Little Pony - Crystal Princess - The Runaway Rainbow (USA)|Adventure|90DBD5EB
Nancy Drew - Message in a Haunted Mansion (USA)|Adventure|7652CD25
Natural 2 - Duo (Japan)|Adventure|0DE8B4B4
Neoromance Game - Harukanaru Toki no Naka de (Japan)|Adventure|BF12B590
Neoromance Game - Harukanaru Toki no Naka de (Japan) (Rev 1)|Adventure|E4FE52DB
Nicktoons - Freeze Frame Frenzy (USA)|Adventure|A8B6766E
Oddworld - Munch's Oddysee (Germany)|Adventure|FCC570A7
Oddworld - Munch's Oddysee (USA, Europe)|Adventure|97367887
Oshare Princess 2 (Japan)|Adventure|8383FCDA
Oshare Princess 3 (Japan)|Adventure|F1E8A261
Oshare Princess 5 (Japan)|Adventure|38AF35C1
Payback (Europe) (En,Fr,De,Es,It)|Adventure|962DD201
Peter Pan - The Motion Picture Event (Europe) (En,Fr,De,Es,It)|Adventure|98C27E8A
Peter Pan - The Motion Picture Event (USA)|Adventure|8AC558CE
Pferd & Pony - Best Friends - Mein Pferd (Germany) (En,De)|Adventure|AA02CB0C
Pia Carrot e Youkoso!! 3.3 (Japan)|Adventure|254E6F31
Pirates of the Caribbean - Dead Man's Chest (USA, Europe) (En,Fr,De,Es,It)|Adventure|D1A67BE8
Pixeline i Pixieland (Denmark)|Adventure|20B72D17
Play Novel - Silent Hill (Japan)|Adventure|318A1E9B
Polar Express, The (USA, Europe) (En,Fr,De,Es,It)|Adventure|62CA5620
Power Rangers - Dino Thunder (Europe) (Fr,De)|Adventure|414BFE31
Power Rangers - Dino Thunder (USA, Europe)|Adventure|BC193EE7
Prince of Persia - The Sands of Time (Europe) (En,Fr,De,Es,It,Nl)|Adventure|F0F16B7E
Prince of Persia - The Sands of Time (USA) (En,Fr,Es)|Adventure|0C043BA6
PukuPuku Tennen Kairanban - Koi no Cupid Daisakusen (Japan)|Adventure|B57FEC3A
Robots (Europe) (En,Fr,De,Es,It)|Adventure|2ACBDB64
Robots (Japan)|Adventure|1BEB9E91
Robots (USA)|Adventure|5370AE1F
Scooby-Doo and the Cyber Chase (Europe) (En,Fr,De)|Adventure|8B0079CB
Scooby-Doo and the Cyber Chase (USA, Europe)|Adventure|CF2DBA97
Scooby-Doo! - Mystery Mayhem (Europe) (En,Fr,De)|Adventure|5348A655
Scooby-Doo! - Mystery Mayhem (USA) (En,Fr)|Adventure|3D389A12
Scurge - Hive (Europe) (En,Fr,De,Es,It)|Adventure|2C119783
Scurge - Hive (USA) (En,Fr,Es)|Adventure|1AE38AC0
Shaman King - Legacy of the Spirits - Soaring Hawk (USA)|Adventure|798593A5
Shaman King - Legacy of the Spirits - Sprinting Wolf (USA)|Adventure|FA1AA3F6
Shaman King - Master of Spirits (Europe) (En,Fr,De)|Adventure|4864B878
Shaman King - Master of Spirits (USA)|Adventure|10E554AE
Shaman King Card Game - Chou Senjiryakketsu 2 (Japan)|Adventure|CB9A390A
Shin Kisekae Monogatari (Japan)|Adventure|B65095BF
Shrek 2 - Beg for Mercy (Europe) (Fr,De,Es,It)|Adventure|B6E091CE
Shrek 2 - Beg for Mercy (USA, Europe)|Adventure|F1861610
Sister Princess - RePure (Japan)|Adventure|6845C671
Slime Morimori Dragon Quest - Shougeki no Shippo Dan (Japan)|Adventure|1194D33B
Sound of Thunder, A (Europe) (En,Fr,De,Es,It)|Adventure|CF404AEE
Sound of Thunder, A (USA) (En,Fr,De,Es,It)|Adventure|72894E1B
Spider-Man 3 (Europe)|Adventure|6BE8D68C
Spider-Man 3 (France)|Adventure|450D1D48
Spider-Man 3 (Germany)|Adventure|FDA3C9DD
Spider-Man 3 (Italy)|Adventure|E8FB4B9A
Spider-Man 3 (Spain)|Adventure|E6251FD3
Spider-Man 3 (USA)|Adventure|AD0228A1
SpongeBob SquarePants and Friends in Freeze Frame Frenzy (Europe) (En,Fr,De,Es,Nl)|Adventure|FC339FC7
Star Wars - Episode II - Attack of the Clones (Europe) (En,Fr,De,Es,It)|Adventure|C492C46D
Star Wars - Episode II - Attack of the Clones (USA)|Adventure|8FB5E2C6
Star Wars - Episode III - Revenge of the Sith (Europe) (En,Fr,De,Es,It,Nl)|Adventure|FD49236B
Star Wars - Episode III - Revenge of the Sith (USA) (En,Fr,Es)|Adventure|3E34AAB7
Star Wars Trilogy - Apprentice of the Force (Europe) (En,Fr,De,Es,It,Nl)|Adventure|C9F0C492
Star Wars Trilogy - Apprentice of the Force (USA) (En,Fr,Es)|Adventure|714A0D3A
Strawberry Shortcake - Summertime Adventure (USA)|Adventure|7FEC3419
Strawberry Shortcake - Summertime Adventure - Special Edition (USA)|Adventure|5A66CAFA
Tanbi Musou - Meine Liebe (Japan)|Adventure|2785CB89
Tantei Gakuen Q - Kyuukyoku Trick ni Idome! (Japan)|Adventure|77C172BD
Tantei Gakuen Q - Meitantei wa Kimi da! (Japan)|Adventure|552F0D90
Tantei Jinguuji Saburou - Shiroi Kage no Shoujo (Japan)|Adventure|3C21D7E0
Teen Titans (USA) (En,Fr)|Adventure|12A0442C
Teen Titans 2 (USA) (En,Fr)|Adventure|CCACD823
Terminator 3 - Rise of the Machines (Europe) (En,Fr,De,Es,It)|Adventure|16C3CAC3
Terminator 3 - Rise of the Machines (USA)|Adventure|F74B3C7D
Thunderbirds (USA, Europe)|Adventure|F09B7BB0
Titeuf - Ze Gagmachine (France)|Adventure|47BC61B5
Tokyo Majin Gakuen - Fuju Houroku (Japan)|Adventure|E05CEF9D
Tom Clancy's Splinter Cell (Europe) (En,Fr,De,Es,It,Nl)|Adventure|7ECD29CE
Tom Clancy's Splinter Cell (Europe) (En,Fr,De,Es,It,Nl) (Beta)|Adventure|E07BA799
Tom Clancy's Splinter Cell (USA) (En,Fr,Es)|Adventure|308BA69C
Tom Clancy's Splinter Cell - Pandora Tomorrow (Europe) (En,Fr,De,Es,It,Nl)|Adventure|F007DFE1
Tom Clancy's Splinter Cell - Pandora Tomorrow (USA) (En,Fr,Es)|Adventure|AEFB7B54
Tomato Adventure (Japan)|Adventure|E37CA939
Tootuff - The Gagmachine (Europe) (En,Fr,De,Es,It) (Proto)|Adventure|3E69A610
Twin Series 5 - Mahou no Kuni no Cake-ya-san Monogatari + Wanwan Meitantei EX (Japan)|Adventure|2C582FF3
Ty the Tasmanian Tiger 3 - Night of the Quinkan (USA)|Adventure|CF467E1B
Unglaublichen, Die (Germany)|Adventure|BDC06E57
Urban Yeti! (USA, Europe)|Adventure|4C53BA49
VeggieTales - LarryBoy and the Bad Apple (USA)|Adventure|B5213253
Wagamama Fairy Mirumo de Pon! - 8 Nin no Toki no Yousei (Japan)|Adventure|5E5C008C
Wagamama Fairy Mirumo de Pon! - Dokidoki Memorial Panic (Japan)|Adventure|5EFFDC65
Wagamama Fairy Mirumo de Pon! - Nazo no Kagi to Shinjitsu no Tobira (Japan)|Adventure|AE2FB113
Wagamama Fairy Mirumo de Pon! - Ougon Maracas no Densetsu (Japan)|Adventure|7D21F61F
Wagamama Fairy Mirumo de Pon! - Yume no Kakera (Japan)|Adventure|A606C803
Wanko Mix Chiwanko World (Japan)|Adventure|253AD05E
Wanko de Kururin! Wancle (Japan)|Adventure|E93F547B
Wanwan Meitantei (Japan)|Adventure|5F41C9FE
Wild Thornberrys Movie, The (USA) (Beta)|Adventure|E41720F5
Wild Thornberrys Movie, The (USA, Europe)|Adventure|4E2C47BC
X-Men 2 - La Vengeance de Wolverine (France)|Adventure|82373B44
X2 - Wolverine's Revenge (USA, Europe)|Adventure|41A92220
Yu Yu Hakusho - Ghostfiles - Spirit Detective (Europe) (En,Fr,De,Es,It)|Adventure|208D77EC
Yu Yu Hakusho - Ghostfiles - Spirit Detective (USA)|Adventure|D3784B52
Zelda no Densetsu - Fushigi no Boushi (Japan)|Adventure|6CE771A5
Zelda no Densetsu - Kamigami no Triforce & 4tsu no Tsurugi (Japan)|Adventure|81E42BEE
Zero One (Japan)|Adventure|84A4C1B4
Zero One SP (Japan)|Adventure|FD6CE886
Zettaizetsumei Dangerous Jiisan Tsuu - Ikari no Oshioki Blues (Japan)|Adventure|99273EE3
Zoey 101 (USA)|Adventure|9CF348A8
