Advance Wars (Europe) (En,Fr,De,Es)|Strategy|66FB29E9
Advance Wars (USA)|Strategy|DBEF116C
Advance Wars (USA) (Rev 1)|Strategy|26FD0FC9
Advance Wars 2 - Black Hole Rising (Europe) (En,Fr,De,Es,It)|Strategy|5A09AAE6
Advance Wars 2 - Black Hole Rising (USA, Australia)|Strategy|5AD0E571
Aigle de Guerre, L' (France)|Strategy|36A0E152
Aka-chan Doubutsuen (Japan)|Strategy|B50CD166
Angel Collection - Mezase! Gakuen no Fashion Leader (Japan)|Strategy|DA6555D8
Angelique (Japan)|Strategy|C9D41F35
Black Matrix Zero (Japan)|Strategy|2B2AFA2E
Boku wa Koukuu Kanseikan (Japan) (Rev 1)|Strategy|5E3B163E
Bokujou Monogatari - Mineral Town no Nakama-tachi (Japan)|Strategy|09185657
Bokujou Monogatari - Mineral Town no Nakama-tachi for Girl (Japan)|Strategy|7C26672F
Cardcaptor Sakura - Sakura Card Hen - Sakura to Card to Otomodachi (Japan)|Strategy|D5BB189C
Combat Choro Q - Advance Daisakusen (Japan)|Strategy|4E5BFA90
Creatures (Europe) (En,Es,It)|Strategy|4F18F57E
Creatures (Europe) (En,Fr,De)|Strategy|68206301
Daisenryaku for Game Boy Advance (Japan)|Strategy|3D644946
Defender of the Crown (Europe)|Strategy|6968959A
Defender of the Crown (USA)|Strategy|DE6698FE
Dokidoki Cooking Series 1 - Komugi-chan no Happy Cake (Japan)|Strategy|FE198026
Dokidoki Cooking Series 2 - Gourmet Kitchen - Suteki na Obentou (Japan)|Strategy|08DFC956
Dragon Ball Z - Collectible Card Game (USA)|Strategy|F6124D7F
Duel Masters (Japan)|Strategy|0D32851A
Duel Masters - Sempai Legends (Europe) (En,Fr,De,Es,It)|Strategy|2FFF9BA9
Duel Masters - Sempai Legends (USA)|Strategy|1CE344CA
Duel Masters - Shadow of the Code (Europe) (En,Fr,De,Es,It)|Strategy|9D429F3E
Duel Masters - Shadow of the Code (USA)|Strategy|94D9053D
Duel Masters 2 - Invincible Advance (Japan)|Strategy|4A7DE98E
Duel Masters 3 (Japan)|Strategy|D65E3E03
Famicom Mini - Dai-2-ji Super Robot Taisen (Japan) (Promo)|Strategy|423B8FC5
Famicom Mini 30 - SD Gundam World - Gachapon Senshi Scramble Wars (Japan)|Strategy|9ED2DAEB
Fancy Pocket (Japan)|Strategy|A29A50E7
Final Fantasy Tactics Advance (Europe) (En,Fr,De,Es,It)|Strategy|BA5DE047
Final Fantasy Tactics Advance (Japan)|Strategy|A57B0034
Final Fantasy Tactics Advance (USA, Australia)|Strategy|5645E56C
Fire Emblem (Europe) (En,Es,It)|Strategy|9DECC754
Fire Emblem (Europe) (En,Fr,De)|Strategy|4A805ED1
Fire Emblem (USA, Australia)|Strategy|2A524221
Fire Emblem - Fuuin no Tsurugi (Japan)|Strategy|D38763E1
Fire Emblem - Rekka no Ken (Japan)|Strategy|F0C10E72
Fire Emblem - Rekka no Ken (Japan) (Beta) (06-02-2003)|Strategy|B40D6854
Fire Emblem - Rekka no Ken (Japan) (Beta) (19-02-2003)|Strategy|8146A270
Fire Emblem - Seima no Kouseki (Japan)|Strategy|9D76826F
Fire Emblem - Seima no Kouseki (Japan) (Beta)|Strategy|CD9D8972
Fire Emblem - The Sacred Stones (Europe) (En,Fr,De,Es,It)|Strategy|B3005195
Fire Emblem - The Sacred Stones (USA, Australia)|Strategy|A47246AE
Fortress (USA, Europe)|Strategy|BEE67855
Gakkou o Tsukurou!! Advance (Japan)|Strategy|6EB70422
Gakuen Senki Muryou (Japan)|Strategy|82983321
Galaxy Angel Game Boy Advance - Moridakusan Tenshi no Full-Course - Okawari Jiyuu (Japan)|Strategy|B99E2333
Hamster Monogatari 2 GBA (Japan)|Strategy|617724C5
Hamster Monogatari 3 GBA (Japan)|Strategy|C99D3787
Hamster Monogatari 3EX 4 Special (Japan)|Strategy|5DCBCC79
Hanabi Hyakkei Advance (Japan)|Strategy|173A6C4A
Harvest Moon - Friends of Mineral Town (Europe)|Strategy|F50F82AD
Harvest Moon - Friends of Mineral Town (Germany)|Strategy|C11757D7
Harvest Moon - Friends of Mineral Town (USA)|Strategy|8E923168
Harvest Moon - More Friends of Mineral Town (USA)|Strategy|1736B957
Hello! Idol Debut - Kids Idol Ikusei Game (Japan)|Strategy|304BDFC3
Hitsuji no Kimochi. (Japan)|Strategy|D4EAC9B1
Jurassic Park III - Kyouryuu ni Ainiikou! (Japan)|Strategy|F2BF8990
Jurassic Park III - Park Builder (Europe) (En,Fr,De,Es,It)|Strategy|51061EFF
Jurassic Park III - Park Builder (USA)|Strategy|EDDDCF19
Kami no Kijutsu - Illusion of the Evil Eyes (Japan)|Strategy|906C73AD
Kawaii Pet Shop Monogatari 3 (Japan)|Strategy|39AEFB7B
Kid's Cards (USA)|Strategy|6F931445
Kidou Senshi Gundam Seed - Tomo to Kimi to Koko de. (Japan)|Strategy|73BF384B
Kikaika Guntai - Mech Platoon (Japan)|Strategy|A2FA4248
Kiss x Kiss Seirei Gakuen (Japan)|Strategy|0C368530
Koinu to Issho 2 (Japan)|Strategy|2D2AC33B
Konjiki no Gashbell!! The Card Battle for GBA (Japan)|Strategy|E1E26F2A
Lea - Passion Veterinaire (France) (En,Fr)|Strategy|6A808027
Majokko Cream-chan no Gokko Series 1 - Wannyan Idol Gakuen (Japan)|Strategy|91BEBBEE
Majokko Cream-chan no Gokko Series 2 - Kisekae Angel (Japan)|Strategy|2ED6C55F
Manga-ka Debut Monogatari (Japan)|Strategy|61A602D7
Manga-ka Debut Monogatari (Japan) (Rev 1)|Strategy|F0C22C62
Marie, Elie & Anis no Atelier - Soyokaze kara no Dengon (Japan)|Strategy|1B70A454
Mech Platoon (Europe) (En,Fr,De,Es,It)|Strategy|4B3E0531
Mech Platoon (USA)|Strategy|769FDE96
Mega Man Battle Chip Challenge (Europe)|Strategy|5B4631F9
Mega Man Battle Chip Challenge (USA)|Strategy|26BE44FD
Meine Tierpension (Germany) (En,De)|Strategy|78AD82FF
Mijn Dierenpension (Netherlands) (En,Nl)|Strategy|310EB2FE
Mini Moni. - Mika no Happy Morning Chatty (Japan)|Strategy|492CF823
Monster Farm Advance (Japan)|Strategy|C140FF7A
Monster Farm Advance 2 (Japan)|Strategy|1B14CF53
Monster Rancher Advance (USA)|Strategy|42CFA4B5
Monster Rancher Advance 2 (USA)|Strategy|1D695B1B
Nakayoshi Pet Advance Series 1 - Kawaii Hamster (Japan)|Strategy|74930B16
Nakayoshi Pet Advance Series 2 - Kawaii Koinu (Japan)|Strategy|954DA3E6
Nakayoshi Pet Advance Series 4 - Kawaii Koinu Mini - Wankoto Asobou!! Kogata-ken (Japan)|Strategy|AE2A69F3
Nakayoshi Youchien - Sukoyaka Enji Ikusei Game (Japan)|Strategy|1276A95C
Nakayoshi Youchien - Sukoyaka Enji Ikusei Game (Japan) (Rev 1)|Strategy|B46DACA0
Napoleon (Japan)|Strategy|FA016764
Naruto - Konoha Senki (Japan)|Strategy|11829AFA
Naruto - Konoha Senki (Japan) (Rev 1)|Strategy|69CF0418
Nobunaga Ibun (Japan)|Strategy|526AB88E
Nobunaga no Yabou (Japan)|Strategy|EF23C79E
Ohanaya-san Monogatari GBA - Iyashikei Ohanaya-san Ikusei Game (Japan)|Strategy|D5059733
Onimusha Tactics (Europe)|Strategy|63AA930A
Onimusha Tactics (Japan)|Strategy|B521C635
Onimusha Tactics (USA)|Strategy|70475D7F
Oshaberi Inko Club (Japan)|Strategy|DF6901F0
Paws & Claws - Pet Resort (USA)|Strategy|E58DA71E
Pikapika Nurse Monogatari - Nurse Ikusei Game (Japan)|Strategy|80A081FE
Puppy Luv - Spa and Resort (USA)|Strategy|04146DD6
Rebelstar - Tactical Command (Europe) (En,Fr,De,Es,It)|Strategy|E448C5D4
Rebelstar - Tactical Command (USA)|Strategy|FB6C590F
Rockman EXE Battle Chip GP (Japan)|Strategy|9217FB18
SD Gundam G Generation Advance (Japan)|Strategy|7DAF215C
Sangokushi (Japan)|Strategy|F3D3C239
Sangokushi - Eiketsuden (Japan)|Strategy|A4A1C956
Sangokushi - Koumeiden (Japan)|Strategy|765043FF
Sea Trader - Rise of Taipan (USA)|Strategy|7597E8C1
Sheep (Europe) (En,Fr,De,Es,It)|Strategy|75A92925
Shin Megami Tensei Devil Children - Messiah Riser (Japan)|Strategy|0EC98C51
Shining Force - Kuroki Ryuu no Fukkatsu (Japan)|Strategy|4A643CC4
Shining Force - Resurrection of the Dark Dragon (Europe) (En,Fr,De,Es,It)|Strategy|07B06994
Shining Force - Resurrection of the Dark Dragon (USA)|Strategy|563AA3A0
SimCity 2000 (Europe) (En,Fr,De,Es,It)|Strategy|A74187D3
SimCity 2000 (Europe) (En,Fr,De,Es,It) (Rev 1)|Strategy|95C79648
SimCity 2000 (USA)|Strategy|733751B3
Super Robot Taisen - Original Generation (Europe)|Strategy|BDB86CAA
Super Robot Taisen - Original Generation (Japan)|Strategy|75127EC4
Super Robot Taisen - Original Generation (USA)|Strategy|58E86266
Super Robot Taisen - Original Generation 2 (Japan)|Strategy|A608800F
Super Robot Taisen - Original Generation 2 (USA)|Strategy|2AEE0380
Super Robot Taisen A (Japan)|Strategy|2F6E9788
Super Robot Taisen D (Japan)|Strategy|EFB45117
Super Robot Taisen J (Japan)|Strategy|C956FD37
Super Robot Taisen R (Japan)|Strategy|DF7F91BC
Tactics Ogre - The Knight of Lodis (USA)|Strategy|6649D2CE
Tactics Ogre Gaiden - The Knight of Lodis (Japan)|Strategy|0167A878
Tales of the World - Summoner's Lineage (Japan)|Strategy|9C534023
Tokimeki Yume Series 1 - Ohanaya-san ni Narou! (Japan)|Strategy|6EEA16BD
Uchuu no Stellvia (Japan)|Strategy|A00A4530
V-Master Cross (Japan)|Strategy|251B2503
Wannyan Doubutsu Byouin - Doubutsu no Oishasan Ikusei Game (Japan)|Strategy|6DE82857
Wannyan Doubutsu Byouin - Doubutsu no Oishasan Ikusei Game (Japan) (Rev 1)|Strategy|B12D2724
Worms World Party (Europe) (En,Fr,De,Es,It)|Strategy|8EE32CBE
Worms World Party (USA) (En,Fr,De,Es,It)|Strategy|E8789C18
Yggdra Union (Japan)|Strategy|A86F844A
Yggdra Union - We'll Never Fight Alone (Europe)|Strategy|3E0DF130
Yggdra Union - We'll Never Fight Alone (USA)|Strategy|3BFA68F7
Yu Yu Hakusho - Ghostfiles - Tournament Tactics (USA, Europe)|Strategy|AEF6B7CC
Yu-Gi-Oh! - 7 Trials to Glory - World Championship Tournament 2005 (USA) (En,Ja,Fr,De,Es,It)|Strategy|584DB6A6
Yu-Gi-Oh! - Day of the Duelist - World Championship Tournament 2005 (Europe) (En,Ja,Fr,De,Es,It)|Strategy|17988E9B
Yu-Gi-Oh! - Destiny Board Traveler (Europe) (En,Fr,De,Es,It)|Strategy|AE1A8E9D
Yu-Gi-Oh! - Destiny Board Traveler (USA)|Strategy|611E7BBD
Yu-Gi-Oh! - Dungeon Dice Monsters (Europe) (En,Fr,De,Es,It)|Strategy|EE317F69
Yu-Gi-Oh! - Dungeon Dice Monsters (Japan)|Strategy|51B35E87
Yu-Gi-Oh! - Dungeon Dice Monsters (USA) (En,Es)|Strategy|8B5E0A27
Yu-Gi-Oh! - Reshef of Destruction (Europe) (En,Fr,De,Es,It)|Strategy|460E073F
Yu-Gi-Oh! - Reshef of Destruction (USA)|Strategy|09E0C559
Yu-Gi-Oh! - Sugoroku no Sugoroku (Japan)|Strategy|8D52B3C5
Yu-Gi-Oh! - The Eternal Duelist Soul (USA)|Strategy|DFD07A36
Yu-Gi-Oh! - The Sacred Cards (Europe) (En,Fr,De,Es,It)|Strategy|D19DB37C
Yu-Gi-Oh! - The Sacred Cards (USA)|Strategy|141FB1CC
Yu-Gi-Oh! - Ultimate Masters - World Championship Tournament 2006 (USA) (En,Ja,Fr,De,Es,It)|Strategy|F968A196
Yu-Gi-Oh! - Ultimate Masters Edition - World Championship Tournament 2006 (Europe) (En,Ja,Fr,De,Es,It)|Strategy|CEDE4060
Yu-Gi-Oh! - World Championship Tournament 2004 (Europe) (En,Ja,Fr,De,Es,It)|Strategy|31EDEF1B
Yu-Gi-Oh! - World Championship Tournament 2004 (USA) (En,Ja,Fr,De,Es,It)|Strategy|69B6F229
Yu-Gi-Oh! - Worldwide Edition - Stairway to the Destined Duel (Europe) (En,Ja,Fr,De,Es,It)|Strategy|ACA5FFC6
Yu-Gi-Oh! - Worldwide Edition - Stairway to the Destined Duel (USA) (En,Ja,Fr,De,Es,It)|Strategy|39B5E771
Yu-Gi-Oh! Duel Monsters 5 Expert 1 (Japan)|Strategy|F3041E7E
Yu-Gi-Oh! Duel Monsters 6 Expert 2 (Japan)|Strategy|A7054D60
Yu-Gi-Oh! Duel Monsters 7 - Kettou Toshi Densetsu (Japan)|Strategy|B9BE9B91
Yu-Gi-Oh! Duel Monsters 8 - Hametsu no Daijashin (Japan)|Strategy|681DAF1F
Yu-Gi-Oh! Duel Monsters Expert 2006 (Japan) (En,Ja,Fr,De,Es,It)|Strategy|7A1019E6
Yu-Gi-Oh! Duel Monsters Expert 3 (Japan) (En,Ja,Fr,De,Es,It)|Strategy|7AB1EC04
Yu-Gi-Oh! Duel Monsters GX - Mezase Duel King! (Japan)|Strategy|F4295DA8
Yu-Gi-Oh! Duel Monsters International - Worldwide Edition (Japan) (En,Ja,Fr,De,Es,It)|Strategy|98507497
Yu-Gi-Oh! Duel Monsters International - Worldwide Edition (Japan) (En,Ja,Fr,De,Es,It) (Rev 1)|Strategy|1BECF9D3
Yu-Gi-Oh! Duel Monsters International 2 (Japan) (En,Ja)|Strategy|6DCFB879
Yu-Gi-Oh! GX - Duel Academy (Europe)|Strategy|3FB2ABDA
Yu-Gi-Oh! GX - Duel Academy (USA)|Strategy|3B8A00FE
Yumemi-chan no Naritai Series 3 - Watashi no Makesalon (Japan)|Strategy|4D35AAB7
Z.O.E. 2173 - Testament (Japan)|Strategy|9FEEF66D
Zone of the Enders - The Fist of Mars (Europe) (En,Fr,De)|Strategy|973496E0
Zone of the Enders - The Fist of Mars (USA)|Strategy|24244415
