Goukaku Boy GOLD - Shikakui Atama o Maruku Suru - Joushiki no Sho (Japan)|Educational|26772E04
Goukaku Boy GOLD - Shikakui Atama o Maruku Suru - Joushiki no Sho (Japan) (Special Edition)|Educational|5D43A385
Goukaku Boy GOLD - Shikakui Atama o Maruku Suru - Kanji no Tatsujin (Japan) (Special Edition)|Educational|62B00F69
Goukaku Boy GOLD - Shikakui Atama o Maruku Suru - Keisan no Tatsujin (Japan)|Educational|71ACBB67
Goukaku Boy GOLD - Shikakui Atama o Maruku Suru - Nanmon no Sho (Japan)|Educational|3C907F2C
Goukaku Boy GOLD - Shikakui Atama o Maruku Suru - Zukei no Tatsujin (Japan)|Educational|479E2C18
Goukaku Boy Series - Shikakui Atama o Maruku Suru - Kokugo Battle Hen (Japan)|Educational|8BD567D1
Goukaku Boy Series - Shikakui Atama o Maruku Suru - Kokugo Battle Hen (Japan) (Special Edition)|Educational|7E6E16D5
Goukaku Boy Series - Shikakui Atama o Maruku Suru - Rika Battle Hen (Japan)|Educational|C34AE38F
Goukaku Boy Series - Shikakui Atama o Maruku Suru - Rika Battle Hen (Japan) (Special Edition)|Educational|62AA54A4
Goukaku Boy Series - Shikakui Atama o Maruku Suru - Sansuu Battle Hen (Japan)|Educational|0DADB829
Goukaku Boy Series - Shikakui Atama o Maruku Suru - Sansuu Battle Hen (Japan) (Special Edition)|Educational|DE74FD69
Goukaku Boy Series - Shikakui Atama o Maruku Suru - Shakai Battle Hen (Japan)|Educational|87F0CFAD
Goukaku Boy Series - Shikakui Atama o Maruku Suru - Shakai Battle Hen (Japan) (Special Edition)|Educational|8BA62B3D
Goukaku Boy Series - Shikakui Atama o Maruku Suru - Suuji de Asobou Sansuu Hen (Japan)|Educational|F141B2DC
Goukaku Boy Series - Shikakui Atama o Maruku Suru - Suuji de Asobou Sansuu Hen (Japan) (Rev A)|Educational|74821248
Goukaku Boy Series - Z Kai (Reibun de Oboeru) Chuugaku Eitango 1132 (Japan)|Educational|DC010F04
Goukaku Boy Series - Z Kai (Reibun de Oboeru) Kyuukyoku no Kobun Tango (Japan)|Educational|99062C13
InfoGenius Productivity Pak - Berlitz French Translator (USA, Europe)|Educational|80485FDA
InfoGenius Productivity Pak - Berlitz Spanish Translator (USA, Europe)|Educational|058EEEDB
InfoGenius Productivity Pak - Spell Checker and Calculator (USA)|Educational|754496BB
