2 Game Pack! - Hot Wheels - Stunt Track Challenge + Hot Wheels - World Race (USA, Europe)|Miscellaneous|20929EC1
2 Game Pack! - Uno & Skip-Bo (Europe) (En,Fr,De,Es,It)|Miscellaneous|E2018633
2 Game Pack! - Uno + Skip-Bo (USA)|Miscellaneous|0E2AF604
2 Games in 1 - Alla Ricerca di Nemo + Gli Incredibili - Una 'Normale' Famiglia di Supereroi (Italy) (Es,It+It)|Miscellaneous|9EA46982
2 Games in 1 - Buscando a Nemo + Los Increibles (Spain) (Es,It+Es)|Miscellaneous|D7AC0697
2 Games in 1 - Cartoon Network Block Party + Cartoon Network Speedway (USA)|Miscellaneous|B3D323E4
2 Games in 1 - Columns Crown + ChuChu Rocket! (Europe) (En+En,Ja,Fr,De,Es)|Miscellaneous|0BEAA2F4
2 Games in 1 - Die Monster AG + Findet Nemo (Germany)|Miscellaneous|4FD20E32
2 Games in 1 - Dragon Ball Z - The Legacy of Goku I & II (USA)|Miscellaneous|ACE78C4F
2 Games in 1 - Findet Nemo + Die Unglaublichen (Germany)|Miscellaneous|5DB86E1C
2 Games in 1 - Findet Nemo + Findet Nemo - Das Abenteuer Geht Weiter (Germany) (De+Fr,De,Nl)|Miscellaneous|60A35C6E
2 Games in 1 - Finding Nemo + Finding Nemo - The Continuing Adventures (Europe) (En+En,Es,It,Sv,Da)|Miscellaneous|72D5F428
2 Games in 1 - Finding Nemo + Finding Nemo - The Continuing Adventures (Europe) (Es,It+En,Es,It,Sv,Da)|Miscellaneous|73444273
2 Games in 1 - Finding Nemo + Finding Nemo - The Continuing Adventures (Europe) (Fr,Nl+Fr,De,Nl)|Miscellaneous|2E5EDA0D
2 Games in 1 - Finding Nemo + The Incredibles (Europe)|Miscellaneous|9702ABCE
2 Games in 1 - Finding Nemo + The Incredibles (Europe) (Fr,Nl)|Miscellaneous|2D4D69FA
2 Games in 1 - Golden Nugget Casino + Texas Hold 'em Poker (USA)|Miscellaneous|6F88E088
2 Games in 1 - Monsters & Co. + Alla Ricerca di Nemo (Italy) (En,Fr,It+Es,It)|Miscellaneous|06715995
2 Games in 1 - Monsters en Co. + Finding Nemo (Netherlands) (En,Es,Nl+Fr,Nl)|Miscellaneous|8F66CAD4
2 Games in 1 - Monsters, Inc. + Finding Nemo (Europe)|Miscellaneous|6CB47552
2 Games in 1 - Monsters, Inc. + Finding Nemo (USA)|Miscellaneous|AD1C5818
2 Games in 1 - Monstres & Cie + Le Monde de Nemo (France) (En,Fr,It+Fr,Nl)|Miscellaneous|20298A03
2 Games in 1 - Monstruos, S.A. + Buscando a Nemo (Spain) (En,Es,Nl+Es,It)|Miscellaneous|9FF018F9
2 Games in 1 - Moto GP + GT Advance 3 - Pro Concept Racing (Europe) (En,Fr,De,Es,It+En)|Miscellaneous|51D6CEB0
2 Games in 1 - Scooby-Doo + Scooby-Doo 2 - Desatado (Spain) (Es+En,Fr,De,Es,It)|Miscellaneous|D21582D0
2 Games in 1 - Scooby-Doo + Scooby-Doo 2 - Les Monstres Se Dechainent (France) (Fr+En,Fr,De,Es,It)|Miscellaneous|802C9234
2 Games in 1 - Scooby-Doo + Scooby-Doo 2 - Monsters Unleashed (Europe)|Miscellaneous|BFCD892E
2 Games in 1 - Scooby-Doo + Scooby-Doo 2 - Monsters Unleashed (USA)|Miscellaneous|1F023DBE
2 Games in 1 - Sonic Advance + ChuChu Rocket! (Europe) (En,Ja,Fr,De,Es)|Miscellaneous|22489C7C
2 Games in 1 - Sonic Advance + Sonic Battle (Europe) (En,Ja,Fr,De,Es+En,Ja,Fr,De,Es,It)|Miscellaneous|94CF5B2B
2 Games in 1 - Sonic Advance + Sonic Pinball Party (Europe) (En,Ja,Fr,De,Es+En,Ja,Fr,De,Es,It)|Miscellaneous|1127DC09
2 Games in 1 - Sonic Battle + ChuChu Rocket! (Europe) (En,Ja,Fr,De,Es,It+En,Ja,Fr,De,Es)|Miscellaneous|2C57E588
2 Games in 1 - Sonic Battle + Sonic Pinball Party (Europe) (En,Ja,Fr,De,Es,It)|Miscellaneous|A50DE233
2 Games in 1 - Sonic Pinball Party + Columns Crown (Europe) (En,Ja,Fr,De,Es,It+En)|Miscellaneous|8577A000
2 Games in 1 - SpongeBob SquarePants - Battle for Bikini Bottom + Jimmy Neutron Boy Genius (Europe) (En,Fr,De+En,Fr,De,Es)|Miscellaneous|4BA7F7CB
2 Games in 1 - The SpongeBob SquarePants Movie + SpongeBob SquarePants and Friends in Freeze Frame Frenzy (Europe) (En,Fr,De,Es,It,Nl+En,Fr,De,Es,Nl)|Miscellaneous|A04CEBFE
2 Games in 1! - Dragon Ball Z - Buu's Fury + Dragon Ball GT - Transformation (USA)|Miscellaneous|280587F2
2 Games in One! - Gauntlet + Rampart (Europe) (En,Fr,De,Es,It)|Miscellaneous|36717B52
2 Games in One! - Gauntlet + Rampart (USA)|Miscellaneous|5F255362
2 Games in One! - Marble Madness + Klax (Europe) (En,Fr,De,Es,It)|Miscellaneous|40DA6C26
2 Games in One! - Marble Madness + Klax (USA)|Miscellaneous|5DA05880
2 Games in One! - Paperboy + Rampage (Europe) (En,Fr,De,Es,It)|Miscellaneous|44E1761A
2 Games in One! - Paperboy + Rampage (USA)|Miscellaneous|79FE9284
2 Jeux en 1 - Titeuf - Ze Gagmachine + Titeuf - Mega Compet (France)|Miscellaneous|0A5965F4
2 in 1 - Asterix & Obelix - Bash Them All! + Asterix & Obelix XXL (Europe) (En,Fr,De,Es,It,Nl)|Miscellaneous|183A2207
2 in 1 Game Pack - Shrek 2 & Shark Tale (Europe) (En,Fr,De,Es,It,Sv+En,Fr,De,Es,It)|Miscellaneous|1802C624
2 in 1 Game Pack - Shrek 2 + Shark Tale (USA)|Miscellaneous|5CB036C7
2 in 1 Game Pack - Spider-Man & Spider-Man 2 (Europe) (En,Fr,De+En,Fr,De,Es,It)|Miscellaneous|D732E52D
2 in 1 Game Pack - Spider-Man + Spider-Man 2 (USA) (En,Fr,De+En,Fr,De,Es)|Miscellaneous|0AE3637F
2 in 1 Game Pack - Tony Hawk's Underground + Kelly Slater's Pro Surfer (USA, Europe)|Miscellaneous|6D8EF48A
3 Game Pack! - Candy Land + Chutes and Ladders + Original Memory Game (USA)|Miscellaneous|628A8E32
4 Games on One Game Pak (Nicktoons) (USA)|Miscellaneous|CAC0C0D8
4 Games on One Game Pak (Racing) (USA) (En,Fr,De,Es,It)|Miscellaneous|04A40017
Activision Anthology (USA)|Miscellaneous|14A28D68
All Grown Up! - Express Yourself (USA, Europe)|Miscellaneous|E9C9DD2B
Animal Mania - Dokidoki Aishou Check (Japan)|Miscellaneous|89E6CD89
Atari Anniversary Advance (Europe)|Miscellaneous|B9B89FDF
Atari Anniversary Advance (USA)|Miscellaneous|4505A638
Azumanga Daiou Advance (Japan)|Miscellaneous|216704F6
Barbie Groovy Games (Europe) (En,Fr,De,Es,It)|Miscellaneous|749339B2
Barbie Groovy Games (USA)|Miscellaneous|AA017567
Barbie Superpack (Europe) (En,Fr,De,Es,It)|Miscellaneous|2C3862C3
Barbie Superpack (USA)|Miscellaneous|C99DB2A1
Bible Game, The (USA)|Miscellaneous|CEE6904E
Board Game Classics (Europe) (En,Fr,De,Es,It)|Miscellaneous|E5C745D8
Board Game Classics (USA)|Miscellaneous|69D760BB
Caesars Palace Advance - Millennium Gold Edition (USA) (Beta)|Miscellaneous|13DC0731
Caesars Palace Advance - Millennium Gold Edition (USA, Europe)|Miscellaneous|5D54ECE5
Capcom Classics Mini Mix (USA)|Miscellaneous|0BB2D391
Card Party (Japan)|Miscellaneous|3D5A2C07
Cardcaptor Sakura - Sakura Card de Mini Game (Japan)|Miscellaneous|DBC9CD2E
Cartoon Network Block Party (USA)|Miscellaneous|EDC0CCEE
Castlevania Double Pack (Europe) (En,Fr,De)|Miscellaneous|EE495897
Castlevania Double Pack (USA)|Miscellaneous|DBCECC7D
Chessmaster (Europe)|Miscellaneous|27E7FD09
Chessmaster (France)|Miscellaneous|55EF8392
Chessmaster (Germany)|Miscellaneous|06ABACC5
Chessmaster (USA)|Miscellaneous|25B0E933
Chi Vuol Essere Milionario (Italy)|Miscellaneous|B6F8527E
Combo Pack - Sonic Advance + Sonic Pinball Party (USA) (En,Ja,Fr,De,Es+En,Ja,Fr,De,Es,It)|Miscellaneous|FBAFB638
Crash & Spyro Super Pack Volume 1 (Europe) (En,Fr,De,Es,It,Nl)|Miscellaneous|D8382427
Crash Superpack (USA)|Miscellaneous|2C38BAE2
Dai-mahjong. (Japan)|Miscellaneous|C6CCCA05
Deal or No Deal (USA)|Miscellaneous|B6C00EDB
Dexter's Laboratory - Chess Challenge (Europe) (En,Fr,De,Es)|Miscellaneous|F5436F5D
Dexter's Laboratory - Chess Challenge (USA)|Miscellaneous|AE61322E
Di Gi Charat - DigiCommunication (Japan)|Miscellaneous|A1288427
Disney's Party (USA, Europe) (En,Fr,De,Es,It)|Miscellaneous|6BB63774
Dora the Explorer Double Pack (USA)|Miscellaneous|1F9D002E
Doraemon - Dokodemo Walker (Japan)|Miscellaneous|E28AFEBC
Double Game! - Cartoon Network Block Party & Cartoon Network Speedway (Europe)|Miscellaneous|3A4F8E4D
Double Game! - Golden Nugget Casino & Texas Hold 'em Poker (Europe)|Miscellaneous|CFF20829
Double Pack - Sonic Advance & ChuChu Rocket! (Japan) (En,Ja,Fr,De,Es)|Miscellaneous|21EF5165
Double Pack - Sonic Battle & Sonic Advance (Japan) (En,Ja,Fr,De,Es+En,Ja)|Miscellaneous|31D712D3
Double Pack - Sonic Pinball Party & Sonic Battle (Japan) (En,Ja+En,Ja,Fr,De,Es,It)|Miscellaneous|0DFAA3F2
Doubutsu-jima no Chobigurumi (Japan)|Miscellaneous|C764CC7E
Doubutsu-jima no Chobigurumi (Japan) (Rev 1)|Miscellaneous|B9C15F87
Duel Masters - Kaijudo Showdown (Europe) (En,Fr,De,Es,It)|Miscellaneous|52E0AA95
Duel Masters - Kaijudo Showdown (USA)|Miscellaneous|804E5DE2
EX Monopoly (Japan)|Miscellaneous|916EFD5B
EZ-Talk - Shokyuu Hen 1 (Japan)|Miscellaneous|D256F6F7
EZ-Talk - Shokyuu Hen 2 (Japan)|Miscellaneous|38D91A54
EZ-Talk - Shokyuu Hen 3 (Japan)|Miscellaneous|5FA07E85
EZ-Talk - Shokyuu Hen 4 (Japan)|Miscellaneous|0CA6DCF1
EZ-Talk - Shokyuu Hen 5 (Japan)|Miscellaneous|A0E8EB88
EZ-Talk - Shokyuu Hen 6 (Japan)|Miscellaneous|A8AB645D
Elevator Action - Old & New (Japan)|Miscellaneous|2D88526A
Ever Girl (USA)|Miscellaneous|AFBB1D35
Famicom Mini 26 - Famicom Mukashibanashi - Shin Onigashima - Zen, Kouhen (Japan)|Miscellaneous|63B51337
Famicom Mini 27 - Famicom Tantei Club - Kieta Koukeisha - Zen, Kouhen (Japan)|Miscellaneous|3CF43405
Famicom Mini 28 - Famicom Tantei Club Part II - Ushiro ni Tatsu Shoujo - Zen, Kouhen (Japan)|Miscellaneous|75E1B220
Family Feud (USA)|Miscellaneous|EC36A3DF
Fantastic Maerchen - Cake-ya-san Monogatari (Japan)|Miscellaneous|EC60D573
Fear Factor Unleashed (USA)|Miscellaneous|BF91C27D
Final Fantasy I & II - Dawn of Souls (Europe) (En,Fr,De,Es,It)|Miscellaneous|7C9854C6
Final Fantasy I & II - Dawn of Souls (USA, Australia)|Miscellaneous|1B39CDAB
Final Fantasy I, II Advance (Japan) (Rev 1)|Miscellaneous|0F3BD723
Findet Nemo (Germany)|Miscellaneous|6B6B0908
Findet Nemo (Germany) (Beta)|Miscellaneous|92197FBB
Finding Nemo (Europe) (Es,It)|Miscellaneous|3E6F4F03
Finding Nemo (Europe) (Fr,Nl)|Miscellaneous|269AF7DD
Finding Nemo (Japan)|Miscellaneous|F895BA2D
Finding Nemo (USA, Europe)|Miscellaneous|3B098667
Franklin the Turtle (Europe) (En,Fr,De,Es,It,Sv,No,Da,Fi) (Rev 2)|Miscellaneous|A0952CD0
Franklin the Turtle (Europe) (En,Fr,De,It,Sv,No,Da,Fi)|Miscellaneous|17C48263
Franklin the Turtle (Europe) (En,Fr,De,It,Sv,No,Da,Fi) (Rev 1)|Miscellaneous|1A2F7EE6
Franklin the Turtle (USA) (En,Fr,De,Es,It,Sv,No,Da,Fi)|Miscellaneous|9BB561A8
From TV Animation One Piece - Mezase! King of Belly (Japan)|Miscellaneous|E6F5BDD5
Fruits Mura no Doubutsu-tachi (Japan)|Miscellaneous|EBF89B0D
Fruits Mura no Doubutsu-tachi (Japan) (Rev 2)|Miscellaneous|195D7EA7
Fushigi no Kuni no Alice (Japan)|Miscellaneous|2CDA40E1
Fushigi no Kuni no Angelique (Japan)|Miscellaneous|803FC474
Gambler Densetsu Tetsuya - Yomigaeru Densetsu (Japan)|Miscellaneous|8A879018
Game & Watch Gallery 4 (USA)|Miscellaneous|7E90CEA2
Game & Watch Gallery Advance (Europe)|Miscellaneous|85C837AF
Game Boy Advance Video - All Grown Up! - Volume 1 (USA)|Miscellaneous|FFBD4DA9
Game Boy Advance Video - Cartoon Network Collection - Edition Platinum (France)|Miscellaneous|FC042F18
Game Boy Advance Video - Cartoon Network Collection - Edition Premium (France)|Miscellaneous|58F1CDE8
Game Boy Advance Video - Cartoon Network Collection - Edition Speciale (France)|Miscellaneous|71154D42
Game Boy Advance Video - Cartoon Network Collection - Limited Edition (USA)|Miscellaneous|5D918B2D
Game Boy Advance Video - Cartoon Network Collection - Platinum Edition (USA, Europe)|Miscellaneous|6443554B
Game Boy Advance Video - Cartoon Network Collection - Premium Edition (USA, Europe)|Miscellaneous|F2825729
Game Boy Advance Video - Cartoon Network Collection - Special Edition (USA, Europe)|Miscellaneous|E9B7B8A4
Game Boy Advance Video - Cartoon Network Collection - Volume 1 (USA, Europe)|Miscellaneous|91F39447
Game Boy Advance Video - Cartoon Network Collection - Volume 2 (USA, Europe)|Miscellaneous|4BFAA8DE
Game Boy Advance Video - Codename - Kids Next Door - Volume 1 (USA, Europe)|Miscellaneous|4463F345
Game Boy Advance Video - Disney Channel Collection - Volume 1 (USA)|Miscellaneous|7CC985CB
Game Boy Advance Video - Disney Channel Collection - Volume 2 (USA)|Miscellaneous|60DFD79C
Game Boy Advance Video - Dora the Explorer - Volume 1 (USA)|Miscellaneous|DD6A7FCC
Game Boy Advance Video - Dragon Ball GT - Volume 1 (USA)|Miscellaneous|DA559199
Game Boy Advance Video - Nicktoons - Volume 3 (USA)|Miscellaneous|6FBF5CEB
Game Boy Advance Video - Nicktoons Collection - Volume 1 (USA)|Miscellaneous|5D47676F
Game Boy Advance Video - Nicktoons Collection - Volume 2 (USA)|Miscellaneous|65DEEEB6
Game Boy Advance Video - Shark Tale (USA) (Rev 5)|Miscellaneous|01468820
Game Boy Advance Video - Shark Tale (USA) (Rev 6)|Miscellaneous|D2CF417A
Game Boy Advance Video - Shrek (USA)|Miscellaneous|690176E5
Game Boy Advance Video - Shrek + Shark Tale (USA)|Miscellaneous|AADB3E3D
Game Boy Advance Video - Shrek 2 (USA)|Miscellaneous|0D353654
Game Boy Advance Video - Sonic X - Volume 1 (USA)|Miscellaneous|363C3EB8
Game Boy Advance Video - SpongeBob SquarePants - Volume 1 (USA) (Rev 1)|Miscellaneous|D47BF1D4
Game Boy Advance Video - SpongeBob SquarePants - Volume 2 (USA) (Rev 1)|Miscellaneous|7074364A
Game Boy Advance Video - SpongeBob SquarePants - Volume 3 (USA)|Miscellaneous|9772CA45
Game Boy Advance Video - Strawberry Shortcake - Volume 1 (USA)|Miscellaneous|FF7582EF
Game Boy Advance Video - Super Robot Monkey Team - Hyper Force Go! - Volume 1 (USA)|Miscellaneous|D743A070
Game Boy Advance Video - Teenage Mutant Ninja Turtles - Le Demenagement (France)|Miscellaneous|1EE78166
Game Boy Advance Video - Teenage Mutant Ninja Turtles - Things Change (USA, Europe)|Miscellaneous|046589C8
Game Boy Advance Video - The Adventures of Jimmy Neutron Boy Genius - Volume 1 (USA)|Miscellaneous|0E556EDF
Game Boy Advance Video - The Fairly OddParents! - Volume 1 (USA)|Miscellaneous|7958DF20
Game Boy Advance Video - The Fairly OddParents! - Volume 2 (USA) (Rev 1)|Miscellaneous|BBCBC6FD
Game Boy Advance Video - The Proud Family - Volume 1 (USA)|Miscellaneous|C6A91365
Game Boy Advance Video - Yu-Gi-Oh! - Yugi vs. Joey (France)|Miscellaneous|C9B6CCF1
Game Boy Advance Video - Yu-Gi-Oh! - Yugi vs. Joey (USA, Europe)|Miscellaneous|8D631F4E
Game Boy Wars Advance 1+2 (Japan)|Miscellaneous|49EE1FDD
Games Explosion! (USA)|Miscellaneous|68D63D5F
Get Ride! Amdriver - Shutsugeki! Battle Party (Japan)|Miscellaneous|66D6E299
Golden Nugget Casino (USA, Europe)|Miscellaneous|56B9E9E1
Hamster Monogatari Collection (Japan)|Miscellaneous|35584EA6
Hanafuda Trump Mahjong - Depachika Wayouchuu (Japan)|Miscellaneous|DE7B8DCD
Hello Kitty - Happy Party Pals (Europe)|Miscellaneous|9C45920E
Hello Kitty - Happy Party Pals (Europe) (En,Fr,De,Es)|Miscellaneous|1A080C10
Hello Kitty - Happy Party Pals (USA)|Miscellaneous|E49C45A0
Hikaru no Go (Japan)|Miscellaneous|5A6C7537
Hikaru no Go (Japan) (Demo) (Promo)|Miscellaneous|4955FA1B
Hikaru no Go (Japan) (Rev 1)|Miscellaneous|53116FD7
Hikaru no Go 2 (Japan)|Miscellaneous|04129A22
Hudson Best Collection Vol. 1 - Bomber Man Collection (Japan)|Miscellaneous|9D22604D
Hudson Best Collection Vol. 2 - Lode Runner Collection (Japan)|Miscellaneous|87390220
Hudson Best Collection Vol. 3 - Action Collection (Japan)|Miscellaneous|C207A245
Hudson Best Collection Vol. 4 - Nazotoki Collection (Japan)|Miscellaneous|6472067A
Hudson Best Collection Vol. 5 - Shooting Collection (Japan)|Miscellaneous|39D88481
Hudson Best Collection Vol. 6 - Bouken-jima Collection (Japan)|Miscellaneous|C51CD05F
Ignition Collection - Volume 1 (Europe)|Miscellaneous|164A75AC
Inuyasha - Naraku no Wana! Mayoi no Mori no Shoutaijou (Japan)|Miscellaneous|8FCDF69C
Isseki Hatchou - Kore 1ppon de 8shurui! (Japan)|Miscellaneous|CB5EFF64
Jinsei Game Advance (Japan)|Miscellaneous|84A4A304
Jissen Pachi-Slot Hisshouhou! - Juuou Advance (Japan)|Miscellaneous|07195201
Jungle Book 2, The (Europe) (En,Fr,De,Es,It,Nl)|Miscellaneous|9898258B
Jungle Book, The (USA) (En,Fr,De,Es,It,Nl)|Miscellaneous|E9A21637
Kessaku Sen! - Ganbare Goemon 1, 2 - Yuki Hime to Magginesu (Japan)|Miscellaneous|3E7D9694
Kid Paddle (Europe) (Fr,Nl)|Miscellaneous|69951AA9
Kiwame Mahjong Deluxe - Mirai Senshi 21 (Japan)|Miscellaneous|66F7614B
Konami Arcade Game Collection (Japan)|Miscellaneous|285F652F
Konami Collector's Series - Arcade Advanced (USA)|Miscellaneous|2DB31825
Konami Collector's Series - Arcade Classics (Europe) (En,Fr,De,Es,It)|Miscellaneous|6A8BE56F
Koukou Juken Advance Series Eigo Koubun Hen - 26 Units Shuuroku (Japan)|Miscellaneous|576DA6F6
Koukou Juken Advance Series Eijukugo Hen - 650 Phrases Shuuroku (Japan)|Miscellaneous|7F2F5017
Koukou Juken Advance Series Eitango Hen - 2000 Words Shuuroku (Japan)|Miscellaneous|D38F6A8E
Kunio Kun Nekketsu Collection 1 (Japan)|Miscellaneous|4B96B600
Kunio Kun Nekketsu Collection 2 (Japan)|Miscellaneous|61F9A9F4
Kunio Kun Nekketsu Collection 3 (Japan)|Miscellaneous|093054FC
Lilliput Oukoku - Lillimoni to Issho Puni! (Japan)|Miscellaneous|1AFAB451
Looney Tunes Double Pack (Europe)|Miscellaneous|DCA23B31
Looney Tunes Double Pack (USA)|Miscellaneous|ECADD047
Mahjong Keiji (Japan)|Miscellaneous|AD32A2D3
Majesco's Rec Room Challenge (Europe)|Miscellaneous|4FBC3F62
Majesco's Rec Room Challenge (USA)|Miscellaneous|AAFC9AFA
Majesco's Sports Pack (Europe)|Miscellaneous|99140705
Majesco's Sports Pack (USA)|Miscellaneous|A91BEC73
Mario Party Advance (Europe) (En,Fr,De,Es,It)|Miscellaneous|C8C889E2
Mario Party Advance (Japan)|Miscellaneous|BAA4A82B
Mario Party Advance (USA)|Miscellaneous|F094A4CB
Mary-Kate and Ashley Sweet 16 - Licensed to Drive (USA, Europe)|Miscellaneous|5FE092C6
Mermaid Melody - Pichi Pichi Pitch - Pichi Pichi Party (Japan)|Miscellaneous|F786FFA7
Mickey no Pocket Resort (Japan)|Miscellaneous|EDB264B8
Midway's Greatest Arcade Hits (USA, Europe)|Miscellaneous|C01C4D0A
Mini Moni. - Onegai Ohoshi-sama! (Japan)|Miscellaneous|F11C35CC
Minna no Ouji-sama (Japan)|Miscellaneous|19DC05E6
Minna no Soft Series - Happy Trump 20 (Japan)|Miscellaneous|D0EF2BC4
Minna no Soft Series - Minna no Mahjong (Japan)|Miscellaneous|66B779B0
Minna no Soft Series - Minna no Shougi (Japan)|Miscellaneous|08B62391
Minna no Soft Series - Minna no Shougi (Japan) (Rev 1)|Miscellaneous|C62C15C6
Minna no Soft Series - Shanghai (Japan)|Miscellaneous|FEEFEDDC
Monopoly (Europe) (En,Fr,De,Es)|Miscellaneous|7B113397
Monopoly (USA)|Miscellaneous|B01CBC07
Morita Shougi Advance (Japan)|Miscellaneous|149E01B7
Mother 1+2 (Japan)|Miscellaneous|0A44569C
Nakayoshi Mahjong - KabuReach (Japan)|Miscellaneous|D0C608F6
Namco Museum (Europe)|Miscellaneous|BB82460A
Namco Museum (Japan) (En)|Miscellaneous|818F4E4B
Namco Museum (USA)|Miscellaneous|C58A04C1
Namco Museum - 50th Anniversary (Europe) (En,Fr,De,Es,It)|Miscellaneous|2F098A42
Namco Museum - 50th Anniversary (USA)|Miscellaneous|38DA81FE
Nihon Pro Mahjong Renmei Kounin - Tetsuman Advance - Menkyo Kaiden Series (Japan)|Miscellaneous|085C1184
No No No Puzzle Chailien (Japan)|Miscellaneous|1B00BC2C
Okumanchouja Game - Nottori Daisakusen! (Japan)|Miscellaneous|07022C3A
Phantasy Star Collection (Europe)|Miscellaneous|4D9C671B
Phantasy Star Collection (USA)|Miscellaneous|E5A7FE17
Pinky Monkey Town (Japan)|Miscellaneous|9F75B077
Pocket Music (Europe) (En,Fr,De,Es,It)|Miscellaneous|A3FD418A
Power Pro Kun Pocket 1, 2 (Japan)|Miscellaneous|A84032AA
Power Pro Kun Pocket 1, 2 (Japan) (Promo)|Miscellaneous|46493FA1
Prince of Persia - The Sands of Time & Lara Croft Tomb Raider - The Prophecy (Europe) (En,Fr,De,Es,It,Nl+En,Fr,De,Es,It)|Miscellaneous|2A3E1A8D
Pro Mahjong Tsuwamono GBA (Japan)|Miscellaneous|E4D9AE55
Puzzle & Tantei Collection (Japan)|Miscellaneous|893551BB
Qui Veut Gagner des Millions (France)|Miscellaneous|8F33BD3F
Quiere Ser Millonario (Spain)|Miscellaneous|43514D44
Rayman - 10th Anniversary (Europe) (En,Fr,De,Es,It,Nl,Sv,No,Da,Fi)|Miscellaneous|437E95B9
Rayman - 10th Anniversary (USA) (En,Fr,De,Es,It)|Miscellaneous|AE72B0EE
Razbitume! - Restez Branches! (Europe) (En,Fr)|Miscellaneous|A169B3B5
Saibara Rieko no Dendou Mahjong (Japan)|Miscellaneous|02B9F82D
Scrabble (Europe) (En,Fr,De,Es)|Miscellaneous|C5C9B31B
Scrabble Blast! (USA)|Miscellaneous|5D31A1F9
Scrabble Scramble! (Europe)|Miscellaneous|0ED5F375
Scrabble Scramble! (Europe) (En,Fr,De,Es,It,Nl)|Miscellaneous|E8EB2E3A
Sega Arcade Gallery (Europe) (En,Fr,De,Es,It)|Miscellaneous|F92140C0
Sega Arcade Gallery (USA)|Miscellaneous|3B8FFDF4
Sega Smash Pack (Europe)|Miscellaneous|09310FEC
Sega Smash Pack (USA)|Miscellaneous|5C2E97BA
Shark Tale (Europe) (Fr,De,Es)|Miscellaneous|DF2518E9
Shark Tale (Italy)|Miscellaneous|804A01B1
Shark Tale (Japan)|Miscellaneous|128BE27C
Shark Tale (USA, Europe)|Miscellaneous|7B68D93E
Shikakui Atama o Maruku Suru. Advance - Kanji, Keisan (Japan)|Miscellaneous|E0A452A8
Shikakui Atama o Maruku Suru. Advance - Kokugo, Sansuu, Shakai, Rika (Japan)|Miscellaneous|07695A6C
Shimura Ken no Baka Tonosama - Bakushou Tenka Touitsu Game (Japan)|Miscellaneous|F29E6E2D
Shimura Ken no Baka Tonosama - Bakushou Tenka Touitsu Game (Japan) (Rev 1)|Miscellaneous|5546B016
Simple 2960 Tomodachi Series Vol. 1 - The Table Game Collection - Mahjong, Shougi, Hanafuda, Reversi (Japan)|Miscellaneous|8B72BA3C
Simple 2960 Tomodachi Series Vol. 4 - The Trump - Minna de Asoberu 12 Shurui no Trump Game (Japan)|Miscellaneous|A6FC701F
Simple 2960 Tomodachi Series Vol. 4 - The Trump - Minna de Asoberu 12 Shurui no Trump Game (Japan) (Rev 1)|Miscellaneous|07C2D7ED
Slot! Pro 2 Advance - GoGo Juggler & New Tairyou (Japan)|Miscellaneous|4DA0B936
Slot! Pro Advance - Takarabune & Ooedo Sakurafubuki 2 (Japan)|Miscellaneous|D9A8D01F
SpongeBob SquarePants - Lights, Camera, Pants! (Europe) (En,Fr,De,Es,It,Nl,Sv)|Miscellaneous|C189013D
SpongeBob SquarePants - Lights, Camera, Pants! (USA)|Miscellaneous|23297579
Sportsman's Pack (USA)|Miscellaneous|2E725460
Spyro Superpack (USA)|Miscellaneous|7EF359ED
Super Real Mahjong Dousoukai (Japan)|Miscellaneous|9E90456B
Sutakomi - Star Communicator (Japan)|Miscellaneous|260683C7
Teenage Mutant Ninja Turtles Double Pack (Europe) (En,Fr,De,Es,It)|Miscellaneous|E902880F
Teenage Mutant Ninja Turtles Double Pack (USA) (En,Fr,De,Es,It)|Miscellaneous|176A42E5
Texas Hold 'em Poker (Europe) (Rev 1)|Miscellaneous|1A13DF6B
Texas Hold 'em Poker (USA, Europe)|Miscellaneous|78B59AAC
Three-in-One Pack - Connect Four + Perfection + Trouble (USA)|Miscellaneous|D482421E
Three-in-One Pack - Risk + Battleship + Clue (USA)|Miscellaneous|F6F70922
Three-in-One Pack - Risk + Battleship + Clue (USA) (Rev 1)|Miscellaneous|15C24091
Three-in-One Pack - Sorry! + Aggravation + Scrabble Junior (USA)|Miscellaneous|111EB61A
Tir et But - Edition Champions du Monde (France)|Miscellaneous|7782A204
Titeuf - Mega Compet (France)|Miscellaneous|FFD0A045
Titi et les Bijoux Magiques (France)|Miscellaneous|C66E14A4
Touhai Densetsu Akagi - Yami ni Mai Orita Tensai (Japan)|Miscellaneous|14EB6587
Trollz - Hair Affair! (Europe)|Miscellaneous|3E0ED609
Trollz - Hair Affair! (Europe) (En,De,It)|Miscellaneous|FB2284EF
Trollz - Hair Affair! (Europe) (En,Fr,Es)|Miscellaneous|14FEA5C0
Trollz - Hair Affair! (USA)|Miscellaneous|C5CD2C22
Tweety and the Magic Gems (Europe)|Miscellaneous|024A1914
Tweety and the Magic Gems (Germany)|Miscellaneous|8AA6E91A
Tweety and the Magic Gems (USA)|Miscellaneous|2DA5C91E
Tweety no Hearty Party (Japan)|Miscellaneous|D38672BF
Twin Series 1 - Mezase Debut! - Fashion Designer Monogatari + Kawaii Pet Game Gallery 2 (Japan)|Miscellaneous|09F5E672
Twin Series 2 - Oshare Princess 4 + Renai Uranai Daisakusen! + Renai Party Game - Sweet Heart (Japan)|Miscellaneous|8B0EB948
Twin Series 3 - Konchuu Monster - Ouja Ketteisen + Super Chinese Labyrinth (Japan)|Miscellaneous|68237519
Twin Series 4 - Hamu Hamu Monster EX - Hamster Monogatari RPG + Fantasy Puzzle - Hamster Monogatari - Mahou no Meikyuu 1.2.3 (Japan)|Miscellaneous|FA643377
Twin Series 6 - Wannyan Idol Gakuen + Koinu to Issho Special (Japan)|Miscellaneous|9370623D
Uchuu Daisakusen Choco Vader - Uchuu kara no Shinryakusha (Japan)|Miscellaneous|5A211B60
Ultimate Arcade Games (USA)|Miscellaneous|264F7A95
Ultimate Brain Games (USA, Europe)|Miscellaneous|B6C9F401
Ultimate Card Games (USA, Europe)|Miscellaneous|8A0831BD
Uno 52 (Europe) (En,Fr,De,Es,It)|Miscellaneous|315360D0
Uno 52 (USA)|Miscellaneous|C659C6DB
Uno Free Fall (Europe) (En,Fr,De,Es,It)|Miscellaneous|414EA9F4
Uno Free Fall (USA)|Miscellaneous|19FCC78E
Virtual Kasparov (Europe) (En,Fr,De,Es,It)|Miscellaneous|23B92CF7
Virtual Kasparov (USA) (En,Fr,De,Es,It)|Miscellaneous|815B722F
Weekend Miljonairs (Netherlands)|Miscellaneous|41AA465E
Wer Wird Millionaer (Germany)|Miscellaneous|08D71A89
Who Wants to Be a Millionaire (Australia)|Miscellaneous|DA7006E0
Who Wants to Be a Millionaire (Europe)|Miscellaneous|B9C55B22
Who Wants to Be a Millionaire - 2nd Edition (Europe)|Miscellaneous|C89DEB4F
Who Wants to Be a Millionaire Junior (Europe)|Miscellaneous|AAD93DA8
WinX Club - Quest for the Codex (Europe) (En,Fr,De,Es,It)|Miscellaneous|9EB09C77
WinX Club - Quest for the Codex (USA)|Miscellaneous|29DFFF34
Winnie the Pooh's Rumbly Tumbly Adventure & Rayman 3 (Europe) (En,Fr,De,Es,It,Nl+En,Fr,De,Es,It,Nl,Sv,No,Da,Fi)|Miscellaneous|C2FC12E5
World Championship Poker (Europe) (En,Fr,De,Es,It)|Miscellaneous|4776F86E
World Championship Poker (USA)|Miscellaneous|07F15152
World Poker Tour (Europe) (En,Fr,De)|Miscellaneous|8FA26A97
World Poker Tour (USA)|Miscellaneous|B18784C1
Yu-Gi-Oh! Double Pack (Europe) (En,Fr,De,Es,It)|Miscellaneous|7EA28A99
Yu-Gi-Oh! Double Pack (USA)|Miscellaneous|F3DF5758
Yu-Gi-Oh! Double Pack 2 (USA) (En,Fr,De,Es,It)|Miscellaneous|2CB399D0
