4x4 World Trophy (Europe) (En,Fr,De,Es,It)|Racing / Driving|F62AD75E
ATV Racing & Karate Joe (Europe) (Alternate) (Unl)|Racing / Driving|6908F4AF
ATV Racing & Karate Joe (Europe) (Unl)|Racing / Driving|A07B6E79
ATV Racing (Europe) (Unl)|Racing / Driving|7987D5CD
Antz Racing (Europe) (En,Fr,De,Es,It,Nl)|Racing / Driving|F625A959
Antz Racing (USA) (En,Fr,De,Es,It,Nl)|Racing / Driving|DFDF90C0
Antz World Sportz (Europe) (En,Fr,De,Es,It,Nl)|Racing / Driving|67C7F85C
Armada - FX Racers (USA)|Racing / Driving|D952CBAB
Bakusou Dekotora Densetsu GB Special - Otoko Dokyou no Tenka Touitsu (Japan)|Racing / Driving|92C8B9B5
Championship Motocross 2001 featuring Ricky Carmichael (USA, Europe)|Racing / Driving|CBB336ED
Chase H.Q. - Secret Police (Europe) (SGB Enhanced)|Racing / Driving|CFDF816B
Chase H.Q. - Secret Police (USA) (SGB Enhanced)|Racing / Driving|7C7FDEFC
Chiki Chiki Machine Mou Race (Japan)|Racing / Driving|36C04BE0
Colin McRae Rally (Europe)|Racing / Driving|E93AF9C8
Crazy Bikers (Europe)|Racing / Driving|53E02B87
Cross Country Racing (Europe) (En,Fr,De) (SGB Enhanced)|Racing / Driving|B7B91FE9
Cruis'n Exotica (USA)|Racing / Driving|9562E7E8
Cubix - Robots for Everyone - Race 'n Robots (USA) (En,Fr,De,Es,It)|Racing / Driving|9F883B0F
Doraemon Kart 2 (Japan) (SGB Enhanced)|Racing / Driving|CF1A2038
Driver (Europe) (En,Fr,De,Es,It)|Racing / Driving|E9E67403
Driver - You are the Wheelman (USA) (En,Fr,De,Es,It)|Racing / Driving|D4C7F6DF
Dukes of Hazzard, The - Racing for Home (Europe) (En,Fr,De)|Racing / Driving|21826ADC
Dukes of Hazzard, The - Racing for Home (USA)|Racing / Driving|FB08DCEB
F-1 World Grand Prix (Europe) (En,Fr,De,Es)|Racing / Driving|8D9A9182
F1 Championship Season 2000 (Europe) (En,Fr,De,Es,It)|Racing / Driving|5C10315E
F1 Racing Championship (Europe) (En,Fr,De,Es,It)|Racing / Driving|E115DDB1
F1 Racing Championship (Europe) (En,Fr,De,Es,It) (Beta)|Racing / Driving|FC537719
F1 World Grand Prix II for Game Boy Color (Europe) (En,Fr,De,Es)|Racing / Driving|EEF4A20B
F1 World Grand Prix II for Game Boy Color (Japan) (En,Ja)|Racing / Driving|28453467
F1 World Grand Prix II for Game Boy Color (USA) (En,Fr,De,Es)|Racing / Driving|482E10C5
Formula One 2000 (USA)|Racing / Driving|703C057F
Front Row (Japan)|Racing / Driving|6EEA9243
Game Boy Color (USA) (Promo)|Racing / Driving|F5E9AA8C
Gekisou Dangun Racer - Onsoku Buster Dangun Dan (Japan)|Racing / Driving|06FCCEFC
Halloween Racer (Europe) (En,Fr,De,Es,It,Pt)|Racing / Driving|70F3B431
Harley-Davidson Motor Cycles - Race Across America (USA)|Racing / Driving|644BAC84
Hot Wheels - Stunt Track Driver (USA, Europe) (SGB Enhanced)|Racing / Driving|72A5E820
International Rally (USA) (SGB Enhanced)|Racing / Driving|B85FD752
It's a World Rally (Japan) (SGB Enhanced)|Racing / Driving|39E34650
Jeff Gordon XS Racing (USA)|Racing / Driving|A41ED926
Jeremy McGrath Supercross 2000 (USA, Europe)|Racing / Driving|F0F9ABE6
LEGO Racers (Europe) (En,Fr,De,Es,It,Nl,Pt,Sv,No,Da)|Racing / Driving|0A109F13
LEGO Racers (USA) (En,Fr,Es)|Racing / Driving|F6865B09
LEGO Stunt Rally (Europe) (En,Fr,De,Es,It,Nl,Pt,Sv,No,Da)|Racing / Driving|05CC01FB
LEGO Stunt Rally (USA)|Racing / Driving|DA084760
Le Mans 24 Hours (Europe) (En,Fr,De,Es,It)|Racing / Driving|1B49D07D
Matchbox Emergency Patrol (USA, Europe)|Racing / Driving|A3F23D7E
Mickey's Racing Adventure (USA, Europe) (En,Fr,De,Es,It)|Racing / Driving|D5E845F4
Mickey's Speedway USA (USA, Europe) (En,Fr,De,Es)|Racing / Driving|11763934
Micro Machines V3 (USA, Europe)|Racing / Driving|B8064453
Micro Maniacs (Europe)|Racing / Driving|E66E093B
Motocross Maniacs 2 (USA)|Racing / Driving|17D27FA9
N.Y. Race (Europe) (En,Fr,De,Es,It,Pt)|Racing / Driving|62F560D8
NASCAR 2000 (USA, Europe)|Racing / Driving|54D90A4C
NASCAR Challenge (USA) (Rumble Version)|Racing / Driving|39C6B868
NASCAR Heat (USA)|Racing / Driving|FA83B37C
NASCAR Racers (USA)|Racing / Driving|F39A5C4F
Nicktoons Racing (USA)|Racing / Driving|A3F079D4
No Fear - Downhill Mountain Biking (Europe)|Racing / Driving|0F69F574
Perfect Choro Q (Japan)|Racing / Driving|AFA1AAC3
Pocket GT (Japan)|Racing / Driving|2AC77C5A
Pocket Racing (Europe)|Racing / Driving|FBF97372
Polaris SnoCross (USA) (Rumble Version)|Racing / Driving|DD8B189E
Radikal Bikers (Europe) (En,Fr,De,Es) (Proto)|Racing / Driving|81E25D37
Rip-Tide Racer (Europe) (En,Fr,De,Es,It)|Racing / Driving|AB8C3A31
Road Rash (USA, Europe)|Racing / Driving|11025EEB
Roadsters '98 (USA) (Proto) (SGB Enhanced)|Racing / Driving|FE2995A1
Roadsters Trophy (Europe) (En,Fr,De,Es,It,Nl)|Racing / Driving|717B3525
Roadsters Trophy (USA) (En,Fr,De,Es,It,Nl)|Racing / Driving|38B022BE
San Francisco Rush 2049 (USA, Europe)|Racing / Driving|EF368F16
Shutokou Racing, The (Japan) (SGB Enhanced)|Racing / Driving|36E781CD
SnowCross (Europe) (En,Fr,De,Es,It,Pt)|Racing / Driving|4BA47DBC
Star Wars Episode I - Racer (USA, Europe) (Rumble Version)|Racing / Driving|0EBC5758
Supercross Freestyle (Europe) (En,Fr,De,Es,It)|Racing / Driving|4D3E0F51
Suzuki Alstare Extreme Racing (Europe) (En,Fr,De,Es,It,Nl)|Racing / Driving|0F7264BA
TG Rally 2 (Europe)|Racing / Driving|795A9992
TOCA Touring Car Championship (USA, Europe)|Racing / Driving|B509892B
Taito Memorial - Chase H.Q. - Secret Police (Japan) (SGB Enhanced)|Racing / Driving|6A0C272D
Taxi 2 (France)|Racing / Driving|0FD9FFF0
Taxi 3 (France)|Racing / Driving|2838996F
Test Drive 2001 (USA)|Racing / Driving|BB894EC7
Test Drive 6 (Europe) (En,Fr,De,Es,It)|Racing / Driving|13691CEB
Test Drive 6 (Europe) (En,Fr,De,Es,It) (Sample)|Racing / Driving|2F179045
Test Drive 6 (USA)|Racing / Driving|5CE00547
Test Drive Cycles (USA)|Racing / Driving|E32BB06F
Test Drive Le Mans (USA) (En,Fr,Es)|Racing / Driving|E6D6AC8F
Test Drive Off-Road 3 (USA) (Rumble Version) (SGB Enhanced)|Racing / Driving|0FDD5B9E
Tonka Raceway (Europe)|Racing / Driving|E108B2C2
Tonka Raceway (USA)|Racing / Driving|BC07F4FB
Tonka Raceway (USA) (Rumble Version)|Racing / Driving|A5AF4B28
Top Gear Pocket (Japan) (Rumble Version)|Racing / Driving|EBCCA3DA
Top Gear Pocket (USA) (Rumble Version)|Racing / Driving|84499FC1
Top Gear Pocket 2 (Japan) (Rumble Version)|Racing / Driving|1845F25A
Top Gear Pocket 2 (USA)|Racing / Driving|EFB87F80
Top Gear Rally (Europe) (Rumble Version)|Racing / Driving|337E5DD3
Top Gear Rally 2 (Europe)|Racing / Driving|017773CD
Toy Story Racer (Europe) (En,Fr,De)|Racing / Driving|F660ED94
Toy Story Racer (USA, Europe)|Racing / Driving|D911DD97
Tyco RC - Racin' Ratz (USA)|Racing / Driving|D6881014
V-Rally - Championship Edition (Europe) (En,Fr,De,Es)|Racing / Driving|1312B3F7
V-Rally - Championship Edition (Japan)|Racing / Driving|FAB9D941
V-Rally - Championship Edition (USA) (En,Fr,Es)|Racing / Driving|DA300C6C
Wacky Races (Europe) (En,Fr,De,Es,It,Nl)|Racing / Driving|37EA6093
Wacky Races (USA) (En,Fr,Es)|Racing / Driving|543ABB1B
Walt Disney World Quest - Magical Racing Tour (Europe) (Fr,De,Es)|Racing / Driving|E54B22B9
Walt Disney World Quest - Magical Racing Tour (USA, Europe)|Racing / Driving|56BEB694
Woody Woodpecker Racing (Europe)|Racing / Driving|B0F43498
Woody Woodpecker Racing (USA)|Racing / Driving|0424CF43
Woody Woodpecker no Go! Go! Racing (Japan)|Racing / Driving|F59DAA99
Xtreme Wheels (Europe)|Racing / Driving|E101246F
Xtreme Wheels (USA)|Racing / Driving|129465DB
