2 Disney Games - Disney Sports - Football + Disney Sports - Skateboarding (Europe) (En,Fr,De,Es,It)|Sports|C8CDB4ED
2006 FIFA World Cup - Germany 2006 (USA, Europe) (En,Fr,De,Es,It)|Sports|50AB4544
2K Sports - Major League Baseball 2K7 (USA)|Sports|8F3FF0E4
Agassi Tennis Generation (Europe) (En,Fr,De,Es,It)|Sports|90D759E2
Agassi Tennis Generation (USA)|Sports|8BA179B8
Aggressive Inline (Europe) (En,Fr,De)|Sports|A2F6BCDE
Aggressive Inline (USA)|Sports|3A44FCD5
Alex Ferguson's Player Manager 2002 (Europe) (En,Fr,De,Es,It,Nl)|Sports|92F99295
All-Star Baseball 2003 (USA)|Sports|E30691FE
All-Star Baseball 2004 (USA)|Sports|60E2DB03
All-Star Baseball 2004 (USA) (Beta 1)|Sports|D6106C26
All-Star Baseball 2004 (USA) (Beta 2)|Sports|6AA9B41E
American Bass Challenge (USA)|Sports|D76AD62D
Archer Maclean's 3D Pool (USA)|Sports|4202A9CD
Ashita no Joe - Makka ni Moeagare! (Japan)|Sports|69CDE456
BB Ball (Japan)|Sports|F6989FBF
BMX Trick Racer (USA)|Sports|B6D79476
Backyard Baseball (USA)|Sports|9F36B4E5
Backyard Baseball 2006 (USA)|Sports|92BCD192
Backyard Basketball (USA)|Sports|CBDA1D31
Backyard Football (USA)|Sports|7CCC79B4
Backyard Football 2006 (USA)|Sports|DB0723E3
Backyard Hockey (USA)|Sports|3A8E31AF
Backyard Skateboarding (USA)|Sports|4EB19B87
Backyard Sports - Baseball 2007 (USA)|Sports|0EE82569
Backyard Sports - Basketball 2007 (USA)|Sports|28724CA5
Backyard Sports - Football 2007 (USA)|Sports|E9FDC229
Bakunetsu Dodge Ball Fighters (Japan)|Sports|9030515D
Barbie Horse Adventures (Europe) (En,Fr,De,Es,It,Nl)|Sports|7C6D9EF3
Barbie Horse Adventures - Blue Ribbon Race (USA)|Sports|BA184025
Baseball Advance (USA)|Sports|339F35B8
Bass Tsuri Shiyouze! - Tournament wa Senryaku da! (Japan)|Sports|1326E683
Battle X Battle - Kyodai Gyo Densetsu (Japan)|Sports|0C01F3B8
Best Play Pro Yakyuu (Japan)|Sports|61709D3D
Boxing Fever (USA, Europe)|Sports|08A4FDC4
Cabela's Big Game Hunter (USA)|Sports|70A8A141
Cabela's Big Game Hunter - 2005 Adventures (USA, Europe)|Sports|BD054567
Calciobit (Japan)|Sports|498443DA
Captain Tsubasa - Eikou no Kiseki (Japan)|Sports|5341B274
Crushed Baseball (USA)|Sports|55FE8579
Dan Doh!! Xi (Japan)|Sports|E1D5CFF1
Dave Mirra Freestyle BMX 2 (Europe) (En,Fr,De,Es,It)|Sports|69E89581
Dave Mirra Freestyle BMX 2 (Europe) (En,Fr,De,Es,It) (Rev 1)|Sports|8E39FEE9
Dave Mirra Freestyle BMX 2 (USA)|Sports|64B1E921
Dave Mirra Freestyle BMX 3 (USA, Europe)|Sports|8D8F26A5
David Beckham Soccer (Europe) (En,Fr,De,Es,It)|Sports|E9A34F49
David Beckham Soccer (USA) (En,Es)|Sports|7E4DB1CC
Davis Cup (Europe) (En,Fr,De,Es,It)|Sports|4C7375F4
Davis Cup (USA) (En,Fr,De,Es,It)|Sports|82B4D89C
Derby Stallion Advance (Japan)|Sports|9746EF12
Disney Sports - American Football (Japan)|Sports|B92E9057
Disney Sports - Basketball (Europe) (En,Fr,De,Es,It)|Sports|D6D89F81
Disney Sports - Basketball (Japan)|Sports|3911B4B6
Disney Sports - Basketball (USA)|Sports|80EC6CF0
Disney Sports - Football (Soccer) (Europe) (En,Fr,De,Es,It)|Sports|33F73199
Disney Sports - Football (USA)|Sports|01413DB1
Disney Sports - Skateboarding (Europe) (En,Fr,De,Es,It)|Sports|10C05C7B
Disney Sports - Skateboarding (Japan)|Sports|5DF4A476
Disney Sports - Skateboarding (USA)|Sports|37FFD837
Disney Sports - Snowboarding (Europe) (En,Fr,De,Es,It)|Sports|77B7FCCE
Disney Sports - Snowboarding (Japan)|Sports|BDC23A47
Disney Sports - Snowboarding (USA)|Sports|4733693C
Disney Sports - Soccer (Japan)|Sports|680957E7
Disney Sports - Soccer (USA)|Sports|2F1316D2
Droopy's Tennis Open (Europe) (En,Fr,De,Es,It,Nl)|Sports|F14B65EF
Droopy's Tennis Open (Europe) (En,Fr,De,Es,It,Nl) (Beta) [b]|Sports|484E7D56
ESPN Final Round Golf (Europe)|Sports|4878BBEA
ESPN Final Round Golf 2002 (USA)|Sports|C9BC75A5
ESPN Great Outdoor Games - Bass 2002 (USA)|Sports|DA9D815F
ESPN Great Outdoor Games - Bass Tournament (Europe)|Sports|28F0A921
ESPN International Winter Sports (Europe)|Sports|A56AFBB7
ESPN International Winter Sports 2002 (USA)|Sports|FF51A9A9
ESPN Winter X-Games Snowboarding 2 (Europe)|Sports|CE62F1F4
ESPN Winter X-Games Snowboarding 2002 (Japan) (En)|Sports|3C5AC0C5
ESPN Winter X-Games Snowboarding 2002 (USA)|Sports|DE9E85BF
ESPN X-Games Skateboarding (Europe) (En,Fr,De,Es,It)|Sports|2C79E3D1
ESPN X-Games Skateboarding (Japan) (En)|Sports|7ABD7E9A
ESPN X-Games Skateboarding (USA)|Sports|9766B309
Elf Bowling 1 & 2 (USA)|Sports|68FEFF40
European Super League (Europe) (En,Fr,De,Es,It)|Sports|748AD738
Exciting Bass (Japan)|Sports|AB27E52A
Extreme Skate Adventure (Europe) (Fr,De)|Sports|58594AE9
Extreme Skate Adventure (USA) (Rev 1)|Sports|7A3EF446
Extreme Skate Adventure (USA, Europe)|Sports|AD7BB7C8
Eyeshield 21 Devilbats Devildays (Japan)|Sports|620784AF
FIFA Soccer 06 (USA, Europe) (En,Fr,De,Es,It,Nl)|Sports|BE4C3CB1
FIFA Soccer 07 (USA, Europe) (En,Fr,De,Es)|Sports|D8C7553B
FIFA Soccer 2003 (USA, Europe) (En,Fr,De,Es,It)|Sports|81F58837
FIFA Soccer 2004 (USA, Europe) (En,Fr,De,Es,It)|Sports|1ABBC24F
FIFA Soccer 2005 (USA, Europe) (En,Fr,De,Es,It,Nl)|Sports|DA90F396
FILA Decathlon (Europe) (Beta)|Sports|07434E3A
FILA Decathlon (Europe) (En,Fr,De,Es,It,Sv)|Sports|628355B5
Family Tennis Advance (Japan)|Sports|BB43C681
Famista Advance (Japan)|Sports|F7A58AE8
Field of Nine - Digital Edition 2001 (Japan)|Sports|4FD9C349
Final Fire Pro Wrestling - Yume no Dantai Unei! (Japan)|Sports|A0093822
Fire Pro Wrestling (USA, Europe)|Sports|12AA524C
Fire Pro Wrestling 2 (USA)|Sports|B9CFC1D3
Fire Pro Wrestling A (Japan)|Sports|0BB47E83
Formation Soccer 2002 (Japan)|Sports|47F663A0
Freestyle Scooter (Europe)|Sports|0187988F
Gachinko Pro Yakyuu (Japan)|Sports|81DE0C16
Ganbare! Dodge Fighters (Japan)|Sports|276E5814
Gekitou Densetsu Noah - Dream Management (Japan)|Sports|3E04FDC7
Greatest Nine (Japan)|Sports|379E64D7
Hamtaro - Ham-Ham Games (Europe) (En,Fr,De,Es,It)|Sports|D9341D9C
Hamtaro - Ham-Ham Games (Japan, USA) (En,Ja)|Sports|CC1CF806
Hardcore Pool (Europe) (En,De,Es,It)|Sports|2BE4F2BC
Harlem Globetrotters - World Tour (Europe) (En,Fr,De,Es,It)|Sports|37B20866
Harlem Globetrotters - World Tour (USA)|Sports|737C286F
Harry Potter - Quidditch World Cup (Japan)|Sports|C1F26F37
Harry Potter - Quidditch World Cup (USA, Europe) (En,Fr,De,Es,It,Nl,Da)|Sports|486041A4
High Heat Major League Baseball 2002 (USA, Europe)|Sports|6EA3F4E4
High Heat Major League Baseball 2003 (Japan) (En)|Sports|0D9043A4
High Heat Major League Baseball 2003 (USA)|Sports|59D72CB9
Hyper Sports 2002 Winter (Japan)|Sports|1A8B6863
International Superstar Soccer (Europe)|Sports|9989CE55
International Superstar Soccer Advance (Europe)|Sports|7EB2F6D6
J.League Pocket (Japan)|Sports|51BE73B8
J.League Pocket 2 (Japan)|Sports|DC7D2E4A
J.League Pro Soccer Club o Tsukurou! Advance (Japan)|Sports|8BC59927
J.League Winning Eleven Advance 2002 (Japan)|Sports|AEE73FE7
JGTO Kounin Golf Master - Japan Golf Tour Game (Japan)|Sports|0BA5809F
JGTO Kounin Golf Master Mobile - Japan Golf Tour Game (Japan)|Sports|B863DAE1
Jikkyou World Soccer Pocket (Japan)|Sports|8BD96DB9
Jikkyou World Soccer Pocket 2 (Japan)|Sports|B80AA966
Jonny Moseley Mad Trix (USA) (En,Fr,De,Es,It)|Sports|96488632
K-1 Pocket Grand Prix (Japan)|Sports|FBDD4384
K-1 Pocket Grand Prix 2 (Japan)|Sports|19FDE4C8
Kawa no Nushi Tsuri 3 & 4 (Japan)|Sports|4F09CA00
Kawa no Nushi Tsuri 5 - Fushigi no Mori kara (Japan)|Sports|4A8F2F62
Kelly Slater's Pro Surfer (USA, Europe)|Sports|31F85DBE
Killer 3D Pool (Europe) (En,Fr,De,Es,It)|Sports|E6FDA065
Killer 3D Pool (USA)|Sports|1F12D048
Kinniku Banzuke - Kimero! Kiseki no Kanzen Seiha (Japan)|Sports|40B1DD00
Kinniku Banzuke - Kongou-kun no Daibouken! (Japan)|Sports|94519D2A
Kinnikuman II-Sei - Seigi Choujin e no Michi (Japan)|Sports|3FE9C701
Kurohige no Golf Shiyouyo (Japan)|Sports|ABFD7AC7
LEGO Soccer Mania (USA, Europe) (En,Fr,De,Es,It,Nl,Sv,Da)|Sports|73EF3A35
Legends of Wrestling II (USA, Europe)|Sports|84440066
Let's Ride! - Dreamer (USA)|Sports|1D96366C
Let's Ride! - Sunshine Stables (USA)|Sports|684EB887
Little League Baseball 2002 (USA) (En,Es)|Sports|B550F8CB
MLB SlugFest 20-04 (USA)|Sports|A4E12D4B
Madden NFL 06 (USA)|Sports|374FD6F9
Madden NFL 07 (USA)|Sports|C5805B1D
Madden NFL 2002 (USA)|Sports|8E797ECD
Madden NFL 2003 (USA)|Sports|64B93824
Madden NFL 2004 (USA)|Sports|170BB11A
Madden NFL 2005 (USA)|Sports|0B79A67B
Mario Golf - Advance Tour (Australia)|Sports|D6AD422F
Mario Golf - Advance Tour (Europe)|Sports|B483127C
Mario Golf - Advance Tour (France)|Sports|BD5BE463
Mario Golf - Advance Tour (Germany)|Sports|3E19E279
Mario Golf - Advance Tour (Italy)|Sports|05B0454A
Mario Golf - Advance Tour (Spain)|Sports|C35DD9F8
Mario Golf - Advance Tour (USA)|Sports|D56C2E54
Mario Golf - GBA Tour (Japan)|Sports|A8342A16
Mario Power Tennis (Europe) (En,Fr,De,Es,It)|Sports|C8DB4F60
Mario Tennis - Power Tour (USA, Australia) (En,Fr,De,Es,It)|Sports|DA192D29
Mario Tennis Advance (Japan)|Sports|975E8D98
Mat Hoffman's Pro BMX (Europe) (Fr,De)|Sports|78D22AE9
Mat Hoffman's Pro BMX (USA, Europe)|Sports|A333FA51
Mat Hoffman's Pro BMX 2 (USA, Europe)|Sports|E7FA71C6
Mezase! Koushien (Japan)|Sports|50E473A8
Mike Tyson Boxing (Europe) (En,Fr,De,Es,It)|Sports|B9566812
Mike Tyson Boxing (USA) (En,Fr,De,Es,It)|Sports|48109F8D
Mobile Pro Yakyuu - Kantoku no Saihai (Japan)|Sports|8DF8A0C0
Moero!! Jaleco Collection (Japan)|Sports|6DA36E82
Monster! Bass Fishing (Europe)|Sports|14DB186B
Monster! Bass Fishing (USA)|Sports|3EDBA390
Mucha Lucha! - Mascaritas of the Lost Code (USA) (En,Fr,Es)|Sports|03BBC0C9
NBA Jam 2002 (USA, Europe)|Sports|CA428A7A
NFL Blitz 20-02 (USA)|Sports|8C748DCB
NFL Blitz 20-03 (USA)|Sports|E0B137E7
NHL 2002 (USA)|Sports|D1D9E515
NHL Hitz 20-03 (USA)|Sports|4F1ADF75
Narikiri Jockey Game - Yuushun Rhapsody (Japan)|Sports|0FF11189
Next Generation Tennis (Europe) (En,Fr,De,Es,It,Pt)|Sports|5297693A
One Piece (USA)|Sports|7D2CF2A1
One Piece - Going Baseball - Haejeok Yaku (Korea)|Sports|66928F27
One Piece - Going Baseball - Kaizoku Yakyuu (Japan)|Sports|0B77BCB8
Paard & Pony - Mijn Manege (Netherlands) (En,Nl)|Sports|1F2708D5
Paard & Pony - Paard in Galop (Netherlands) (En,Nl)|Sports|B6FC77F3
Pferd & Pony - Lass Uns Reiten 2 (Germany) (En,De)|Sports|6217469F
Pferd & Pony - Mein Pferdehof (Germany) (En,De)|Sports|CC74B433
Pippa Funnell - Stable Adventure (Europe) (En,Fr)|Sports|1C1846C2
Pippa Funnell 2 (Europe) (En,Fr)|Sports|F3C274C2
Power Poke Dash (Japan)|Sports|59E7AB4C
Power Pro Kun Pocket 3 (Japan)|Sports|4314D8BC
Power Pro Kun Pocket 3 (Japan) (Rev 1)|Sports|D8397194
Power Pro Kun Pocket 4 (Japan)|Sports|30B4A347
Power Pro Kun Pocket 4 (Japan) (Rev 1)|Sports|89A3A2C7
Power Pro Kun Pocket 5 (Japan)|Sports|06F0F8D4
Power Pro Kun Pocket 5 (Japan) (Promo)|Sports|969AC691
Power Pro Kun Pocket 6 (Japan)|Sports|88513763
Power Pro Kun Pocket 6 (Japan) (Promo)|Sports|023A9A75
Power Pro Kun Pocket 7 (Japan)|Sports|073047DF
Premier Action Soccer (Europe) (En,Fr,De,Es,It)|Sports|B5432FA4
Premier Manager 2003-04 (Europe) (En,Fr,De,It)|Sports|A959F638
Premier Manager 2004-2005 (Europe) (En,Fr,De,It)|Sports|2706DFF2
Premier Manager 2005-2006 (Europe) (En,Fr,De,It)|Sports|3B04673B
Pro Beach Soccer (Europe) (En,Fr,De,Es,It,Pt)|Sports|7623E41A
Pro Tennis WTA Tour (Europe)|Sports|F7171521
Pro Yakyuu Team o Tsukurou! Advance (Japan)|Sports|A8A3AA8B
Punch King - Arcade Boxing (Europe) (En,Fr,Es)|Sports|3E4CB21C
Punch King - Arcade Boxing (USA)|Sports|540B6CC1
Rapala Pro Fishing (USA, Europe)|Sports|964D39A7
Razor Freestyle Scooter (USA)|Sports|FFE38431
Ready 2 Rumble Boxing - Round 2 (Europe) (En,Fr,De)|Sports|E418E962
Ready 2 Rumble Boxing - Round 2 (USA)|Sports|5DFCC5E5
Rocket Power - Zero Gravity Zone (USA)|Sports|26D62D32
Rocky (Europe) (En,Fr,De,Es,It)|Sports|D2E55FB5
Rocky (USA) (En,Fr,De,Es,It)|Sports|C8F4FF1B
SK8 - Tony Hawk's Pro Skater 2 (Japan)|Sports|91F93500
SSX 3 (USA, Europe)|Sports|8232F58A
SSX Tricky (USA, Europe) (En,Fr,De)|Sports|E0988123
Salt Lake 2002 (Europe) (En,Fr,De,Es,It,Nl)|Sports|68836DF9
Salt Lake 2002 (USA) (En,Fr,De,Es,It,Nl)|Sports|4603205A
Shaun Palmer's Pro Snowboarder (Germany)|Sports|6D545FED
Shaun Palmer's Pro Snowboarder (USA, Europe)|Sports|66265AD9
Shin Nihon Pro Wrestling - Toukon Retsuden Advance (Japan)|Sports|9F0B8B79
Shiren Monsters Netsal (Japan)|Sports|C1F2B5EC
Speedball 2 - Brutal Deluxe (Europe) (En,Fr,De,Es,It)|Sports|051F3D0D
Sports Illustrated for Kids - Baseball (USA)|Sports|616088DF
Sports Illustrated for Kids - Football (USA)|Sports|9972779D
Stadium Games (Europe)|Sports|DB146CC3
Stadium Games (USA)|Sports|4BF6E9E8
Steven Gerrard's Total Soccer 2002 (Europe) (En,Fr,De,Es,It,Nl)|Sports|B94DDC93
Street Jam Basketball (USA, Europe)|Sports|3F20A970
Super Black Bass Advance (Europe)|Sports|91238AD1
Super Black Bass Advance (Japan)|Sports|67C4E470
Super Dodge Ball Advance (Europe)|Sports|4CA4F528
Super Dodge Ball Advance (USA)|Sports|1D31DC6B
Super Dodge Ball Advance (USA) (Beta)|Sports|626603B5
Surf's Up (Europe) (En,Fr,De,Es,It)|Sports|B225AE1A
Surf's Up (Europe) (En,Fr,Es)|Sports|317326B0
Surf's Up (USA) (En,Fr,Es)|Sports|0ADF57C5
Ten Pin Alley 2 (USA)|Sports|3C225943
Tennis Masters Series 2003 (Europe) (En,Fr,De,Es,It,Pt)|Sports|28E6BD52
Tennis no Ouji-sama - Aim at the Victory! (Japan)|Sports|AFC3FCF7
Tennis no Ouji-sama - Genius Boys Academy (Japan)|Sports|DD244C9A
Tennis no Ouji-sama 2003 - Cool Blue (Japan)|Sports|9F7FC898
Tennis no Ouji-sama 2003 - Passion Red (Japan)|Sports|59D1DC73
Tennis no Ouji-sama 2004 - Glorious Gold (Japan)|Sports|26A4EE5C
Tennis no Ouji-sama 2004 - Stylish Silver (Japan)|Sports|750D579D
Tiger Woods PGA Tour 2004 (USA, Europe)|Sports|0E38108B
Tiger Woods PGA Tour Golf (Europe) (En,Fr,De,Es,It)|Sports|38934732
Tiger Woods PGA Tour Golf (USA, Europe)|Sports|F3F26ACC
Tony Hawk's American Sk8land (Europe)|Sports|A824DF3F
Tony Hawk's American Sk8land (Europe) (Fr,De,Es,It)|Sports|9633084A
Tony Hawk's American Sk8land (USA)|Sports|7B089F4A
Tony Hawk's Downhill Jam (Europe) (En,Fr,De,Es,It)|Sports|4A975F48
Tony Hawk's Downhill Jam (USA)|Sports|37B0B53D
Tony Hawk's Pro Skater 2 (France)|Sports|F0EFC9D8
Tony Hawk's Pro Skater 2 (Germany)|Sports|6D236181
Tony Hawk's Pro Skater 2 (USA, Europe)|Sports|812DC57A
Tony Hawk's Pro Skater 3 (France)|Sports|8D132067
Tony Hawk's Pro Skater 3 (Germany)|Sports|74174675
Tony Hawk's Pro Skater 3 (USA, Europe)|Sports|F669A368
Tony Hawk's Pro Skater 4 (USA, Europe)|Sports|8CB0AA77
Tony Hawk's Underground (USA, Europe)|Sports|1F5149BC
Tony Hawk's Underground 2 (USA, Europe)|Sports|BF864083
Top Spin 2 (Europe) (En,Fr,De,Es,It)|Sports|A8E8618B
Top Spin 2 (USA) (En,Fr,De,Es,It)|Sports|A960D63B
Total Soccer Advance (Japan)|Sports|28C3E211
Toukon Heat (Japan)|Sports|4043F1E0
Ui-Ire - World Soccer Winning Eleven (Japan)|Sports|31B1A586
Ultimate Beach Soccer (USA)|Sports|5D4D88C5
Ultimate Muscle - The Kinnikuman Legacy - The Path of the Superhero (USA)|Sports|BB85AD55
Ultimate Winter Games (USA)|Sports|95988EE2
Virtua Tennis (Europe) (En,Fr,De,Es,It)|Sports|E52A3AB8
Virtua Tennis (USA)|Sports|E0BD3B75
WTA Tour Tennis (USA)|Sports|7F8CB0AF
WTA Tour Tennis Pocket (Japan)|Sports|459DAF35
WWE - Road to WrestleMania X8 (USA, Europe)|Sports|F1FB4FD1
WWE - Survivor Series (USA, Europe)|Sports|6694F94D
WWF - Road to WrestleMania (USA) (Beta)|Sports|8314421B
WWF - Road to WrestleMania (USA, Europe)|Sports|8D3B116E
Wade Hixton's Counter Punch (USA, Europe)|Sports|47B49060
Wakeboarding Unleashed featuring Shaun Murray (Europe)|Sports|A3CCF1EC
Wakeboarding Unleashed featuring Shaun Murray (USA)|Sports|CAD6376C
Whistle! - Dai-37-kai Tokyo-to Chuugakkou Sougou Taiiku Soccer Taikai (Japan)|Sports|667A0D06
Wilden Fussball-Kerle, Die - Entscheidung im Teufelstopf (Germany)|Sports|C8C12090
Wilden Fussball-Kerle, Die - Gefahr im Wilde Kerle Land (Germany)|Sports|A6281DD3
Winning Post for Game Boy Advance (Japan)|Sports|5ADA60F6
Winning Post for Game Boy Advance (Japan) (Rev 2)|Sports|9FB4AF0A
Winter Sports (Europe) (En,Fr,De,Es,It)|Sports|64C802F9
World Advance Soccer - Shouri e no Michi (Japan)|Sports|AFE01C1F
World Tennis Stars (Europe)|Sports|B5830F5F
World Tennis Stars (USA)|Sports|036E30B0
X-Bladez - Inline Skater (Europe)|Sports|C05F9907
X-Bladez - Inline Skater (USA)|Sports|09FDD665
Yuujou no Victory Goal 4v4 Arashi - Get the Goal!! (Japan)|Sports|CE987F90
Zen-Nihon Shounen Soccer Taikai 2 - Mezase Nihon-ichi! (Japan)|Sports|268F9C7E
Zidane Football Generation (Europe) (En,Fr,De,Es,It)|Sports|59E2635F
