Adian no Tsue (Japan)|Adventure|DCC7A8D6
Adian no Tsue (Japan) (Beta)|Adventure|E342932F
Cocona World (Japan)|Adventure|BBDD411E
Dead Zone (Japan)|Adventure|DE673254
Dead Zone (Japan) (Beta)|Adventure|9B91F0F8
Dr. Chaos - Jigoku no Tobira (Japan)|Adventure|BD732720
Dracula II - Noroi no Fuuin (Japan)|Adventure|9D81180E
Famicom Mukashibanashi - Shin Onigashima - Kouhen (Japan)|Adventure|D2FC309E
Famicom Mukashibanashi - Shin Onigashima - Zenpen (Japan) [b]|Adventure|4D11AE5F
Famicom Mukashibanashi - Yuuyuuki - Kouhen (Japan)|Adventure|9AB85AE2
Famicom Mukashibanashi - Yuuyuuki - Zenpen (Japan)|Adventure|0471D711
Famicom Tantei Club - Kieta Koukeisha - Kouhen (Japan)|Adventure|6634E3C2
Famicom Tantei Club - Kieta Koukeisha - Zenpen (Japan)|Adventure|5CD3D1E3
Famicom Tantei Club Part II - Ushiro ni Tatsu Shoujo - Kouhen (Japan) [b]|Adventure|EF5FC6B8
Famicom Tantei Club Part II - Ushiro ni Tatsu Shoujo - Zenpen (Japan) [b]|Adventure|18999088
German Tanteidan MarinGumi - Maruhi Jigomar Sousa File (Japan) [b]|Adventure|30529227
Hikaru Genji - Roller Panic (Japan) [b]|Adventure|0847FEF8
Idol Hotline - Nakayama Miho no Tokimeki High School (Japan)|Adventure|33525638
Idol Hotline - Nakayama Miho no Tokimeki High School (Japan) (Alt 1) [b]|Adventure|1D9E50B1
Kieta Princess (Japan)|Adventure|60D55CEA
Metroid (Japan) (Rev 1) [b]|Adventure|08A13A9E
Metroid (Japan) (Rev 2)|Adventure|1AD64B0F
Nankin no Adventure (Japan) [b]|Adventure|AF68B7C1
Risa no Yousei Densetsu (Japan)|Adventure|532DF6BC
Samurai Sword (Japan) [b]|Adventure|A6C01D25
Suishou no Dragon (Japan)|Adventure|6B56808B
Tantei Jinguuji Saburou - Kiken na Futari - Kouhen (Japan)|Adventure|BB597F44
Tantei Jinguuji Saburou - Kiken na Futari - Zenpen (Japan) [b]|Adventure|7E61FB44
Tantei Jinguuji Saburou - Shinjuku Chuuou Kouen Satsujin Jiken (Japan)|Adventure|06262BEB
Time Twist - Rekishi no Katasumi de... - Kouhen (Japan)|Adventure|1B21787F
Time Twist - Rekishi no Katasumi de... - Zenpen (Japan)|Adventure|F4C6B394
Titanic Mystery - Ao no Senritsu (Japan)|Adventure|FF00F147
Tooyama no Kinsan Space Chou - Mr. Gold (Japan)|Adventure|0CE56DB2
Zelda no Densetsu - The Hyrule Fantasy (Japan)|Adventure|1F22CCB1
Zelda no Densetsu - The Hyrule Fantasy (Japan) (Beta)|Adventure|2F222391
Zelda no Densetsu - The Hyrule Fantasy (Japan) (Rev 1)|Adventure|8F2202BF
