3-D Ultra Pinball - Thrillride (USA) (Rumble Version)|Action|1766E558
Action Man - Search for Base X (USA, Europe)|Action|1226499E
Adventures of the Smurfs, The (Europe) (En,Fr,De,Es,It,Nl)|Action|D0D3DFED
Aliens - Thanatos Encounter (USA, Europe)|Action|BEC3C24B
Antz (Europe) (En,Fr,De,Es,It,Nl)|Action|4839E0C1
Antz (USA) (En,Fr,Es)|Action|DC0BE439
Army Men (USA, Europe) (En,Fr,De)|Action|34411753
Army Men - Air Combat (USA, Europe) (En,Fr,De)|Action|B0D1DE8C
Army Men - Sarge's Heroes 2 (USA, Europe) (En,Fr,De)|Action|71B857EA
Army Men 2 (USA, Europe) (En,Fr,De)|Action|2272BACA
Arthur's Absolutely Fun Day! (USA)|Action|F03599A3
Asterix & Obelix vs Caesar (Europe) (En,Fr,De,Es,Nl)|Action|71043D76
Atsumete Asobu Kuma no Pooh-san - Mori no Takaramono (Japan)|Action|476EDE93
Austin Powers - Oh, Behave! (Europe) (En,Fr,De,Es,It)|Action|BF99F8CB
Austin Powers - Oh, Behave! (USA)|Action|BB89190E
Austin Powers - Welcome to my Underground Lair! (Europe) (En,Fr,De,Es,It)|Action|693F50DA
Austin Powers - Welcome to my Underground Lair! (USA)|Action|ABA42B78
Aventures de Buzz l'Eclair, Les (France)|Action|841674B0
Azarashi Sentai Inazuma - Dokidoki Daisakusen! (Japan)|Action|98F63BD4
Babe and Friends (Europe) (En,Fr,De,Es,It)|Action|B3681854
Babe and Friends (USA)|Action|E25407F1
Bad Badtz-Maru Robo Battle (Japan)|Action|4DD29B09
Bakuten Shoot Beyblade (Japan)|Action|BC306EA4
Balloon Fight GB (Japan) (NP, SGB Enhanced)|Action|D2AF64CE
Barbie - Aventura Submarina (Spain)|Action|0CF2B7F2
Barbie - Avventure nell'Oceano (Italy)|Action|59645A18
Barbie - Chasse au Tresor Sous-Marine (France)|Action|4068E981
Barbie - Diepzee Avontuur (Netherlands)|Action|39C6B8DF
Barbie - Fashion Pack Games (USA, Europe)|Action|09EE93A8
Barbie - Magic Genie Adventure (USA)|Action|57F1A202
Barbie - Meeres Abenteuer (Germany)|Action|5E46D64A
Barbie - Ocean Discovery (Europe)|Action|FDC8E7F1
Barbie - Ocean Discovery (USA)|Action|746936C6
Barbie - Shelly Club (Europe) (En,Fr,De,Es,It)|Action|767CAA42
Bear in the Big Blue House (Europe) (En,Fr,De,Es,It,Nl)|Action|48C99939
Bear in the Big Blue House (USA) (En,Fr,De,Es,It,Nl)|Action|851C8710
Beyblade - Fighting Tournament (Japan)|Action|1EC9DB95
Blade (USA, Europe)|Action|2DD5907F
Bob the Builder - Fix it Fun! (Europe) (En,Fr,De,Es,Nl)|Action|EA33FE3D
Bob the Builder - Fix it Fun! (Europe) (En,Fr,It)|Action|A8EBD88B
Bob the Builder - Fix it Fun! (Europe) (En,Sv,No,Da,Fi)|Action|F319E823
Bob the Builder - Fix it Fun! (USA)|Action|93FA37BD
Buffy the Vampire Slayer (USA, Europe)|Action|5692E262
Buzz Lightyear of Star Command (USA, Europe)|Action|84E29B87
Cannon Fodder (Europe) (En,Fr,De,Es,It)|Action|824C3BF3
Cannon Fodder (USA) (En,Fr,De,Es,It)|Action|26F8E1A0
Captain Buzz Lightyear - Star Command (Germany)|Action|F06D296C
Caterpillar Construction Zone (USA, Europe)|Action|D20DC670
Chee-Chai Alien (Japan) (Rumble Version)|Action|9E988FFE
Chibi Maruko-chan - Go Chounai Minna de Game Da yo! (Japan)|Action|20FAA0D1
Cross Hunter - Monster Hunter Version (Japan)|Action|48E1BA7D
Cross Hunter - Treasure Hunter Version (Japan)|Action|623C1516
Cross Hunter - X Hunter Version (Japan)|Action|858010E0
Cyborg Kuro-chan - Devil Fukkatsu (Japan)|Action|392D630F
Cyborg Kuro-chan 2 - White Woods no Gyakushuu (Japan)|Action|E86BF12E
Dancing Furby (Japan)|Action|3263F692
Dexter's Laboratory - Robot Rampage (USA, Europe)|Action|D24D6601
Diva Starz (Europe)|Action|4476E79F
Diva Starz (France)|Action|FC1B36D1
Diva Starz (Germany)|Action|56095F86
Diva Starz - Mall Mania (USA)|Action|EBE0ECD6
Doki x Doki Sasete!! (Japan)|Action|19A73F60
Doraemon - Aruke Aruke Labyrinth (Japan)|Action|F6D79A79
Doraemon Memories - Nobita no Omoide Daibouken (Japan)|Action|D187CEC4
Doug - La Grande Aventure (France)|Action|A9E62F1A
Doug's Big Game (Europe)|Action|B6FFBCCA
Doug's Big Game (Germany)|Action|5DC254D1
Doug's Big Game (USA)|Action|08E3D065
Dracula - Crazy Vampire (Europe) (En,Fr,De,Es,It)|Action|2F7AEF51
Dracula - Crazy Vampire (USA)|Action|283742E4
Dragon Dance (USA) (SGB Enhanced)|Action|0602DBE1
Dragon Tales - Dragon Wings (Europe)|Action|137D7B45
Dragon Tales - Dragon Wings (USA)|Action|191D31EC
Dragon's Lair (USA, Europe) (En,Ja,Fr,De,Es,Zh)|Action|BF076CA5
E.T. - The Extra-Terrestrial - Escape from Planet Earth (Europe) (En,Fr,De,Es,It,Nl)|Action|B25F3DB5
E.T. - The Extra-Terrestrial - Escape from Planet Earth (USA)|Action|086106DE
Elevator Action EX (Europe) (En,Fr,De,Es,It)|Action|2154763C
Elevator Action EX (Japan)|Action|B70C4DDB
Emperor's New Groove, The (Europe) (En,Fr,De,Es,It)|Action|4CAA8CD0
Emperor's New Groove, The (USA)|Action|6EBAD539
Extreme Ghostbusters (Europe) (En,Fr,De,Es,It,Pt)|Action|CC777B98
Flintstones, The - Burgertime in Bedrock (Europe) (En,Fr,De,Es,It)|Action|A5B09726
Flintstones, The - Burgertime in Bedrock (Europe) (En,Fr,De,Es,It) (Beta)|Action|ECCCD908
Flintstones, The - Burgertime in Bedrock (USA)|Action|14D8CC5D
Flipper & Lopaka (Europe) (En,Fr,De,Es,It,Nl,Pt,Sv,No,Da)|Action|08B9E4AA
Frogger (Europe) (En,Fr,De,Es,It,Nl)|Action|B6BF0672
Frogger (USA)|Action|AF46EA77
Frogger (USA) (Rev A)|Action|BA907064
Frogger (USA) (Rev B)|Action|D9A22E5D
Frogger 2 (USA)|Action|6A2666AA
Front Line - The Next Mission (Japan)|Action|F48E1643
Gift (Europe)|Action|1B0034E8
Gift (Europe) (Sample)|Action|D8E357BA
Gifty (Germany) (En)|Action|B97A8CB8
Godzilla - The Series (Europe) (En,Fr,De)|Action|2A073369
Godzilla - The Series (USA) (En,Fr,De)|Action|DD716EFE
Godzilla - The Series - Monster Wars (Europe) (En,Fr,De)|Action|A6007CE1
Godzilla - The Series - Monster Wars (USA) (En,Fr,De)|Action|E7EBB394
Gremlins Unleashed (Europe) (En,Fr,De,Es,It,Pt)|Action|053BC315
Gremlins Unleashed (Europe) (En,Fr,De,Es,It,Pt) (Beta)|Action|C38D52E7
Hamunaptra - Ushinawareta Sabaku no Miyako (Japan)|Action|FF454711
Hands of Time (USA, Europe) (En,Fr,De,Es,It,Nl)|Action|F519F4C3
Hello Kitty no Happy House (Japan)|Action|159FE5E7
Hello Kitty to Dear Daniel no Dream Adventure (Japan)|Action|018EED29
Hero Hero Kun (Japan)|Action|8CABDCA4
Hiryuu no Ken - Retsuden GB (Japan)|Action|BDAE91E8
Hollywood Pinball (Europe) (En,Fr,De,It)|Action|8BD1F635
Hollywood Pinball (Japan)|Action|77D7E5B7
Holy Magic Century (Europe) (En,Fr,De) (SGB Enhanced)|Action|ABD8CEAE
Hunter X Hunter - Kindan no Hihou (Japan)|Action|D23C6A75
Jagainu-kun (Japan)|Action|AEB634C5
JumpStart Dino Adventure - Field Trip (USA)|Action|6D50772D
Karamuchou wa Oosawagi! - Polinkies to Okashina Nakama-tachi (Japan) (SGB Enhanced)|Action|DD948071
Karate Joe (Europe) (Unl)|Action|B8A54E29
Kelly Club - Clubhouse Fun (USA)|Action|6E39EBC4
Kikansha Thomas - Sodor-tou no Nakama-tachi (Japan)|Action|223BB19C
Kirby - Tilt 'n' Tumble (USA)|Action|E541ACF1
Korokoro Kirby (Japan)|Action|C0FACE3D
LEGO Island 2 - The Brickster's Revenge (Europe) (En,Fr,De,Es,It,Nl,Pt,Sv,No,Da)|Action|921ABB21
LEGO Island 2 - The Brickster's Revenge (USA) (En,Fr,Es)|Action|B14FA7E7
Laura (Europe) (En,Fr,De,Es,It,Nl,Sv,Da)|Action|F90A3DAE
Laura (USA)|Action|E2BFF286
Little Mermaid II, The - Pinball Frenzy (Europe) (En,Fr,De,Es,It)|Action|9FEC297E
Little Mermaid II, The - Pinball Frenzy (USA) (En,Fr,De,Es,It) (Rumble Version)|Action|364F9CCD
Little Nicky (USA)|Action|27310900
Looney Tunes - Twouble! (USA) (En,Fr,Es)|Action|698D7BE4
Looney Tunes Collector - Alert! (USA) (En,Fr,Es)|Action|54509D24
Looney Tunes Collector - Martian Alert! (Europe) (En,Fr,De,Es,It,Nl)|Action|5D85DFAD
Looney Tunes Collector - Martian Quest! (Japan)|Action|BC46A2D2
Looney Tunes Collector - Martian Revenge! (Europe) (En,Fr,De,Es,It,Nl)|Action|22952662
Looney Tunes Racing (Europe) (En,Fr,De,Es,It,Nl)|Action|7EFDCA8A
Looney Tunes Racing (USA) (En,Fr,De,Es,It,Nl)|Action|66792CDE
Marvin Strikes Back! (USA) (En,Fr,Es)|Action|11B4788C
Mary-Kate and Ashley - Crush Course (USA, Europe)|Action|69DB3CD8
Mask of Zorro, The (Europe)|Action|909C870F
Mask of Zorro, The (USA)|Action|2C92AD12
Maya the Bee & Her Friends (Europe) (En,Fr,De,Es)|Action|983B1D26
Maya the Bee - Garden Adventures (Europe) (En,Fr,De,Es)|Action|142B6EFB
Men in Black 2 - The Series (Europe) (En,Fr,De)|Action|CA675933
Men in Black 2 - The Series (USA) (En,Fr,De)|Action|8B63F36F
Microsoft Pinball Arcade (Europe)|Action|4EB7DB14
Microsoft Pinball Arcade (USA)|Action|504F55C5
Minnie & Friends - Yume no Kuni o Sagashite (Japan)|Action|D47AE577
Monster AG, Die (Germany)|Action|3A9602E8
Monster Rancher Explorer (USA)|Action|6C35E8F0
Monsters, Inc. (Europe) (En,Es,Nl)|Action|63E3BBB4
Monsters, Inc. (Europe) (En,Fr,It)|Action|712D40A5
Monsters, Inc. (Europe) (Rev A)|Action|3726858A
Monsters, Inc. (USA, Europe)|Action|183DBB31
Montezuma's Return! (Europe) (En,Fr,De,Es,It)|Action|659693DE
Montezuma's Return! (USA) (En,Es)|Action|DE04772F
Moomin no Daibouken (Japan)|Action|BD29EE6F
Moomin's Tale (Europe) (En,Fr,De)|Action|45543BA2
Moorhuhn 2 - Die Jagd geht weiter (Germany)|Action|ED52CEAF
Mummy Returns, The (Europe) (En,Fr,De,Es,It)|Action|64052B9B
Mummy Returns, The (USA)|Action|C997F45B
Mummy, The (Europe) (En,Fr,De)|Action|84FC838A
Mummy, The (USA)|Action|C6BA9F27
Muppets, The (Europe) (En,Fr,De,Es,It,Nl,Sv) (AP9P)|Action|3204B92C
Muppets, The (Europe) (En,Fr,De,Es,It,Nl,Sv) (AX9P)|Action|0FAFA3F2
Muppets, The (USA)|Action|3C476C6F
NSYNC - Get to the Show (USA)|Action|F770878B
Naminori Yarou! (Japan) (NP)|Action|AC5E477D
Nations, The - Land of Legends (Europe) (En,De)|Action|8C195F49
New Addams Family Series, The (Europe) (En,Fr,De,Es,It,Pt)|Action|FBB97680
Nintama Rantarou - Ninjutsu Gakuen ni Nyuugaku Shiyou no Dan (Japan)|Action|4631D8BF
Nisemon Puzzle da Mon! - Feromon Kyuushutsu Daisakusen! (Japan)|Action|2F7D62F3
Ohasuta Yama-chan & Raymond (Japan) (SGB Enhanced)|Action|840EF32F
Oide Rascal (Japan)|Action|9E0799F4
Ojarumaru - Mangan Jinja no Ennichi de Ojaru! (Japan)|Action|D86507C9
Owarai Yoiko no Geemumichi - Oyaji Sagashite 3 Choume (Japan) (SGB Enhanced)|Action|3F635A4F
Pac-Man - Special Color Edition (USA) (SGB Enhanced)|Action|3485EF86
Pac-Man - Special Colour Edition (Europe)|Action|F565647F
Paperboy (USA, Europe)|Action|C0A98305
Planet of the Apes (Europe) (En,Fr,De,Es,It,Nl)|Action|A92DCB79
Planet of the Apes (USA) (En,Fr,De,Es,It,Nl)|Action|91D7CCCA
Pocket Bomberman (USA, Europe) (SGB Enhanced)|Action|FA2A66E9
Pocket Color Block (Japan) (SGB Enhanced)|Action|389CF56F
Pokemon Pinball (Europe) (En,Fr,De,Es,It) (Rumble Version) (SGB Enhanced)|Action|39C432A4
Pokemon Pinball (Japan) (Rumble Version) (SGB Enhanced)|Action|13C70DE9
Pokemon Pinball (USA) (Rumble Version) (SGB Enhanced)|Action|03CE8D9A
Pong - The Next Level (USA, Europe)|Action|476BD39D
Pooh and Tigger's Hunny Safari (Europe) (En,Fr,De,Es,It,Nl)|Action|8505D139
Pooh and Tigger's Hunny Safari (USA)|Action|622690DA
Power Rangers - Lightspeed Rescue (USA, Europe)|Action|99869172
Power Rangers - Time Force (USA, Europe)|Action|17E51443
Powerpuff Girls, The - Battle Him (Europe)|Action|788859AE
Powerpuff Girls, The - Battle Him (USA)|Action|D8455984
Powerpuff Girls, The - Battle Him (USA) (Rev A)|Action|E3D6964C
Powerpuff Girls, The - Bulle Contre Lui (France)|Action|7085270C
Powerpuff Girls, The - Paint the Townsville Green (Europe)|Action|98E4B0C4
Powerpuff Girls, The - Paint the Townsville Green (USA)|Action|9D47261A
Powerpuff Girls, The - Paint the Townsville Green (USA) (Rev A)|Action|295B3646
Powerpuff Girls, The - Paint the Townsville Green (USA) (Rev B)|Action|443367AE
Powerpuff Girls, The - Panique A Townsville (France)|Action|79A417DB
Pumuckls Abenteuer bei den Piraten (Germany)|Action|F55CDB79
Pumuckls Abenteuer im Geisterschloss (Germany)|Action|87FCEC24
Q-bert (USA)|Action|90F46D7E
Quest - Fantasy Challenge (USA) (SGB Enhanced)|Action|98285775
Rampage - World Tour (USA, Europe)|Action|B029017F
Rampage 2 - Universal Tour (USA, Europe)|Action|20B86F1E
Rampart (USA)|Action|D5AEED2E
Rats! (USA) (En,Es)|Action|17635AD1
Razmoket, Les - 100% Angelica (France)|Action|1D66CB29
Rescue Heroes - Fire Frenzy (USA)|Action|77A4DC63
Reservoir Rat (Europe) (En,Fr,De,Es,It)|Action|22621803
Return of the Ninja (Europe)|Action|8E04849A
Return of the Ninja (USA)|Action|A07DA702
Robin Hood (Europe) (En,Fr,De,Es,It,Nl)|Action|D4F84329
Robot Wars - Metal Mayhem (Europe) (En,Fr,De,It,Nl,Sv)|Action|E99BDEE6
Roswell Conspiracies - Aliens, Myths & Legends (Europe) (En,Fr,De)|Action|49101556
Roswell Conspiracies - Aliens, Myths & Legends (USA) (En,Fr,De)|Action|1F5EC131
Rugrats - Totally Angelica (USA, Europe)|Action|FC6195EF
Rugrats - Typisch Angelica (Germany)|Action|026C4794
Rugrats Movie, The (Europe) (SGB Enhanced)|Action|B4091600
Rugrats Movie, The (USA) (SGB Enhanced)|Action|FEBE2606
Sgt. Rock - On the Frontline (USA)|Action|521A2F77
Shamus (USA, Europe)|Action|EFB9196D
Solomon (Japan)|Action|6AEE0958
Soreike! Anpanman - 5-tsu no Tou no Ousama (Japan)|Action|C9A25B0C
Soukoban Densetsu - Hikari to Yami no Kuni (Japan) (SGB Enhanced)|Action|081D7FCB
Spawn (USA)|Action|72FCB0AD
SpongeBob SquarePants - Legend of the Lost Spatula (USA, Europe)|Action|81230564
Spy vs. Spy (Europe) (En,Fr,De,Es,It,Nl,Sv)|Action|713C6C17
Spy vs. Spy (Japan)|Action|0E783117
Spy vs. Spy (USA)|Action|F0463D51
Star Wars Episode I - Obi-Wan's Adventures (Europe) (En,Fr,De,Es,It)|Action|E584DFC2
Star Wars Episode I - Obi-Wan's Adventures (USA)|Action|0E697582
Stuart Little - The Journey Home (Europe) (Fr,De)|Action|ACB08666
Stuart Little - The Journey Home (USA, Europe)|Action|EB273887
Super Bombliss DX (Japan) (En) (SGB Enhanced)|Action|34C8A4A5
Super Breakout! (Europe) (En,Fr,De,Es,It,Nl)|Action|6833923D
Super Breakout! (USA)|Action|52F51CB5
Super Nenas, Las - Lucha Con Ese (Spain)|Action|7BA87C11
Super Nenas, Las - Panico en Townsville (Spain)|Action|03EDB574
Super Robot Pinball (Japan)|Action|6E330FCD
Sylvester and Tweety - Breakfast on the Run (Europe) (En,Fr,De,Es,It,Nl)|Action|6BB3B0DC
Thunderbirds (Europe)|Action|B5BECECF
Thunderbirds (Europe) (En,Fr,De,Es,It)|Action|36536324
Tiny Toon Adventures - Buster Saves the Day (Europe) (En,Fr,De,Es,It)|Action|7AA371ED
Tiny Toon Adventures - Buster Saves the Day (USA)|Action|800EFB3D
Tiny Toon Adventures - Dizzy's Candy Quest (Europe) (En,Fr,De,Es,It,Nl)|Action|5A0D41AA
Tom and Jerry - Mousehunt (Europe) (En,Fr,De,Es,It)|Action|3E17D04A
Tom and Jerry - Mousehunt (USA) (En,Fr,Es)|Action|5FC6BEC0
Tom and Jerry in Mouse Attacks! (Europe) (En,Fr,De,Es,It,Nl,Da)|Action|9D9C84F4
Tom and Jerry in Mouse Attacks! (USA)|Action|38CE3F76
Toobin' (USA)|Action|3D6B598C
Top Gun - Fire Storm (USA, Europe) (En,Fr,De,Es,It,Nl)|Action|E2AD5A0F
Tottoko Hamutarou - Tomodachi Daisakusen Dechu (Japan)|Action|19EB4516
Tottoko Hamutarou - Tomodachi Daisakusen Dechu (Japan) (Rev A)|Action|D549E074
Tweenies - Doodles' Bones (Europe) (En,De,Es,It)|Action|9306EDD0
Tweenies - Doodles' Bones (Europe) (En,Nl,Sv,No,Da)|Action|C7B61220
Ultimate Paint Ball (USA, Europe)|Action|6DCFDFE2
Ultimate Surfing (Europe)|Action|B3398A9B
Ultimate Surfing (USA)|Action|E84DF1F0
VIP (USA) (En,Fr,Es)|Action|436C87D4
VIP (USA, Europe) (En,Fr,De,Es,It)|Action|DBDD6D85
Warriors of Might and Magic (USA) (En,Fr,De)|Action|EF9F5BEA
Wendy - Every Witch Way (USA, Europe)|Action|4AC6907B
Wild Thornberrys, The - Rambler (USA)|Action|0E1465CB
Wings of Fury (Europe) (En,Fr,De)|Action|6D59104F
Wings of Fury (USA)|Action|C94A413A
Winnie the Pooh - Adventures in the 100 Acre Wood (Europe) (En,Fr,De,Es,It,Nl,Da)|Action|1DB0840C
Winnie the Pooh - Adventures in the 100 Acre Wood (USA)|Action|066A2196
World Destruction League - Thunder Tanks (USA) (En,Fr,De)|Action|1A0BF4D7
X-Men - Mutant Wars (USA, Europe)|Action|921999E2
Xena - Warrior Princess (USA, Europe) (En,Fr,De,Es,It,Nl)|Action|F0DE3CE7
Yoda Stories (USA, Europe)|Action|6314DA32
