AirForce Delta (Japan)|Simulation|5DFFF5E2
AirForce Delta (USA)|Simulation|FF31CC92
Animal Breeder 4 (Japan)|Simulation|83D838C3
BattleTanx (Europe) (En,Fr,De)|Simulation|2FCECB70
BattleTanx (USA)|Simulation|4431F8E7
Carmageddon - Carpocalypse Now (Germany)|Simulation|B447BC06
Carmageddon - Carpocalypse Now (USA, Europe) (En,Fr,Es,It)|Simulation|BB482ED7
Catz - Your Virtual Petz Palz (Europe)|Simulation|099D6555
Catz - Your Virtual Petz Palz (USA)|Simulation|769A2C5A
Deadly Skies (Europe) (En,Fr,De)|Simulation|402DE378
Densha de Go! (Japan)|Simulation|14375072
Densha de Go! 2 (Japan)|Simulation|B72603FC
Dino Breeder 3 - Gaia Fukkatsu (Japan) (SGB Enhanced)|Simulation|D9F071BB
Dino Breeder 4 (Japan) (SGB Enhanced)|Simulation|B0106777
Dogz - Your Virtual Petz Palz (Europe)|Simulation|CE8DD179
Dogz - Your Virtual Petz Palz (USA)|Simulation|A8397183
F-18 Thunder Strike (USA, Europe)|Simulation|410FA858
Hamster Paradise (Japan) (SGB Enhanced)|Simulation|F520CB19
Hamster Paradise 2 (Japan)|Simulation|542C78B6
Hamster Paradise 2 (Japan) (Rev A)|Simulation|B9E1F3B0
Hamster Paradise 3 (Japan)|Simulation|14CAC67C
Hamster Paradise 4 (Japan)|Simulation|C460DC88
Tokimeki Memorial Pocket - Culture Hen - Komorebi no Melody (Japan) (SGB Enhanced)|Simulation|4BE4A8ED
Tokimeki Memorial Pocket - Sport Hen - Koutei no Photograph (Japan) (SGB Enhanced)|Simulation|78E14FA9
Vigilante 8 (USA) (Rumble Version)|Simulation|D1A188DC
