25th Anniversary Super Mario Bros. (Europe) (Promo, Virtual Console)|Platform|E66AD6B8
25th Anniversary Super Mario Bros. (Japan) (En) (Promo, Virtual Console)|Platform|A80290A6
8 Eyes (Japan)|Platform|F8D53171
8 Eyes (USA)|Platform|326AB3B6
Addams Family, The (Europe) (En,Fr,De)|Platform|BF700470
Addams Family, The (USA)|Platform|65518EAE
Addams Family, The - Pugsley's Scavenger Hunt (Europe)|Platform|9632C470
Addams Family, The - Pugsley's Scavenger Hunt (Europe) (Beta)|Platform|C8F203F9
Addams Family, The - Pugsley's Scavenger Hunt (USA)|Platform|063E5653
Adventure Island 3 (USA)|Platform|BFBFD25D
Adventure Island Classic (Europe)|Platform|86867830
Adventure Island II (USA)|Platform|771C8855
Adventure Island Part II, The (Europe)|Platform|7E4BA78F
Adventures of Dr. Franken, The (USA) (Proto)|Platform|3B0F4DB2
Adventures of Rad Gravity, The (Europe)|Platform|A31142FF
Adventures of Rad Gravity, The (USA)|Platform|D8EE7669
Adventures of Rocky and Bullwinkle and Friends, The (USA)|Platform|227CF577
Aigina no Yogen - Balubalouk no Densetsu Yori (Japan)|Platform|37F59450
Akumajou Densetsu (Japan)|Platform|E349AF38
Akumajou Dracula (Japan)|Platform|A0F99BB8
Akumajou Special - Boku Dracula-kun (Japan)|Platform|C1FBF659
Aladdin (Europe)|Platform|41D32FD7
Alfred Chicken (Europe)|Platform|759418D2
Alfred Chicken (USA)|Platform|63E992AC
Alien 3 (Europe)|Platform|DDC6D9C9
Alien 3 (USA)|Platform|C527C297
Amagon (USA)|Platform|E2B43A68
Argos no Senshi (Japan)|Platform|E1B260DA
Asmik-kun Land (Japan)|Platform|15141401
Asterix (Europe) (En,Fr,De,Es,It)|Platform|ED77B453
Astyanax (Europe)|Platform|B68F9814
Astyanax (USA)|Platform|054CB4EB
Astyanax (USA) (Beta)|Platform|A46D7F02
Athena (Japan)|Platform|8BCDE59A
Athena (USA)|Platform|27DDF227
Atlantis no Nazo (Japan)|Platform|F808AF60
Atlantis no Nazo (Japan) (Sample)|Platform|5062A34B
Back to the Future Part II & III (USA)|Platform|37BA3261
Banana Prince (Germany)|Platform|8A65E57C
Bananan Ouji no Daibouken (Japan)|Platform|66ED9C00
Barbie (Europe)|Platform|D364F816
Barbie (USA)|Platform|5B6CA654
Barbie (USA) (Rev A)|Platform|18B249E5
Batman (Japan)|Platform|4D7859A9
Batman - Return of the Joker (Europe)|Platform|BA327FD9
Batman - Return of the Joker (USA)|Platform|03EC46AF
Batman - Return of the Joker (USA) (Beta)|Platform|29DD37F4
Batman - The Video Game (Europe)|Platform|D0F70E36
Batman - The Video Game (USA)|Platform|13C6617E
Batman - The Video Game (USA) (Beta 1)|Platform|816AD178
Batman - The Video Game (USA) (Beta 2)|Platform|CB8F9AB7
Beauty and the Beast (Europe)|Platform|C4E81924
Beetlejuice (USA)|Platform|EB84C54C
Bible Adventures (USA) (Unl)|Platform|40A5E676
Bible Adventures (USA) (v1.1) (Unl)|Platform|73C246D4
Bible Adventures (USA) (v1.2) (Unl)|Platform|7F24EFC0
Bible Adventures (USA) (v1.3) (Unl)|Platform|73140EEF
Bible Adventures (USA) (v1.4) (Unl)|Platform|680DA78D
Big Nose Freaks Out (USA) (Unl)|Platform|CCDCBFC6
Big Nose and the Witchdoctor (USA) (Beta) (Unl)|Platform|F62B0327
Big Nose the Caveman (USA) (Unl)|Platform|BD154C3E
Bio Force Ape (Japan) (En) (Proto)|Platform|190E52FF
Bio Miracle Bokutte Upa (Japan)|Platform|6DC28B5A
Bionic Commando (Europe)|Platform|FA7EE642
Bionic Commando (USA)|Platform|D2574720
Blaster Master (Europe)|Platform|8106E694
Blaster Master (USA)|Platform|3F0FD764
Blaster Master (USA) (Beta)|Platform|B683A856
Blue Shadow (Europe)|Platform|C92B814B
Blues Brothers, The (Europe)|Platform|E4776A2B
Blues Brothers, The (USA)|Platform|9F2EEF20
Bonk's Adventure (USA)|Platform|4E44FF44
Bram Stoker's Dracula (Europe)|Platform|89A45446
Bram Stoker's Dracula (USA)|Platform|DFA111F1
Bubble Bobble (Europe)|Platform|C99B690A
Bubble Bobble (USA)|Platform|5E900522
Bubble Bobble 2 (Japan)|Platform|6CDC0CD9
Bubble Bobble Part 2 (USA)|Platform|E095C3F2
Bucky O'Hare (Europe)|Platform|6720ABAC
Bucky O'Hare (Japan)|Platform|26E82008
Bucky O'Hare (USA)|Platform|E19EE99C
Bugs Bunny Birthday Bash (USA) (Beta) [b]|Platform|85D02CD4
Bugs Bunny Birthday Blowout, The (USA)|Platform|126EBF66
Bugs Bunny Blowout, The (Europe)|Platform|9BD3F3C2
Bugs Bunny Crazy Castle, The (USA)|Platform|E50A9130
Bugs Bunny Fun House (USA) (Beta)|Platform|AE97627C
BurgerTime (Japan)|Platform|CE67507A
BurgerTime (USA)|Platform|DAF9D7E3
Buzz & Waldog (USA) (Proto) (Unl)|Platform|CCC03440
California Raisins - The Grape Escape (USA) (Proto 1)|Platform|F2096D9C
California Raisins - The Grape Escape (USA) (Proto 2)|Platform|8D97155C
Captain Comic - The Adventure (USA) (Unl)|Platform|A5E89675
Captain Planet and the Planeteers (Europe)|Platform|8D901FAD
Captain Planet and the Planeteers (USA)|Platform|0B404915
Captain Saver (Japan)|Platform|99C395F9
Castle of Deceit (USA) (Unl)|Platform|345D3A1A
Castlevania (Europe)|Platform|A93527E2
Castlevania (USA)|Platform|0AC1AA8F
Castlevania (USA) (Rev A)|Platform|B668C7FC
Castlevania III - Dracula's Curse (Europe)|Platform|671F23A8
Castlevania III - Dracula's Curse (USA)|Platform|ED2465BE
Cat Ninden Teyandee (Japan)|Platform|45878D7F
Chip 'n Dale - Rescue Rangers (Europe)|Platform|84F7FC31
Chip 'n Dale - Rescue Rangers (USA)|Platform|8BF29CB6
Chip 'n Dale - Rescue Rangers 2 (Europe)|Platform|F83E0D2D
Chip 'n Dale - Rescue Rangers 2 (USA)|Platform|FC5783A7
Chip 'n Dale - Rescue Rangers 2 (USA) (Beta)|Platform|CC6CA4DC
Chip to Dale no Daisakusen (Japan)|Platform|D923EB5B
Chip to Dale no Daisakusen 2 (Japan)|Platform|99686DAD
Chitei Senkuu Vazolder (Japan)|Platform|7840B18D
Chou-Wakusei Senki - MetaFight (Japan)|Platform|039B4A9C
Choujin Sentai Jetman (Japan)|Platform|952A9E77
Choujinrou Senki Warwolf (Japan)|Platform|85E0090B
Circus Caper (USA)|Platform|D152FB02
Circus Charlie (Japan)|Platform|B87AB35A
City Connection (Europe)|Platform|681798A8
City Connection (Japan)|Platform|20F98977
City Connection (USA)|Platform|AE8666B4
Clash at Demonhead (USA)|Platform|82AFA828
Cocoron (Japan)|Platform|78C4460D
Conan (USA)|Platform|C6000085
Contra (Japan)|Platform|B27B8CF4
Contra (Japan) (Sample)|Platform|CB35FA90
Contra (USA)|Platform|F6035030
Crazy Climber (Japan)|Platform|C68363F6
Daiku no Gen-san (Japan)|Platform|78211EBF
Daiku no Gen-san 2 - Akage no Dan no Gyakushuu (Japan)|Platform|93B2CEC4
Dao Shuai (Asia) (Unl)|Platform|EBD0644D
Darkwing Duck (Europe)|Platform|66F6A39E
Darkwing Duck (Germany)|Platform|443FC6CD
Darkwing Duck (USA)|Platform|5DCE2EEA
Darkwing Duck (USA) (Beta)|Platform|8DB43824
David Crane's A Boy and His Blob - Trouble on Blobolonia (Europe)|Platform|AB2AC325
David Crane's A Boy and His Blob - Trouble on Blobolonia (Europe) (Rev A)|Platform|8ECBC577
David Crane's A Boy and His Blob - Trouble on Blobolonia (USA)|Platform|4D1AC58C
Dengeki - Big Bang! (Japan)|Platform|23BF0507
Dengeki - Big Bang! (Japan) (Beta)|Platform|0C462638
Densetsu no Kishi - Elrond (Japan)|Platform|A72FDE03
Digger - The Legend of the Lost City (USA)|Platform|1CEE0C21
Digger T. Rock - The Legend of the Lost City (Europe)|Platform|96CFB4D8
Doki!Doki! Yuuenchi - Crazy Land Daisakusen (Japan)|Platform|BD50F230
Don Doko Don (Japan)|Platform|7A497AE3
Don Doko Don 2 (Japan)|Platform|A7B0536C
Donkey Kong (Japan)|Platform|F863D5BB
Donkey Kong (USA) (GameCube Edition)|Platform|9D779B08
Donkey Kong (World) (Rev A)|Platform|6F97C721
Donkey Kong Jr. (Japan)|Platform|E211B93A
Donkey Kong Jr. (USA) (GameCube Edition)|Platform|A69A1F2A
Donkey Kong Jr. (World) (Rev A)|Platform|4864C304
Donkey Kong Jr. + Jr. Lesson (Japan)|Platform|50A1B3FE
Dr. Jekyll and Mr. Hyde (USA)|Platform|4D3FBA78
Dragon's Lair (Europe)|Platform|F919795D
Dragon's Lair (Japan)|Platform|C48DDB52
Dragon's Lair (USA)|Platform|CA033B3A
Dreamworld Pogie (Unknown) (Proto)|Platform|63D38B86
DuckTales (Europe)|Platform|D029F841
DuckTales (USA)|Platform|EFB09075
DuckTales (USA) (Beta)|Platform|FF53D73E
DuckTales 2 (Europe)|Platform|096D8364
DuckTales 2 (Europe) (Beta)|Platform|89EC53C8
DuckTales 2 (France)|Platform|30C5E6CF
DuckTales 2 (Germany)|Platform|0D14285A
DuckTales 2 (Japan)|Platform|EDDCC468
DuckTales 2 (USA)|Platform|73C7FCF4
Dynamite Batman (Japan)|Platform|0FF6A3B5
Esper Bouken Tai (Japan)|Platform|7B0A41B9
FC Genjin - Freakthoropus Computerus (Japan)|Platform|5F14DC48
Felix the Cat (Europe)|Platform|FBD48274
Felix the Cat (USA)|Platform|2CAAE01C
Flintstones, The - The Rescue of Dino & Hoppy (Europe)|Platform|AC609320
Flintstones, The - The Rescue of Dino & Hoppy (Japan)|Platform|40C0AD47
Flintstones, The - The Rescue of Dino & Hoppy (USA)|Platform|2FE20D79
Flintstones, The - The Surprise at Dinosaur Peak (Europe)|Platform|4B750880
Flintstones, The - The Surprise at Dinosaur Peak! (USA)|Platform|DAB84A9C
Fox's Peter Pan & the Pirates - The Revenge of Captain Hook (USA)|Platform|20353E63
Fushigi na Blobby - Blobania no Kiki (Japan)|Platform|1B7BD879
G.I. Joe - A Real American Hero (USA)|Platform|1D2D93FF
G.I. Joe - A Real American Hero - The Atlantis Factor (USA) (Beta)|Platform|9DDF9017
G.I. Joe - The Atlantis Factor (USA)|Platform|8C8DEDB6
Ganbare Goemon 2 (Japan)|Platform|0CC9FFEC
Gegege no Kitarou - Youkai Daimakyou (Japan)|Platform|25468546
Gegege no Kitarou - Youkai Daimakyou (Japan) (Beta)|Platform|CE2450C0
Gekikame Ninja Den (Japan)|Platform|64A02715
Ghost'n Goblins (Europe)|Platform|9369A2F8
Ghosts'n Goblins (USA)|Platform|B4E4879E
Gimmick! (Japan)|Platform|0D65E7C7
Gimmick! (Japan) (Beta)|Platform|E661918C
Gluk the Thunder Warrior (Spain) (Gluk Video) (Unl)|Platform|1570A0C8
Goonies (Japan)|Platform|E6DF6616
Gremlin 2 - Shinshu Tanjou (Japan)|Platform|0897021B
Gremlins 2 - The New Batch (Europe)|Platform|2B20B022
Gremlins 2 - The New Batch (Europe) (Beta)|Platform|8BDD3D93
Gremlins 2 - The New Batch (USA)|Platform|0ED96F42
Gyromite (World)|Platform|023A5A32
Hammerin' Harry (Europe)|Platform|67CBC0A0
Hana no Star Kaidou (Japan)|Platform|6A6B7239
Happily Ever After (USA) (Proto)|Platform|0E0060C8
Happy Birthday Bugs (Japan)|Platform|B47569E2
Hebereke (Japan)|Platform|72928698
Hell Fighter (Asia) (PAL) (Unl)|Platform|47EA8047
Hitler no Fukkatsu - Top Secret (Japan)|Platform|16A0A3A3
Holy Diver (Japan)|Platform|BA51AC6F
Home Alone 2 - Lost in New York (Europe)|Platform|68C62E50
Home Alone 2 - Lost in New York (USA)|Platform|2E0741B6
Hook (Europe)|Platform|BF888B75
Hook (Japan)|Platform|2DB7C31E
Hook (USA)|Platform|D8230D0E
Hoshi no Kirby - Yume no Izumi no Monogatari (Japan)|Platform|E4A7D436
Houma ga Toki (Japan)|Platform|96BA90B0
Hudson Hawk (Europe)|Platform|AC3E5677
Hudson Hawk (Japan)|Platform|2FC1ABAE
Hudson Hawk (USA)|Platform|5A4F156D
Hudson's Adventure Island (USA)|Platform|F8A713BE
Hudson's Adventure Island II (USA) (Beta)|Platform|8CACCA85
Ice Climber (Japan)|Platform|0B58880C
Ice Climber (USA, Europe)|Platform|FB98D46E
Incredible Crash Dummies, The (Europe)|Platform|C8228B54
Incredible Crash Dummies, The (USA)|Platform|A80A0F01
Indiana Jones and the Temple of Doom (USA)|Platform|A0C31A57
Indiana Jones and the Temple of Doom (USA) (Rev A)|Platform|B4C81ADB
Indiana Jones and the Temple of Doom (USA) (Unl)|Platform|139EB5B5
IronSword - Wizards & Warriors II (Europe)|Platform|694C801F
IronSword - Wizards & Warriors II (USA)|Platform|2328046E
Jackie Chan (Japan)|Platform|59280BEC
Jackie Chan's Action Kung Fu (Europe)|Platform|7AE5C002
Jackie Chan's Action Kung Fu (USA)|Platform|45A41784
Jajamaru no Daibouken (Japan)|Platform|61B4295A
James Bond Jr (Europe)|Platform|A0A5A0B9
James Bond Jr (USA)|Platform|F6898A59
Jetsons, The - Cogswell's Caper (Europe)|Platform|65D1AB64
Jetsons, The - Cogswell's Caper (Japan)|Platform|1500E835
Jetsons, The - Cogswell's Caper (USA)|Platform|2BF61C53
Jigoku Gokuraku Maru (Japan)|Platform|045E8CD8
Joe & Mac (USA)|Platform|26D3082C
Joe & Mac - Caveman Ninja (Europe)|Platform|04142764
Journey to Silius (Europe)|Platform|AB671224
Journey to Silius (USA)|Platform|E2C4EDCE
Journey to the West (Asia) (Unl)|Platform|0F20210D
Joust (Japan)|Platform|927C7A3A
Joust (USA)|Platform|BE387AF0
JuJu Densetsu (Japan)|Platform|CCAF543A
Jungle Book, The (Europe)|Platform|7DA77F11
Jungle Book, The (USA)|Platform|61179BFA
Jurassic Boy (Asia) (Unl)|Platform|491CD95E
Kabuki - Quantum Fighter (Europe)|Platform|BCCFEF1C
Kabuki - Quantum Fighter (USA)|Platform|7474AC92
Kage (Japan)|Platform|98977591
Kage no Densetsu (Japan)|Platform|BDA7925E
Kaiketsu Yancha Maru (Japan)|Platform|D1397940
Kaiketsu Yancha Maru 3 - Taiketsu! Zouringen (Japan)|Platform|9E898385
Kakefu-kun no Jump Tengoku - Speed Jigoku (Japan)|Platform|8324A464
Kame no Ongaeshi - Urashima Densetsu (Japan)|Platform|489D19AB
Kamen no Ninja - Akakage (Japan)|Platform|28C1D3D5
Kamen no Ninja - Hanamaru (Japan)|Platform|E6B30BB3
Kanshakudama Nage Kantarou no Toukaidou Gojuusan Tsugi (Japan)|Platform|F635C594
Karnov (Japan)|Platform|267E592F
Karnov (Japan) (Rev 1)|Platform|276237B3
Karnov (USA)|Platform|548A2C3C
Ki no Bouken - The Quest of Ki (Japan)|Platform|E1526228
Kid Icarus (Europe) (Rev A)|Platform|D67FD6A6
Kid Icarus (USA, Europe)|Platform|D9F0749F
Kid Klown in Night Mayor World (USA)|Platform|8EE7C43E
Kid Kool and the Quest for the Seven Wonder Herbs (USA)|Platform|AA6BB985
Kid Niki - Radical Ninja (USA)|Platform|8192D2E7
Kid Niki - Radical Ninja (USA) (Rev A)|Platform|A9415562
Kirby's Adventure (Canada)|Platform|37088EFF
Kirby's Adventure (Europe)|Platform|2C088DC5
Kirby's Adventure (France)|Platform|B2EF7F4B
Kirby's Adventure (Germany)|Platform|127D76F4
Kirby's Adventure (USA)|Platform|D7794AFC
Kirby's Adventure (USA) (Rev A)|Platform|5ED6F221
Kiteretsu Daihyakka (Japan)|Platform|DB479677
Kiwi Kraze - A Bird-Brained Adventure! (USA)|Platform|563C2CC0
Krion Conquest, The (USA)|Platform|03272E9B
Kyouryuu Sentai Zyuranger (Japan)|Platform|516B2412
Layla (Japan)|Platform|EA31CCD3
Legend of Kage, The (USA)|Platform|BBED6E6E
Lion King, The (Europe)|Platform|89984244
Little Mermaid - Ningyo Hime (Japan)|Platform|64C0FA3B
Little Mermaid - Ningyo Hime (Japan) (Beta)|Platform|EBB5E666
Little Mermaid, The (USA)|Platform|3BE244EF
Little Nemo - The Dream Master (Europe)|Platform|E0FFFBD2
Little Nemo - The Dream Master (USA)|Platform|5B4B6056
Little Samson (Europe)|Platform|5B5AB1F8
Little Samson (USA)|Platform|B5E392E2
Lord of King, The (Japan)|Platform|D0EB749F
Lost Word of Jenny - Ushinawareta Message (Japan)|Platform|3CD6BB0E
Low G Man - The Low Gravity Man (Europe)|Platform|AF65AA84
Low G Man - The Low Gravity Man (USA)|Platform|93991433
Lupin Sansei - Pandora no Isan (Japan)|Platform|9D21FE96
M.C. Kids (USA)|Platform|B0EBF3DB
M.C. Kids (USA) (Beta)|Platform|AE7DF77F
Magic John (Japan)|Platform|D8748E0A
Magical Kid's Doropie (Japan)|Platform|7EC6F75B
Magical Taruruuto-kun - Fantastic World!! (Japan)|Platform|0CF42E69
Magical Taruruuto-kun - Fantastic World!! (Japan) (Rev 1)|Platform|DCB972CE
Magical Taruruuto-kun 2 - Mahou Daibouken (Japan)|Platform|B7F28915
Makai Mura (Japan)|Platform|BF3635CF
Mappy (Japan)|Platform|5D1301C5
Mappy-Land (Japan)|Platform|2E563C66
Mappy-Land (USA)|Platform|83FC38F8
Mario Bros. (Europe) (Rev A)|Platform|2BF0F9C5
Mario Bros. (USA) (GameCube Edition)|Platform|8DB31730
Mario Bros. (World)|Platform|C4C3949A
Mario Bros. Classic (Europe)|Platform|A1C0DA00
Master Chu and the Drunkard Hu (Asia) (PAL) (Unl)|Platform|EB4CCA31
Master Chu and the Drunkard Hu (USA) (Unl)|Platform|3C7E38F5
McDonaldland (Europe)|Platform|FC2F9B2D
McDonaldland (France)|Platform|8650BE49
Mega Man (Europe)|Platform|94476A70
Mega Man (USA)|Platform|6EE4BB0A
Mega Man 2 (Europe)|Platform|A6638CBA
Mega Man 2 (USA)|Platform|0FCFC04D
Mega Man 3 (Europe)|Platform|837A3D8A
Mega Man 3 (Europe) (Rev A)|Platform|001388B3
Mega Man 3 (USA)|Platform|603AAA57
Mega Man 3 (USA) (Beta)|Platform|12481CC0
Mega Man 4 (Europe)|Platform|1B932BEA
Mega Man 4 (USA)|Platform|2BC67AA8
Mega Man 4 (USA) (Rev A)|Platform|18A2E74F
Mega Man 5 (Europe)|Platform|A4DCF72E
Mega Man 5 (USA)|Platform|3EDCF7E8
Mega Man 6 (USA)|Platform|988798A8
Meikyuu Kumikyoku - Milon no Daibouken (Japan)|Platform|3E00A373
Menace Beach (USA) (Unl)|Platform|22276213
Metro-Cross (Japan)|Platform|E40B4973
Mickey Mouse - Dream Balloon (USA) (Beta)|Platform|899213DC
Mickey Mouse - Fushigi no Kuni no Daibouken (Japan)|Platform|9E4701CB
Mickey Mouse III - Yume Fuusen (Japan)|Platform|57D162F1
Mickey Mousecapade (USA)|Platform|7C6A3D51
Mighty Bomb Jack (Europe)|Platform|842A3FD9
Mighty Bomb Jack (Japan)|Platform|9C521240
Mighty Bomb Jack (Japan) (Rev A)|Platform|D40FA953
Mighty Bomb Jack (USA)|Platform|AAC2E75E
Milon's Secret Castle (USA)|Platform|586A3277
Moeru! Oniisan (Japan)|Platform|F96D07C8
Monster Party (USA)|Platform|02B9E7C2
Monster in My Pocket (Europe)|Platform|80250D64
Monster in My Pocket (USA)|Platform|E542E3CF
Monster in My Pocket (USA) (Beta)|Platform|FE84FCAC
Mr. Gimmick (Europe)|Platform|A713DD30
Mugen Senshi Valis (Japan)|Platform|C76AADF4
Musashi no Ken - Tadaima Shugyou Chuu (Japan)|Platform|9D34EDC5
Mystery Quest (USA)|Platform|B5D28EA2
Nagagutsu o Haita Neko - Sekai Isshuu 80 Nichi Daibouken (Japan)|Platform|E8AF6FF5
Nagagutsu o Haita Neko - Sekai Isshuu 80 Nichi Daibouken (Japan) (Beta)|Platform|FE9FE4DA
New York Nyankies (Japan)|Platform|2DC331A2
New Zealand Story, The (Europe)|Platform|666BE5EC
Nightmare on Elm Street, A (USA)|Platform|DA2CB59A
Ninja Cop Saizou (Japan)|Platform|9E777EA5
Ninja Crusaders (USA)|Platform|3D1C4894
Ninja Crusaders - Ryuuga (Japan)|Platform|B5E24324
Ninja Gaiden (USA)|Platform|7C4A72D8
Ninja Gaiden (USA) (Beta)|Platform|6EEA1B10
Ninja Gaiden - Episode II - The Dark Sword of Chaos (USA) (Beta) (1990-01-18)|Platform|7D5F149B
Ninja Gaiden II - The Dark Sword of Chaos (USA)|Platform|B780521C
Ninja Gaiden III - The Ancient Ship of Doom (USA)|Platform|902E3168
Ninja Hattori-kun - Ninja wa Syugyou de Gozaru (Japan)|Platform|55761931
Ninja Jajamaru-kun (Japan)|Platform|D97595A3
Ninja Kid (USA)|Platform|02CC3973
Ninja Ryuuken Den (Japan)|Platform|D7CB398F
Ninja Ryuuken Den II - Ankoku no Jashin Ken (Japan)|Platform|7BF8A890
Ninja Ryuuken Den III - Yomi no Hakobune (Japan)|Platform|2F2E30F7
Ninja-kun - Majou no Bouken (Japan)|Platform|A222F5A0
Ninja-kun - Majou no Bouken (Japan) (Rev 1)|Platform|FC00A282
Noah's Ark (Europe)|Platform|81B2A3CD
Pac-Land (Japan)|Platform|89D42098
Pajama Hero - Nemo (Japan)|Platform|3BE91A23
Panic Restaurant (Europe)|Platform|BBFE23F4
Panic Restaurant (USA)|Platform|435AEEC6
Parasol Stars - Rainbow Islands II (Europe)|Platform|B1C937C8
Parasol Stars - The Story of Bubble Bobble III (Europe) (Beta)|Platform|23BEFF5E
Parody World - Monster Party (Japan) (Proto)|Platform|21E28F50
Pizza Pop! (Japan)|Platform|49DA2F76
Pocket Zaurus - Juu Ouken no Nazo (Japan)|Platform|B1A94B82
Popeye (Japan)|Platform|5581E835
Popeye (World) (Rev A)|Platform|70860FCA
Power Blade (Europe)|Platform|D0DF525E
Power Blade (USA)|Platform|5CF536F4
Power Blade 2 (USA)|Platform|D273B409
Prince of Persia (Europe)|Platform|B7F39933
Prince of Persia (France)|Platform|8293803A
Prince of Persia (Germany)|Platform|60AA9AE0
Prince of Persia (Spain)|Platform|4B1ED62E
Prince of Persia (USA)|Platform|70CE3771
Probotector (Europe)|Platform|B13F00D4
Puss n Boots - Pero's Great Adventure (USA)|Platform|6E0EB43E
Q Boy (Asia) (Unl)|Platform|282745C5
Raf World (Japan)|Platform|9EFF96D2
Rainbow Islands (USA)|Platform|9EA1DC76
Rainbow Islands - Bubble Bobble 2 (Europe)|Platform|BE0E93C3
Rainbow Islands - The Story of Bubble Bobble 2 (Japan)|Platform|FA704C86
Rainbow Islands - The Story of Bubble Bobble 2 (Japan) (Sample)|Platform|6F790F9B
Rambo (Japan)|Platform|35EFFD0E
Rambo (USA)|Platform|A342A5FD
Rambo (USA) (Rev A)|Platform|4F9DBBE5
RoboCop 2 (Europe)|Platform|89821E2B
RoboCop 2 (Japan)|Platform|C22FF1D8
RoboCop 2 (USA)|Platform|B4CDF95F
RoboCop 2 (USA) (Rev A)|Platform|990985C0
RoboCop 3 (Europe)|Platform|A8D93537
RoboCop 3 (USA)|Platform|96087988
RoboCop versus The Terminator (USA) (Proto)|Platform|DF43E073
Rockin' Kats (Europe)|Platform|9C924719
Rockin' Kats (USA)|Platform|8927FD4C
Rockin' Kats (USA) (Beta)|Platform|63D3AFF4
Rockman (Japan) (En)|Platform|D31DC910
Rockman 2 - Dr. Wily no Nazo (Japan)|Platform|6150517C
Rockman 3 - Dr. Wily no Saigo! (Japan)|Platform|D9F1E47C
Rockman 4 - Aratanaru Yabou!! (Japan)|Platform|F161A5D8
Rockman 5 - Blues no Wana! (Japan)|Platform|FDDF2135
Rockman 6 - Shijou Saidai no Tatakai!! (Japan)|Platform|2D664D99
Rocman X (Asia) (Unl)|Platform|36CA3102
Rod Land (Europe)|Platform|22AB9694
Rod Land featuring Rit and Tam (Europe) (Beta)|Platform|36C3B13A
Rush'n Attack (Europe)|Platform|E0AC6242
Rush'n Attack (USA)|Platform|DE25B90F
Rygar (Europe)|Platform|8F197B0A
Rygar (USA)|Platform|B3783F2A
Rygar (USA) (Rev A)|Platform|37C474D5
SD Hero Soukessen - Taose! Aku no Gundan (Japan)|Platform|DBECE74F
Saiyuuki World (Japan)|Platform|69D07DDB
Saiyuuki World 2 - Tenjoukai no Majin (Japan)|Platform|75B3EB37
Secret Scout in the Temple of Demise (USA) (Beta) (Unl)|Platform|692F2096
Secret Scout in the Temple of Demise (USA) (Unl)|Platform|973BBF75
Secret Ties (USA) (Proto)|Platform|B4801882
Seirei Densetsu Lickle (Japan)|Platform|0D3482D7
Shadow Warriors (Europe)|Platform|709C9399
Shadow Warriors II - Ninja Gaiden II (Europe)|Platform|BC25A18B
Shadow of the Ninja (USA)|Platform|DDD90C39
Shatterhand (Europe)|Platform|348D3FF1
Shatterhand (USA)|Platform|AA20F73D
Shatterhand (USA) (Beta)|Platform|15A1CBB0
Shinobi (USA) (Unl)|Platform|EB0BDA7E
Silent Assault (Asia) (PAL) (Unl)|Platform|1488E95F
Silent Assault (USA) (Unl)|Platform|CA0A869E
Simpsons, The - Bart vs. the Space Mutants (Europe)|Platform|DE7E4629
Simpsons, The - Bart vs. the Space Mutants (USA)|Platform|6F10097D
Simpsons, The - Bart vs. the Space Mutants (USA) (Rev A)|Platform|5248CAF3
Simpsons, The - Bartman Meets Radioactive Man (Europe)|Platform|95CE3B58
Simpsons, The - Bartman Meets Radioactive Man (USA)|Platform|5991B9D0
Simpsons, The - Bartman Meets Radioactive Man (USA) (Beta)|Platform|77F0F71D
Smurfs, The (Europe) (En,Fr,De,Es)|Platform|4022C94E
Snake Rattle n Roll (Europe)|Platform|3824F7A5
Snake Rattle n Roll (USA)|Platform|FDF4569B
Snow Bros. (Japan)|Platform|AAF49344
Snow Brothers (Europe)|Platform|A9660690
Snow Brothers (USA)|Platform|1DAC6208
Son Son (Japan)|Platform|10BAEEF3
Spelunker (Japan)|Platform|636923BB
Spelunker (USA)|Platform|99D15A91
Spider-Man - Return of the Sinister Six (Europe)|Platform|ED3FA60E
Spider-Man - Return of the Sinister Six (USA)|Platform|D679627A
Star Trek V - The Final Frontier (Unknown) (Proto)|Platform|D31EB7BB
Star Wars (Europe)|Platform|FCD772EB
Star Wars (Japan) (Namco)|Platform|CA69751B
Star Wars (Japan) (Victor)|Platform|BAD36C17
Star Wars (USA)|Platform|C1C3636B
Star Wars (USA) (Beta)|Platform|B30599A1
Star Wars - The Empire Strikes Back (Europe)|Platform|54E43C57
Star Wars - The Empire Strikes Back (Japan)|Platform|0B6443D4
Star Wars - The Empire Strikes Back (USA)|Platform|240DE736
Star Wars - The Empire Strikes Back (USA) (Beta)|Platform|CFD29C93
Strider (USA)|Platform|02EE3706
Strider Hiryu (Japan) (Proto)|Platform|367566CE
Sunday Funday - The Ride (USA) (Unl)|Platform|5B16A3C8
Sunman (Europe) (Proto)|Platform|015D4555
Super Arabian (Japan)|Platform|908505EE
Super Mario Bros. (Europe) (Rev A)|Platform|9A2DB086
Super Mario Bros. (World)|Platform|D445F698
Super Mario Bros. 2 (Europe)|Platform|E94E883D
Super Mario Bros. 2 (USA)|Platform|57AC67AF
Super Mario Bros. 2 (USA) (Beta)|Platform|52387646
Super Mario Bros. 2 (USA) (Rev A)|Platform|CA594ACE
Super Mario Bros. 3 (Europe)|Platform|1ED5C801
Super Mario Bros. 3 (Europe) (Wii VC)|Platform|C46969DF
Super Mario Bros. 3 (Japan)|Platform|E7DDFEE3
Super Mario Bros. 3 (Japan) (Rev A)|Platform|52E2B5E0
Super Mario Bros. 3 (USA)|Platform|A0B0B742
Super Mario Bros. 3 (USA) (Rev A)|Platform|2E6301ED
Super Mario USA (Japan)|Platform|80FB7E6B
Super Pitfall (Japan)|Platform|1C66BAF6
Super Pitfall (USA)|Platform|979C5314
Super Pitfall II (USA) (Proto)|Platform|D99A8804
Super Turrican (Europe)|Platform|88C30FDA
Superman (Sunsoft) (USA) (Proto)|Platform|47F7F860
Swamp Thing (Europe)|Platform|AAA985D7
Swamp Thing (USA)|Platform|A1FF4E1D
Sword Master (Europe)|Platform|66066326
Sword Master (Japan)|Platform|DF3776C6
Sword Master (USA)|Platform|465E5483
Takahashi Meijin no Bouken-jima (Japan)|Platform|6A457A43
Takahashi Meijin no Bouken-jima II (Japan)|Platform|701B1ADF
Takahashi Meijin no Bouken-jima III (Japan)|Platform|626ABD49
Takahashi Meijin no Bouken-jima IV (Japan)|Platform|7BD8F902
Tashiro Masashi no Princess ga Ippai (Japan)|Platform|16E93F39
Tatakae! Chou Robot Seimeitai Transformers - Convoy no Nazo (Japan)|Platform|EA89963F
Tatakai no Banka (Japan)|Platform|BE95B219
Tatakai no Banka (Japan) (Rev A)|Platform|60E563F1
Teenage Mutant Hero Turtles (Europe)|Platform|00AD1189
Teenage Mutant Ninja Turtles (Italy)|Platform|6F27300B
Teenage Mutant Ninja Turtles (USA)|Platform|EE921D8E
Teenage Mutant Ninja Turtles (USA) (Beta)|Platform|1FF251AE
Terminator, The (USA, Europe)|Platform|6272C549
Tetsuwan Atom (Japan)|Platform|794CAAB6
Three Stooges, The (USA)|Platform|538CD2EA
Three Stooges, The (USA) (Beta)|Platform|1C9EA55C
Thunder Warrior (Asia) (Unl)|Platform|3EEA372E
Time Diver Eon Man (USA) (Proto)|Platform|E4E7C62D
Time Zone (Japan)|Platform|E305202E
Tiny Toon Adventures (Europe)|Platform|A038AFF2
Tiny Toon Adventures (Japan)|Platform|91328C1D
Tiny Toon Adventures (USA)|Platform|99DDDB04
Tiny Toon Adventures 2 - Montana Land e Youkoso (Japan)|Platform|E4362167
Tiny Toon Adventures 2 - Trouble in Wackyland (Europe)|Platform|C32E9672
Tiny Toon Adventures 2 - Trouble in Wackyland (USA)|Platform|81A5EB65
Toki (USA)|Platform|7FB74A43
Tokkyuu Shirei Solbrain (Japan)|Platform|B70129F4
Tokoro-san no Mamoru mo Semeru mo (Japan)|Platform|6776A977
Tom & Jerry (Japan)|Platform|4AEA40F7
Tom & Jerry - The Ultimate Game of Cat and Mouse! (Europe)|Platform|B2781C19
Tom & Jerry - The Ultimate Game of Cat and Mouse! (USA)|Platform|D63B30F5
Total Recall (Europe)|Platform|FC3236D1
Total Recall (USA)|Platform|248566A7
Totally Rad (Europe)|Platform|02E0ADA4
Totally Rad (USA)|Platform|B629D555
Totsuzen! Macchoman (Japan)|Platform|E24DF353
Totsuzen! Macchoman (Japan) (Beta)|Platform|FBDD0F1B
Trojan (Europe)|Platform|4F48B240
Trojan (USA)|Platform|FC3E5C86
Trolls in Crazyland, The (Europe)|Platform|E681B300
Tsuru Pika Hagemaru - Mezase! Tsuru Seko no Akashi (Japan)|Platform|652F3324
Ufouria - The Saga (Europe)|Platform|4EC0FECC
Ufouria - The Saga (Europe) (Beta)|Platform|56F05853
Ultraman Club - Kaijuu Daikessen!! (Japan)|Platform|9ADFC8F0
Urusei Yatsura - Lum no Wedding Bell (Japan)|Platform|0DA5E32E
Urusei Yatsura - Lum no Wedding Bell (Japan) (Beta)|Platform|2B750BF9
Utsurun Desu (Japan)|Platform|20C5D187
Wagyan Land (Japan)|Platform|2A01F9D1
Wagyan Land 2 (Japan)|Platform|1DC0F740
Wagyan Land 3 (Japan)|Platform|D323B806
Wai Wai World (Japan)|Platform|8A96E00D
Wai Wai World 2 - SOS!! Paseri Jou (Japan)|Platform|8B03F74D
Wait and See (Russia) (Unl)|Platform|BC7364BB
Wanpaku Duck Yume Bouken (Japan)|Platform|DCB7C0A1
Wanpaku Duck Yume Bouken (Japan) (Beta)|Platform|98C7B4DA
Wanpaku Kokkun no Gourmet World (Japan)|Platform|D568563F
Wayne's World (USA)|Platform|B0CD000F
Werewolf - The Last Warrior (Europe)|Platform|5D0D3047
Werewolf - The Last Warrior (USA)|Platform|333C48A0
Whomp 'Em (USA)|Platform|6FD5A271
Widget (USA)|Platform|E7C981A2
Wizards & Warriors (Europe)|Platform|5E6D9975
Wizards & Warriors (USA)|Platform|505F9715
Wizards & Warriors (USA) (Rev A)|Platform|26535EF5
Woody Poko (Japan)|Platform|ADB810F8
Wrath of the Black Manta (Europe)|Platform|06689AA4
Wrath of the Black Manta (USA)|Platform|F651398D
Wrath of the Black Manta (USA) (Rev A)|Platform|3A8723B9
Wrecking Crew (World)|Platform|9B506A48
Wurm - Journey to the Center of the Earth! (USA)|Platform|EB803610
Xexyz (USA)|Platform|B1612FE6
Yo! Noid (USA)|Platform|50D141FC
Youkai Club (Japan)|Platform|6BC65D7E
Yousei Monogatari - Rod Land (Japan)|Platform|0EAA7515
Yume Penguin Monogatari (Japan)|Platform|CBFB6DE5
Zen - Intergalactic Ninja (Europe)|Platform|0430DB08
Zen - Intergalactic Ninja (USA)|Platform|D8578BFD
