Bari Bari Densetsu (Japan)|Racing / Driving|C267E25D
F-1 Dream (Japan)|Racing / Driving|D50FF730
F-1 Pilot - You're King of Kings (Japan)|Racing / Driving|09048174
F1 Circus '91 - World Championship (Japan)|Racing / Driving|D7CFD70F
F1 Circus '92 - The Speed of Sound (Japan)|Racing / Driving|B268F2A2
F1 Circus (Japan)|Racing / Driving|E14DEE08
F1 Circus (Japan) (Alt 1)|Racing / Driving|79705779
F1 Triple Battle (Japan)|Racing / Driving|13BF0409
Final Lap Twin (Japan)|Racing / Driving|C8C084E3
Final Lap Twin (USA)|Racing / Driving|26408EA3
Knight Rider Special (Japan)|Racing / Driving|C614116C
Moto Roader (Japan)|Racing / Driving|428F36CD
Moto Roader (USA)|Racing / Driving|E2B0D544
Moto Roader II (Japan)|Racing / Driving|0B7F6E5F
Moto Roader II (Japan) (Alt 1)|Racing / Driving|4BA525BA
Out Run (Japan)|Racing / Driving|E203F223
Power Drift (Japan)|Racing / Driving|25E0F6E9
Power Drift (Japan) (Alt 1)|Racing / Driving|99E6D988
Racing Damashii (Japan)|Racing / Driving|3E79734C
Special Criminal Investigation (Japan)|Racing / Driving|09A0BFCC
Taito Chase H.Q. (Japan)|Racing / Driving|6F4FD790
Taito Chase H.Q. (USA)|Racing / Driving|9298254C
Victory Run (Japan)|Racing / Driving|03E28CFF
Victory Run (USA)|Racing / Driving|85CBD045
World Circuit (Japan)|Racing / Driving|B3EEEA2E
Zero 4 Champ (Japan)|Racing / Driving|EE156721
Zero 4 Champ (Japan) (v1.5)|Racing / Driving|B77F2E2F
