Alien Crush (Japan)|Action|60EDF4E1
Alien Crush (USA)|Action|EA488494
Ankoku Densetsu (Japan)|Action|CACC06FB
Aoi Blink (Japan)|Action|08A09B9A
Ballistix (Japan)|Action|8ACFC8AA
Ballistix (USA)|Action|420FA189
Bikkuriman World (Japan)|Action|2841FD1E
Bikkuriman World (Japan) (Alt 1)|Action|34893891
Bravoman (USA)|Action|CCA08B02
Busou Keiji - Cyber Cross (Japan)|Action|D0C250CA
China Warrior (USA)|Action|A2EE361D
Chouzetsu Rinjin - Bravoman (Japan)|Action|0DF57C90
City Hunter (Japan)|Action|F91B055F
Cratermaze (USA)|Action|9033E83A
Cross Wiber - Cyber Combat Police (Japan)|Action|2DF97BD0
Devil Crash - Naxat Pinball (Japan)|Action|4EC81A80
Devil's Crush (USA)|Action|157B4492
Die Hard (Japan)|Action|1B5B1CB1
Doraemon - Meikyuu Daisakusen (Japan)|Action|DC760A07
Energy (Japan)|Action|CA68FF21
Eternal City - Toshi Tensou Keikaku (Japan)|Action|B18D102D
Fighting Run (Japan)|Action|1828D2E5
Gekisha Boy (Japan)|Action|E8702D51
Genji Tsuushin Agedama (Japan)|Action|AD450DFC
Genpei Toumaden Ni no Maki (Japan)|Action|8793758C
Ghost Manor (USA)|Action|2DB4C1FD
Gomola Speed (Japan)|Action|9A353AFD
Hanii on the Road (Japan)|Action|9897FA86
Jigoku Meguri (Japan)|Action|CC7D3EEB
Juuouki (Japan)|Action|C8C7D63E
Juuouki (Japan) (Alt 1)|Action|6A628982
Kattobi! Takuhai-kun (Japan)|Action|4F2844B0
KickBall (Japan)|Action|7E3C367B
Kung Fu, The (Japan)|Action|B552C906
Legend of Hero Tonma (Japan)|Action|C28B0D8A
Legend of Hero Tonma (USA)|Action|3C131486
Legendary Axe II, The (USA)|Action|220EBF91
Legendary Axe, The (USA)|Action|2D211007
Maerchen Maze (Japan)|Action|A15A1F37
Makyou Densetsu (Japan)|Action|D4C5AF46
Momotarou Katsugeki (Japan)|Action|345F43E9
Night Creatures (USA)|Action|C159761B
Ninja Spirit (USA)|Action|DE8AF1C1
Ninja Warriors, The (Japan)|Action|96E0CD9D
Rastan Saga II (Japan)|Action|00C38E69
Saigo no Nindou - Ninja Spirit (Japan)|Action|0590A156
Samurai-Ghost (USA)|Action|77A924B7
Splatterhouse (Japan)|Action|6B319457
Splatterhouse (USA)|Action|D00CA74F
Takeda Shingen (Japan)|Action|F022BE13
Takeda Shingen (Japan) (Alt 1)|Action|DF7AF71C
Tatsunoko Fighter (Japan)|Action|EEB6DD43
Titan (Japan)|Action|D20F382F
Valkyrie no Densetsu (Japan)|Action|A3303978
Vigilante (Japan)|Action|E4124FE0
Vigilante (USA)|Action|79D49A0D
Wonder Momo (Japan)|Action|59D07314
Yo, Bro (USA)|Action|3CA7DB48
Youkai Douchuuki (Japan)|Action|F131B706
