A Ressha de Ikou MD (Japan)|Strategy|3D45DE4F
Advanced Daisenryaku - Deutsch Dengeki Sakusen (Japan) (Rev A)|Strategy|E0D5E18A
Aerobiz (USA)|Strategy|CFAA9BCE
Aerobiz Supersonic (USA)|Strategy|9377F1B5
Air Management - Oozora ni Kakeru (Japan)|Strategy|B3DB0C71
Air Management II - Koukuuou o Mezase (Japan)|Strategy|4582817B
Aoki Ookami to Shiroki Mejika - Genchou Hishi (Japan)|Strategy|10BE1D93
Bahamut Senki (Japan)|Strategy|B1E268DA
Caesar no Yabou (Japan)|Strategy|69796E93
Caesar no Yabou II (Japan)|Strategy|4F327B3A
Centurion - Defender of Rome (USA, Europe)|Strategy|21283B14
Dune - The Battle for Arrakis (USA)|Strategy|4DEA40BA
Dune II - Kampf um den Wuestenplaneten (Germany)|Strategy|39790728
Dune II - The Battle for Arrakis (Europe)|Strategy|B58AE71D
Dyna Brothers (Japan)|Strategy|360C1B20
Dyna Brothers 2 (Japan)|Strategy|47E0A64E
Dyna Brothers 2 - Sega Channel Special (Japan) (Sega Channel)|Strategy|BA3554BC
Europa Sensen (Japan)|Strategy|B0416C60
Gemfire (USA)|Strategy|3D36135B
Genghis Khan II - Clan of the Gray Wolf (USA)|Strategy|87A281AE
Herzog Zwei (Japan)|Strategy|4CF676B3
Herzog Zwei (USA, Europe)|Strategy|A605B65B
Hybrid Front, The (Japan)|Strategy|A1F1CFE7
Hybrid Front, The (Japan) (Beta)|Strategy|04F02687
King's Bounty - The Conqueror's Quest (USA, Europe)|Strategy|AA68A92E
Kishi Densetsu (Japan)|Strategy|22E1F04A
Langrisser (Japan)|Strategy|B6EA5016
Langrisser II (Japan)|Strategy|7F891DFC
Langrisser II (Japan) (v1.1)|Strategy|0CAA0593
Langrisser II (Japan) (v1.2)|Strategy|4967C9F9
Liberty or Death (USA)|Strategy|2ADB0364
Lord Monarch - Tokoton Sentou Densetsu (Japan)|Strategy|238BF5DB
Master of Monsters (Japan)|Strategy|D51EE8C2
Master of Monsters (USA)|Strategy|91354820
Mega Lo Mania (Japan)|Strategy|A60D8619
Mega-Lo-Mania (Europe)|Strategy|2148D56D
Mega-Lo-Mania (Europe) (v1.1)|Strategy|AB9FED30
Mega-Lo-Mania (France)|Strategy|3B3231ED
NHK Taiga Drama - Taiheiki (Japan)|Strategy|09FBB30E
Ninja Burai Densetsu (Japan)|Strategy|A8D828A0
Nobunaga no Yabou - Bushou Fuuunroku (Japan)|Strategy|30BF8637
Nobunaga no Yabou - Haouden (Japan)|Strategy|96C01FC6
Nobunaga no Yabou - Zenkoku Ban (Japan)|Strategy|1381B313
Nobunaga's Ambition (USA)|Strategy|B9BC07BC
Operation Europe - Path to Victory 1939-45 (USA)|Strategy|E7CBA1D8
P.T.O. - Pacific Theater of Operations (USA)|Strategy|D9D4C6E2
Populous (Europe)|Strategy|83D56F64
Populous (Japan)|Strategy|97C26818
Populous (USA)|Strategy|BD74B31E
Power Monger (Japan, Korea)|Strategy|553289B3
Power Monger (USA, Europe)|Strategy|FB599B86
Ransei no Hasha (Japan)|Strategy|A9A0083D
Romance of the Three Kingdoms II (USA)|Strategy|3D842478
Romance of the Three Kingdoms III - Dragon of Destiny (USA)|Strategy|7E41C8FE
Royal Blood (Japan)|Strategy|0E0107F1
San Guo Zhi Lie Zhuan - Luan Shi Qun Ying (China)|Strategy|3B5CC398
Sangokushi II (Japan)|Strategy|437BA326
Sangokushi III (Japan)|Strategy|A8DE6AEA
Sangokushi Retsuden - Ransei no Eiyuutachi (Japan)|Strategy|0F56785A
Shining Force (USA)|Strategy|E0594ABE
Shining Force (USA) (Beta)|Strategy|CE67143A
Shining Force - Kamigami no Isan (Japan)|Strategy|9378FBCD
Shining Force II (Europe)|Strategy|83CB46D1
Shining Force II (USA)|Strategy|4815E075
Shining Force II - Inishie no Fuuin (Japan)|Strategy|0288F3E1
Shura no Mon (Japan)|Strategy|E19DA6E5
Star Control (USA) (Unl)|Strategy|8E2BCEAF
Super Battleship (USA)|Strategy|99CA1BFB
Super Daisenryaku (Japan)|Strategy|D50A166F
Super Daisenryaku (Japan) (Rev A)|Strategy|11645D6E
Syndicate (USA, Europe)|Strategy|95BBF87B
Teitoku no Ketsudan (Japan)|Strategy|9B08E4E4
Theme Park (USA, Europe)|Strategy|289DA2C5
Two Tribes - Populous II (Europe)|Strategy|EE988BD9
Tyrants - Fight through Time (USA)|Strategy|A744921E
Vixen 357 (Japan)|Strategy|3AFA2D7B
Warrior of Rome (USA)|Strategy|5BE10C6A
Warrior of Rome II (USA)|Strategy|CD8C472A
Warsong (USA)|Strategy|4B680285
Worms (Europe)|Strategy|B9A8B299
Worms (Europe) (Beta)|Strategy|1D191694
