Arliel - Crystal Densetsu (Japan)|Strategy|35FA3F68
Battleship (USA, Europe)|Strategy|FDDD8CD9
Crystal Warriors (USA, Europe)|Strategy|529C864E
Gojira - Kaijuu Daishingeki (Japan)|Strategy|4CF97801
Head Buster (Japan)|Strategy|7E689995
Magic Knight Rayearth 2 - Making of Magic Knight (Japan)|Strategy|1C2C2B04
Neko Daisuki! (Japan)|Strategy|3679BE80
Pet Club Inu Daisuki! (Japan)|Strategy|B42D8430
Royal Stone - Hirakareshi Toki no Tobira (Japan)|Strategy|445D7CD2
Shining Force Gaiden - Ensei, Jashin no Kuni e (Japan)|Strategy|4D1F4699
Shining Force Gaiden - Final Conflict (Japan)|Strategy|6019FE5E
Shining Force Gaiden II - Jashin no Kakusei (Japan)|Strategy|30374681
Shining Force II - The Sword of Hajya (USA)|Strategy|A6CA6FA9
Taisen-gata Daisenryaku G (Japan)|Strategy|7B7717B8
Zan Gear (Japan)|Strategy|141AAF96
