Art of Fighting (Europe)|Fighting|9970C422
Art of Fighting (USA)|Fighting|C9A57E07
Ballz 3D - Fighting at Its Ballziest ~ Ballz 3D - The Battle of the Ballz (USA, Europe)|Fighting|B362B705
Brutal - Paws of Fury (Europe) (En,Fr,De)|Fighting|7E9A8D32
Brutal - Paws of Fury (USA)|Fighting|98D502CD
Budokan - The Martial Spirit (Europe)|Fighting|97ADD5BD
Budokan - The Martial Spirit (USA)|Fighting|ACD9F5FC
Clay Fighter (Europe)|Fighting|1AAF7707
Clay Fighter (USA)|Fighting|B12C1BC1
Deadly Moves (USA)|Fighting|35CBD237
Double Dragon V - The Shadow Falls (USA)|Fighting|27E59E35
Dragon Ball Z - Buyuu Retsuden (Japan)|Fighting|AF8F3371
Dragon Ball Z - L'Appel du Destin (France)|Fighting|F035C737
Eternal Champions (Europe)|Fighting|B9512F5E
Eternal Champions (Europe) (Beta)|Fighting|E0665F06
Eternal Champions (Japan, Korea)|Fighting|66AA3C64
Eternal Champions (USA)|Fighting|48F1A42E
Fatal Fury (Europe)|Fighting|2E730A91
Fatal Fury (USA)|Fighting|98D49170
Fatal Fury 2 (USA, Korea)|Fighting|1B1754CB
Fatman (Japan)|Fighting|7867DA3A
Fighting Masters (Japan, Korea)|Fighting|39BE80EC
Fighting Masters (USA)|Fighting|5F51983B
Garou Densetsu - Shukumei no Tatakai (Japan)|Fighting|BF3E3FA4
Garou Densetsu 2 - Aratanaru Tatakai (Japan)|Fighting|2AF4427F
Gouketsuji Ichizoku (Japan)|Fighting|ABE9C415
Heavy Nova (USA)|Fighting|F6B6A9D8
Justice League Task Force (World)|Fighting|2A60EBE9
Ka-Ge-Ki (Japan)|Fighting|391866A1
Ka-Ge-Ki - Fists of Steel (USA)|Fighting|EFFC0FA6
King of the Monsters (Europe)|Fighting|7A94FD49
King of the Monsters (Japan)|Fighting|3AF7E74E
King of the Monsters (USA)|Fighting|F390D406
King of the Monsters 2 (USA)|Fighting|EE1638AC
Mortal Kombat (World)|Fighting|1AA3A207
Mortal Kombat (World) (v1.1)|Fighting|33F19AB6
Mortal Kombat 3 (Europe)|Fighting|AF6DE3E8
Mortal Kombat 3 (USA)|Fighting|DD638AF6
Mortal Kombat II (World)|Fighting|A9E013D8
Pit-Fighter (World)|Fighting|1E0E0831
Pit-Fighter (World) (Rev A)|Fighting|D48A8B02
Power Athlete (Japan, Korea)|Fighting|B41B77CF
Primal Rage (USA, Europe)|Fighting|2884C6D1
Rise of the Robots (Europe)|Fighting|5650780B
Ryuuko no Ken (Japan)|Fighting|054CF5F6
Samurai Shodown (Europe)|Fighting|C972014F
Samurai Shodown (USA)|Fighting|5BB8B2D4
Samurai Spirits (Japan)|Fighting|0EA2AE36
Shaq-Fu (USA, Europe)|Fighting|499955F2
Slaughter Sport (USA)|Fighting|AF9F9D9C
Street Fighter II' - Special Champion Edition (Europe)|Fighting|56D41136
Street Fighter II' - Special Champion Edition (USA)|Fighting|13FE08A1
Street Fighter II' Plus - Champion Edition (Asia)|Fighting|2E487EE3
Street Smart (Japan, USA)|Fighting|B1DEDFAD
Super Street Fighter II (Europe)|Fighting|682C192F
Super Street Fighter II (USA)|Fighting|165DEFBF
Super Street Fighter II - The New Challengers (Japan)|Fighting|D8EEB2BD
Teenage Mutant Hero Turtles - Tournament Fighters (Europe)|Fighting|3CD2B7E6
Teenage Mutant Ninja Turtles - Tournament Fighters (Japan)|Fighting|8843F2C9
Teenage Mutant Ninja Turtles - Tournament Fighters (USA)|Fighting|95B5484D
Time Killers (Europe)|Fighting|A4F48A1A
Time Killers (USA)|Fighting|4B5F52AC
Ultimate Mortal Kombat 3 (Europe)|Fighting|ECFB5CB4
Ultimate Mortal Kombat 3 (USA)|Fighting|7290770D
Ultraman (Japan)|Fighting|83B4D5FB
VR Troopers (USA, Europe)|Fighting|2F35516E
Virtua Fighter 2 (Korea)|Fighting|A95D0949
Virtua Fighter 2 (USA, Europe)|Fighting|937380F3
WeaponLord (USA)|Fighting|B9895365
World Heroes (Japan)|Fighting|56E3CEFF
World Heroes (USA)|Fighting|0F4D22EC
Yu Yu Hakusho - Makyou Toitsusen (Japan)|Fighting|71CEAC6F
YuYu Hakusho - Sunset Fighters (Brazil)|Fighting|FE3FB8EE
