Bronkie the Bronchiasaurus (USA) (En,Es)|Educational|1200F3CF
Captain Novolin (USA) (En,Fr,Es)|Educational|9FD460A4
Mario Is Missing! (Europe)|Educational|5E04EFB5
Mario Is Missing! (France)|Educational|2EC7C6FE
Mario Is Missing! (Germany)|Educational|F6F739A9
Mario Is Missing! (USA)|Educational|E51A3FCD
Mario's Early Years - Fun with Letters (USA)|Educational|480B043A
Mario's Early Years - Fun with Numbers (USA)|Educational|8C0C37F4
Mario's Early Years - Preschool Fun (USA)|Educational|85A6B2A8
Mario's Time Machine (Europe)|Educational|9C7CF22D
Mario's Time Machine (Germany)|Educational|1D5A48D3
Mario's Time Machine (USA)|Educational|5E7397E0
Math Blaster - Episode 1 (USA)|Educational|4C4E5F4A
Mickey's Playtown Adventure - A Day of Discovery! (USA) (Proto)|Educational|53524952
Miracle Piano Teaching System, The (USA)|Educational|99331ECB
Packy & Marlon (USA) (En,Fr,Es)|Educational|BAB26E9C
Rex Ronan - Experimental Surgeon (USA) (En,Es)|Educational|105AC679
