3x3 Eyes - Seima Kourinden (Japan)|RPG|FBF3C0FF
7th Saga, The (USA)|RPG|B3ABDDE6
Addams Family Values (Europe) (En,Fr,De)|RPG|AE38ADB6
Addams Family Values (USA) (En,Fr,De)|RPG|98B07DB8
Advanced Dungeons & Dragons - Eye of the Beholder (USA)|RPG|20143571
Akazukin Chacha (Japan)|RPG|EEF47B5E
Albert Odyssey (Japan)|RPG|46CA01A9
Albert Odyssey 2 - Jashin no Taidou (Japan)|RPG|1B6ADD7B
Alcahest (Japan)|RPG|870427D0
Aqutallion (Japan)|RPG|4CA1696F
Arabian Nights - Sabaku no Seirei Ou (Japan)|RPG|B6DBF57B
Arabian Nights - Sabaku no Seirei Ou (Japan) (Beta)|RPG|DB17DCFA
Arcana (USA)|RPG|C891B297
Arcus Odyssey (USA) (Proto)|RPG|184EF398
Arcus Spirits (Japan)|RPG|C9067671
Aretha (Japan)|RPG|395BADE3
Aretha II - Ariel no Fushigi na Tabi (Japan)|RPG|FF63EC26
Aretha II - Ariel no Fushigi na Tabi (Japan) (Beta 1)|RPG|7F5A6F91
Aretha II - Ariel no Fushigi na Tabi (Japan) (Beta 2)|RPG|7B164161
Bakumatsu Kourinden Oni (Japan)|RPG|1CF3C877
Bazoe! Mahou Sekai (Japan)|RPG|D5B09EEF
Benkei Gaiden - Suna no Shou (Japan)|RPG|2743017D
Bishoujo Senshi Sailor Moon - Another Story (Japan)|RPG|02A442B8
Brain Lord (Japan)|RPG|9540E59D
Brain Lord (USA)|RPG|AC443D87
Brandish (Japan)|RPG|A087B6AD
Brandish (USA)|RPG|74F70A0B
Brandish 2 - Expert (Japan)|RPG|AB43E910
Brandish 2 - The Planet Buster (Japan)|RPG|BB89E67E
Breath of Fire (USA)|RPG|C788B696
Breath of Fire - Ryuu no Senshi (Japan)|RPG|FD96A42F
Breath of Fire - Ryuu no Senshi (Japan) (Rev 1)|RPG|E0B0BBEC
Breath of Fire II (Europe)|RPG|A4AB3B33
Breath of Fire II (USA)|RPG|67CDACC5
Breath of Fire II (USA) (Beta)|RPG|F44859AF
Breath of Fire II - Shimei no Ko (Japan)|RPG|1D8014F6
Breath of Fire II - Shimei no Ko (Japan) (Rev 1)|RPG|9B846E8C
Burai - Hachigyoku no Yuushi Densetsu (Japan)|RPG|8005054D
Bushi Seiryuuden - Futari no Yuusha (Japan)|RPG|62D31295
Card Master - Rimusaria no Fuuin (Japan)|RPG|9E772B8F
Chou Mahou Tairiku Wozz (Japan)|RPG|B3258F38
Chou Makai Taisen! Dorabocchan (Japan)|RPG|497D7C95
Chou Makai Taisen! Dorabocchan (Japan) (Beta) (1992-12-21)|RPG|0C34D7B5
Chrono Trigger (Japan)|RPG|4D014C20
Chrono Trigger (Japan) (Sample)|RPG|17C9F363
Chrono Trigger (USA)|RPG|2D206BF7
Crystal Beans from Dungeon Explorer (Japan)|RPG|79663A93
Cyber Knight (Japan)|RPG|64034B07
Cyber Knight II - Chikyuu Teikoku no Yabou (Japan)|RPG|ED8BCBF4
Daikaijuu Monogatari (Japan)|RPG|39CA5291
Daikaijuu Monogatari (Japan) (Rev 1)|RPG|5B09F3AD
Daikaijuu Monogatari II (Japan)|RPG|A6C98FFE
Daikoukai Jidai II (Japan)|RPG|EEBC4170
Dark Half (Japan)|RPG|7B9793B1
Dark Kingdom (Japan)|RPG|F77ACA0A
Dark Kingdom (Japan) (Beta)|RPG|7F1AAEBC
Dark Law - Meaning of Death (Japan)|RPG|125A0C22
Dokapon 3-2-1 - Arashi o Yobu Yuujou (Japan)|RPG|FC353400
Dokapon 3-2-1 - Arashi o Yobu Yuujou (Japan) (Rev 1)|RPG|94C83779
Dokapon Gaiden - Honoo no Audition (Japan)|RPG|A1684B6C
Down the World - Mervil's Ambition (Japan)|RPG|F1110FAD
Down the World - Mervil's Ambition (Japan) (Sample)|RPG|75D8E363
Dragon Ball Z - Super Gokuu Den - Kakusei Hen (Japan)|RPG|3172CD4F
Dragon Ball Z - Super Gokuu Den - Totsugeki Hen (Japan)|RPG|D531289B
Dragon Ball Z - Super Saiya Densetsu (Japan)|RPG|32B17409
Dragon Ball Z - Super Saiya Densetsu (Japan) (Rev 1)|RPG|ADE7B968
Dragon Knight 4 (Japan)|RPG|52FC7228
Dragon Quest III - Soshite Densetsu e... (Japan)|RPG|13836BD2
Dragon Quest V - Tenkuu no Hanayome (Japan)|RPG|BC955F3B
Dragon Quest VI - Maboroshi no Daichi (Japan)|RPG|33304519
Dragon Slayer - Eiyuu Densetsu (Japan)|RPG|70BBA233
Dragon Slayer - Eiyuu Densetsu (Japan) (Rev 1) (NP)|RPG|9B306E64
Dragon Slayer - Eiyuu Densetsu II (Japan)|RPG|F409C139
Dragon View (USA)|RPG|AB893412
Drakkhen (Europe)|RPG|C6CD0BED
Drakkhen (Germany)|RPG|9D291732
Drakkhen (Japan)|RPG|B0A016A2
Drakkhen (USA)|RPG|7DAE5C2A
Dual Orb - Seirei Tama Densetsu (Japan)|RPG|9D7BD920
Dual Orb II (Japan)|RPG|E8798F65
Dun Quest - Majin Fuuin no Densetsu (Japan)|RPG|B708ADD4
Dungeon Master (Europe)|RPG|89A67ADF
Dungeon Master (Japan)|RPG|7A1BA194
Dungeon Master (Japan) (Rev 1)|RPG|AA79FA33
Dungeon Master (USA)|RPG|0DFD9CEB
EarthBound (USA)|RPG|DC9BB451
Eien no Filerna (Japan)|RPG|41E9CD70
Elfaria - The Isle of the Blest (Japan)|RPG|75993355
Elfaria II - The Quest of the Meld (Japan)|RPG|4D5DA64F
Elnard (Japan)|RPG|14320873
Emerald Dragon (Japan)|RPG|9D0F5F98
Estpolis Denki (Japan)|RPG|896B37FB
Estpolis Denki (Japan) (Rev 1)|RPG|B913CDC1
Estpolis Denki II (Japan)|RPG|D9665BBC
Eye of the Beholder (Japan)|RPG|F6AD28A3
Final Fantasy - Mystic Quest (USA)|RPG|6B19A2C6
Final Fantasy - Mystic Quest (USA) (Rev 1)|RPG|2C52C792
Final Fantasy II (USA)|RPG|65D0A825
Final Fantasy II (USA) (Rev 1)|RPG|23084FCD
Final Fantasy III (USA)|RPG|A27F1C7A
Final Fantasy III (USA) (Beta)|RPG|4BD8902B
Final Fantasy III (USA) (Rev 1)|RPG|C0FA0464
Final Fantasy IV (Japan)|RPG|21027C5D
Final Fantasy IV (Japan) (Rev 1)|RPG|CAA15E97
Final Fantasy IV - Easy Type (Japan)|RPG|6CDA700C
Final Fantasy USA - Mystic Quest (Japan)|RPG|1DA17F0C
Final Fantasy V (Japan)|RPG|C1BC267D
Final Fantasy VI (Japan)|RPG|45EF5AC8
Front Mission Series - Gun Hazard (Japan)|RPG|FD3FDBAC
Fushigi no Dungeon 2 - Fuurai no Shiren (Japan)|RPG|AF5703EE
Fushigi no Dungeon 2 - Fuurai no Shiren (Japan) (Rev 1) (NP)|RPG|824AA6B5
G.O.D - Mezame yo to Yobu Koe ga Kikoe (Japan)|RPG|4D2CE16F
Gaia Gensouki (Japan)|RPG|B344E9A0
Gaia Saver - Hero Saidai no Sakusen (Japan)|RPG|EE6534B5
Ganpuru - Gunman's Proof (Japan)|RPG|AF415C24
Ganpuru - Gunman's Proof (Japan) (Beta)|RPG|72FEB165
Gdleen (Japan)|RPG|F0205FED
Gdleen (Japan) (Rev 1)|RPG|09692C77
Gokinjo Boukentai (Japan)|RPG|33374F65
Granhistoria - Genshi Sekaiki (Japan)|RPG|4AA7F384
Granhistoria - Genshi Sekaiki (Japan) (Rev 1)|RPG|27EB2CF0
Granhistoria - Genshi Sekaiki (Japan) (Sample)|RPG|D7415D06
Hanjuku Hero - Ah, Sekai yo Hanjuku Nare...!! (Japan)|RPG|D191AD46
Haou Taikei Ryuu Knight - Lord of Paladin (Japan)|RPG|B7B6BEF7
Haou Taikei Ryuu Knight - Lord of Paladin (Japan) (Rev 1)|RPG|2740560B
Heracles no Eikou III - Kamigami no Chinmoku (Japan)|RPG|61939546
Heracles no Eikou IV - Kamigami kara no Okurimono (Japan)|RPG|920A738E
Hero Senki - Project Olympus (Japan)|RPG|789DA99C
Hi no Ouji - Yamato Takeru (Japan)|RPG|2FC4C8A2
Hiouden - Mamono-tachi to no Chikai (Japan)|RPG|1D4AE6AB
Hokuto no Ken 5 - Tenma Ryuuseiden Ai Zetsu Shou (Japan)|RPG|68BDCBD7
Holy Umbrella - Dondera no Mubou!! (Japan)|RPG|F0A9DEAD
Hourai Gakuen no Bouken! - Tenkousei Scramble (Japan)|RPG|6299FB1C
Idea no Hi (Japan)|RPG|2796523E
Illusion of Gaia (USA)|RPG|1C3848C0
Illusion of Gaia (USA) (Beta)|RPG|CE90286B
Illusion of Time (Europe)|RPG|F9AE28DB
Illusion of Time (France)|RPG|63F6F934
Illusion of Time (Germany)|RPG|1A7C8541
Illusion of Time (Germany) (Rev 1)|RPG|4BD8E60B
Illusion of Time (Spain)|RPG|7C305DC8
Inindo - Way of the Ninja (USA)|RPG|543F3327
J.R.R. Tolkien's The Lord of the Rings - Volume 1 (USA)|RPG|CD2150C8
J.R.R. Tolkien's The Lord of the Rings - Volume One (Europe)|RPG|247C17D3
J.R.R. Tolkien's The Lord of the Rings - Volume One (Germany)|RPG|8B172B4E
JoJo no Kimyou na Bouken (Japan)|RPG|56BA694A
Jungle Wars 2 - Kodai Mahou Atimos no Nazo (Japan)|RPG|42014B93
Kabuki Rocks (Japan)|RPG|AD324F9D
Kenyuu Densetsu Yaiba (Japan)|RPG|91FE7070
Kero Kero Keroppi no Bouken Nikki - Nemureru Mori no Keroleen (Japan)|RPG|C33C01C4
Kessen! Dokapon Oukoku IV - Densetsu no Yuusha-tachi (Japan)|RPG|9BA1F895
Kidou Keisatsu Patlabor (Japan)|RPG|0BAC88BB
Kishin Kourinden Oni (Japan)|RPG|81079934
Kishin Kourinden Oni (Japan) (Beta)|RPG|5A137504
Kouryuu Densetsu Villgust - Kieta Shoujo (Japan)|RPG|2A6F930E
Kuusou Kagaku Sekai Gulliver Boy (Japan)|RPG|F3F8A200
La Wares (Japan)|RPG|866A4BEE
Lady Stalker - Kako kara no Chousen (Japan)|RPG|4390D719
Lagoon (Europe)|RPG|840D0C53
Lagoon (Germany)|RPG|B24F5C0B
Lagoon (Japan)|RPG|6F2015FB
Lagoon (USA)|RPG|D2554270
Laplace no Ma (Japan)|RPG|49C4CC15
Last Battle, The (Japan)|RPG|200EC9C8
Last Bible III (Japan)|RPG|5F1D73D7
Lennus - Kodai Kikai no Kioku (Japan)|RPG|B9D3911E
Lennus II - Fuuin no Shito (Japan)|RPG|C68BE22A
Light Fantasy (Japan)|RPG|17BBF914
Light Fantasy II (Japan)|RPG|D8F1BF0E
Live A Live (Japan)|RPG|6291EE08
Lodoss-tou Senki (Japan)|RPG|1B3E22C3
Love Quest (Japan)|RPG|92FAD6FC
Lufia & the Fortress of Doom (USA)|RPG|5E1AA1A6
Lufia & the Fortress of Doom (USA) (Beta)|RPG|EF4473C0
Lufia (Europe)|RPG|FDB80165
Lufia (Germany)|RPG|8278693D
Lufia (Netherlands)|RPG|380D91FE
Lufia (Spain)|RPG|D93C0DD4
Lufia II - Rise of the Sinistrals (USA)|RPG|20F2AC29
Madou Monogatari - Hanamaru Daiyouchienji (Japan)|RPG|1354E81E
Magna Braban - Henreki no Yuusha (Japan)|RPG|5F86ADA5
Mahoujin Guruguru (Japan)|RPG|46B9F6D3
Mahoujin Guruguru 2 (Japan)|RPG|5897D86E
Maka Maka (Japan)|RPG|E8E7904F
Maten Densetsu - Senritsu no Ooparts (Japan)|RPG|0F02330F
Metal Max 2 (Japan)|RPG|9516BF39
Metal Max Returns (Japan)|RPG|4396A35B
Might and Magic - Book II (Japan)|RPG|E60EB6C0
Might and Magic II (Europe)|RPG|4062244B
Might and Magic II (Germany)|RPG|B117DF8A
Might and Magic III - Isles of Terra (USA)|RPG|8AF25E7E
Might and Magic III - Isles of Terra (USA) (Beta)|RPG|4C3814D5
Milandra (Japan)|RPG|67B5FB22
Monstania (Japan)|RPG|F3887022
Monster Maker III - Hikari no Majutsushi (Japan)|RPG|D1E14D4F
Mother 2 - Gyiyg no Gyakushuu (Japan)|RPG|2019FABE
Mouryou Senki Madara 2 (Japan)|RPG|0DCBF723
Mystic Ark (Japan)|RPG|FEB80589
Mystic Quest Legend (Europe)|RPG|45A7328F
Mystic Quest Legend (France)|RPG|F997DEBC
Mystic Quest Legend (Germany)|RPG|F21760DF
Nekketsu Tairiku Burning Heroes (Japan)|RPG|DA105A27
Neugier - Umi to Kaze no Kodou (Japan)|RPG|7F0DDCCF
New Horizons (USA)|RPG|3C3C63E6
Obitus (USA)|RPG|7C495B36
Paladin's Quest (USA)|RPG|37FE8126
Popful Mail (Japan)|RPG|88E5BCDF
Princess Minerva (Japan)|RPG|213368D5
RPG Tsukuru - Super Dante (Japan)|RPG|E20870EE
RPG Tsukuru 2 (Japan)|RPG|675B6382
Ranma 1-2 - Akanekodan Teki Hihou (Japan)|RPG|B473F453
Rejoice - Aretha Oukoku no Kanata (Japan)|RPG|C2413BDD
Robotrek (USA)|RPG|7AD4AADC
Rokudenashi Blues - Taiketsu! Tokyo Shitennou (Japan)|RPG|2C85EC10
Romancing Sa-Ga (Japan)|RPG|A6D82435
Romancing Sa-Ga (Japan) (Rev 1)|RPG|9684526D
Romancing Sa-Ga 2 (Japan)|RPG|54A585BC
Romancing Sa-Ga 3 (Japan)|RPG|5399BDDB
Romancing Sa-Ga 3 (Japan) (Rev 1)|RPG|6C50C2CF
Romancing Sa-Ga 3 (Japan) (Sample)|RPG|BBBE3253
Rudra no Hihou (Japan)|RPG|5D8CB7AC
Ruin Arm (Japan)|RPG|C2ACD40D
Ryuuki Heidan Danzarb (Japan)|RPG|454D7DCD
SD Gundam Gaiden - Knight Gundam Monogatari - Ooinaru Isan (Japan)|RPG|17B698AB
SD Gundam Gaiden - Knight Gundam Monogatari - Ooinaru Isan (Japan) (Rev 1)|RPG|EEE5FC3E
SD Gundam Gaiden 2 - Entaku no Kishi (Japan)|RPG|007FD50C
Samsara Naga 2 (Japan)|RPG|C1FFEF17
Secret of Evermore (Europe)|RPG|E168D085
Secret of Evermore (France)|RPG|7425BB91
Secret of Evermore (Germany)|RPG|27F60E77
Secret of Evermore (Spain)|RPG|7BFE934F
Secret of Evermore (USA)|RPG|A5C0045E
Secret of Mana (Europe)|RPG|C5CB2F26
Secret of Mana (Europe) (Rev 1)|RPG|DE112322
Secret of Mana (France)|RPG|6BE4CA95
Secret of Mana (France) (Rev 1)|RPG|E9334B9E
Secret of Mana (Germany)|RPG|B069BB3A
Secret of Mana (USA)|RPG|D0176B24
Seiken Densetsu 2 (Japan)|RPG|B8049E3C
Seiken Densetsu 3 (Japan)|RPG|863ED0B8
Seiken Densetsu 3 (Japan) (Sample)|RPG|4801E76A
Shadowrun (Europe)|RPG|2AF15F10
Shadowrun (Europe) (Sample)|RPG|D2ED4220
Shadowrun (Germany)|RPG|E420E96F
Shadowrun (Japan)|RPG|EFD4D741
Shadowrun (Sweden)|RPG|30829D8E
Shadowrun (USA)|RPG|3F34DFF0
Shadowrun (USA) (Beta)|RPG|85D4CDA1
Shiki Eiyuu Den - Jinryuu Densetsu (Japan)|RPG|4C2BEA69
Shin Megami Tensei (Japan)|RPG|90DE2C78
Shin Megami Tensei (Japan) (Rev 1)|RPG|A3D40A74
Shin Megami Tensei II (Japan)|RPG|20D31588
Shin Megami Tensei II (Japan) (Rev 1)|RPG|84268A75
Shin Megami Tensei II (Japan) (Rev 2)|RPG|E38228A7
Shin Megami Tensei if... (Japan)|RPG|4DD73CBA
Shin Megami Tensei if... (Japan) (Rev 1)|RPG|77D02030
Shin Momotarou Densetsu (Japan)|RPG|68AEA5B8
Shin Momotarou Densetsu (Japan) (Rev 1)|RPG|4A653411
Shinseiki Odysselya (Japan)|RPG|B01EE410
Shinseiki Odysselya (Japan) (Sample)|RPG|DE7F3A8D
Shinseiki Odysselya II (Japan)|RPG|F253EC83
Shodai Nekketsu Kouha Kunio-kun (Japan)|RPG|56C05339
Shodai Nekketsu Kouha Kunio-kun (Japan) (Rev 1)|RPG|5DF55465
Slap Stick (Japan)|RPG|53FB163B
Slayers (Japan)|RPG|0B610445
Solid Runner (Japan)|RPG|B907BB27
Song Master (Japan)|RPG|4FA5FC25
Soul & Sword (Japan)|RPG|F9792194
Soul Blade (World) (Unl) (Pirate)|RPG|C97D1D7B
Soul Blader (Japan)|RPG|CD6DBC1C
Soul Blazer (Europe)|RPG|54370191
Soul Blazer (France)|RPG|20157693
Soul Blazer (Germany)|RPG|FE28D2C1
Soul Blazer (USA)|RPG|31B965DB
Star Ocean (Japan)|RPG|3DBDFDBF
Super Chinese World (Japan)|RPG|52FFF0BF
Super Chinese World 2 - Uchuuichi Butou Taikai (Japan)|RPG|77DAFBB6
Super Chinese World 2 - Uchuuichi Butou Taikai (Japan) (Beta)|RPG|404638D0
Super Chinese World 2 - Uchuuichi Butou Taikai (Japan) (Sample)|RPG|28BD0DBF
Super Chinese World 3 - Chou Jigen Daisakusen (Japan)|RPG|758A0322
Super Daikoukai Jidai (Japan)|RPG|641CB02B
Super Daikoukai Jidai (Japan) (Rev 1) (NP)|RPG|3A78FCD2
Super Drakkhen (Japan)|RPG|2C4E6B8F
Super Inindou - Datou Nobunaga (Japan)|RPG|7BC8CD39
Super Mario RPG (Japan)|RPG|5527071E
Super Mario RPG - Legend of the Seven Stars (USA)|RPG|1B8A0625
Super Ninja Boy (USA)|RPG|6BCBBA10
Sword World SFC (Japan)|RPG|B4E8A680
Sword World SFC 2 - Inishie no Kyojin Densetsu (Japan)|RPG|571AEF10
Sword World SFC 2 - Inishie no Kyojin Densetsu (Japan) (Rev 1)|RPG|CB148365
Taikou Risshiden (Japan)|RPG|A2A0F40F
Tales of Phantasia (Japan)|RPG|E9946B84
Tecmo Secret of the Stars (USA)|RPG|EF968ED1
Tecmo Secret of the Stars (USA) (Beta)|RPG|421D2C18
Tenchi Souzou (Japan)|RPG|3CC7FDF4
Tengai Makyou Zero (Japan)|RPG|1E327BD9
Tengai Makyou Zero (Japan) (Shounen Jump no Shou)|RPG|BF8FEF7A
Tenshi no Uta - Shiroki Tsubasa no Inori (Japan)|RPG|6E030B96
Terranigma (Europe)|RPG|974523FF
Terranigma (France)|RPG|614A7090
Terranigma (Germany)|RPG|FFC21CB9
Terranigma (Germany) (Rev 1)|RPG|6FB8A4DF
Terranigma (Spain)|RPG|00E61534
Torneko no Daibouken - Fushigi no Dungeon (Japan)|RPG|654E1BE4
Torneko no Daibouken - Fushigi no Dungeon (Japan) (Rev 1)|RPG|85A21253
Tottemo! Lucky Man - Lucky Cookie Roulette de Totsugekii (Japan)|RPG|8488759E
Traverse - Starlight & Prairie (Japan)|RPG|B5113CCB
Treasure Hunter G (Japan)|RPG|3CCEED49
Trinea (Japan)|RPG|C20419EC
Twisted Tales of Spike McFang, The (USA)|RPG|8C2068D1
Ultima - Kyouryuu Teikoku (Japan)|RPG|DDDB20AD
Ultima - Runes of Virtue II (USA)|RPG|CC4EEBF4
Ultima - Runes of Virtue II (USA) (Beta) (1993-07-30)|RPG|F6F5EEE2
Ultima - Runes of Virtue II (USA) (Beta) (1994-xx-xx)|RPG|F9FFCC46
Ultima - The Black Gate (USA)|RPG|E790F52F
Ultima - The False Prophet (USA)|RPG|9277C9F7
Ultima Gaiden - Kuro Kishi no Inbou (Japan)|RPG|3A1091A2
Ultima VI - Itsuwari no Yogensha (Japan)|RPG|7DD62A5E
Ultima VI - Itsuwari no Yogensha (Japan) (Beta)|RPG|5693CDB4
Ultima VII - The Black Gate (Japan)|RPG|C862200D
Ultima VII - The Black Gate (USA) (Beta)|RPG|E2234EFB
Uncharted Waters (USA)|RPG|95724A2F
Verne World (Japan)|RPG|832C8449
Wizap! - Ankoku no Ou (Japan)|RPG|630F8D0D
Wizap! - Ankoku no Ou (Japan) (Beta)|RPG|2CBC2F72
Wizardry Gaiden IV - Taima no Kodou (Japan)|RPG|85A217B5
Wizardry Gaiden IV - Taima no Kodou (Japan) (Rev 1)|RPG|1703D522
Wizardry V - Heart of the Maelstrom (USA)|RPG|D8FDDD76
Wizardry V - Saika no Chuushin (Japan)|RPG|547CF7B9
Wizardry VI - Kindan no Mahitsu (Japan)|RPG|C17ECBA5
Wonder Project J - Kikai no Shounen Pino (Japan)|RPG|AF8F4DB9
Wondrous Magic (Japan)|RPG|4FFD52A0
Xak - The Art of Visual Stage (Japan)|RPG|557B8DB1
Youchien Senki Madara (Japan)|RPG|C85236A4
Ys III - Wanderers from Ys (Japan)|RPG|8E39A006
Ys III - Wanderers from Ys (USA)|RPG|64A91E64
Ys IV - Mask of the Sun (Japan)|RPG|CA7B4DB9
Ys V - Expert (Japan)|RPG|CFE632B9
Ys V - Ushinawareta Suna no Miyako Kefin (Japan)|RPG|5E08C48C
Yumemaboroshi no Gotoku (Japan)|RPG|8F44FFF9
