Dino Breeder (Japan) (Rev A) (SGB Enhanced)|Simulation|5B289AB4
Dino Breeder (Japan) (SGB Enhanced)|Simulation|3F0AAFEC
Dino Breeder 2 (Japan) (SGB Enhanced)|Simulation|05A3AB7A
F-15 Strike Eagle (USA, Europe)|Simulation|045DEE8C
F-15 Strike Eagle II (Unknown) (Proto)|Simulation|D80BDBBA
Game de Hakken!! Tamagotchi (Japan) (SGB Enhanced)|Simulation|EFC0F266
Kandume Monsters (Japan) (SGB Enhanced)|Simulation|82E03E10
Phantom Air Mission (Europe)|Simulation|8ACED4A6
Pocket Densha (Japan) (SGB Enhanced)|Simulation|845BB677
Pocket Love (Japan) (SGB Enhanced)|Simulation|D570A9DF
Pocket Love 2 (Japan) (SGB Enhanced)|Simulation|9F8440B5
Star Trek - The Next Generation (Germany)|Simulation|129616B3
Star Trek - The Next Generation (Spain)|Simulation|4FDED9C4
Star Trek - The Next Generation (USA, Europe)|Simulation|3A5A56CB
Super Battletank (Europe)|Simulation|31A227ED
Super Battletank - War in the Gulf (USA)|Simulation|DA27E798
Tamagotchi (France) (SGB Enhanced)|Simulation|084C2401
Tamagotchi (USA, Europe) (SGB Enhanced)|Simulation|DBF1BD20
Top Gun - Guts & Glory (USA, Europe)|Simulation|0506C12B
Turn and Burn (USA)|Simulation|91394BD8
