Ace Combat Advance (USA, Europe)|Simulation|43F5E157
Best Friends - Hunde & Katzen (Germany) (En,De)|Simulation|F71761BA
Bratz - Rock Angelz (France)|Simulation|8FC8D6D2
Bratz - Rock Angelz (Germany)|Simulation|649588CB
Bratz - Rock Angelz (Spain)|Simulation|CFFF9119
Bratz - Rock Angelz (USA, Europe)|Simulation|AA245D0C
Bratz - The Movie (Europe)|Simulation|CD485F79
Bratz - The Movie (Europe) (Es,It)|Simulation|4386E26C
Bratz - The Movie (Germany)|Simulation|04F21321
Bratz - The Movie (USA)|Simulation|2EF801C0
Catz (Europe) (En,Fr,De,It)|Simulation|C3AA382D
Catz (USA, Europe)|Simulation|CE418ED1
Cinnamon Game Series 3 - Fuwafuwa Daisakusen (Japan)|Simulation|A1CBA145
Dogz (Europe)|Simulation|AA8DEA30
Dogz (Europe) (En,Fr,De,It)|Simulation|2216FBD6
Dogz (France)|Simulation|10AC14F9
Dogz (USA)|Simulation|124F27C0
Dogz - Fashion (Europe)|Simulation|5236473D
Dogz - Fashion (USA)|Simulation|63BD3463
Dogz 2 (Europe)|Simulation|28163523
Dogz 2 (Europe) (En,Fr,De,It)|Simulation|41CE1EED
Dogz 2 (USA)|Simulation|0E2ACA9E
F-14 Tomcat (USA, Europe)|Simulation|1428FE1C
F24 Stealth Fighter (USA)|Simulation|9387EA7C
Hamster Club 3 (Japan)|Simulation|8173F699
Hamster Paradise - Pure Heart (Japan)|Simulation|0E9D0144
Hamster Paradise Advanchu (Japan)|Simulation|902BEFB0
Himawari Doubutsu Byouin - Pet no Oishasan Ikusei Game (Japan)|Simulation|8EA9AFCC
Horsez (USA)|Simulation|5B2B4452
Karnaaj Rally (USA, Europe)|Simulation|63FE3DFE
Kawaii Koinu Wonderful (Japan)|Simulation|2E23C8F5
Koinu-chan no Hajimete no Osanpo - Koinu no Kokoro Ikusei Game (Japan)|Simulation|1D27165A
Meine Tierarztpraxis (Germany) (En,De)|Simulation|13CE32E8
Mijn Dierenpraktijk (Netherlands) (En,Nl)|Simulation|227A5430
Mutsu - Water Looper Mutsu (Japan)|Simulation|3A45A6D9
My Animal Centre in Africa (Europe) (En,Fr,De,Es,It)|Simulation|16C0E028
Nakayoshi Pet Advance Series 3 - Kawaii Koneko (Japan)|Simulation|0290DFB5
Nakayoshi Pet Advance Series 3 - Kawaii Koneko (Japan) (Rev 1)|Simulation|89FBEB55
Ochaken Kururin - Honwaka Puzzle de Hotto Shiyo (Japan)|Simulation|EECDD3EF
Ochaken no Bouken-jima - Honwaka Yume no Island (Japan)|Simulation|61E2799A
Ochaken no Heya (Japan)|Simulation|C22CE53E
Ochaken no Yume Bouken (Japan)|Simulation|2937A9CD
Oshare Wanko (Japan)|Simulation|1CC60C27
Paws & Claws - Best Friends - Dogs & Cats (USA)|Simulation|6ECF40A0
Petz - Hamsterz Life 2 (USA)|Simulation|9F0E4A6A
Petz Vet (USA)|Simulation|1DBF4D3D
Pferd & Pony - Mein Gestuet (Germany) (En,De)|Simulation|2819BDF5
Pocket Dogs (USA)|Simulation|BEDDC67F
Poke Inu (Japan)|Simulation|1D379DCC
Sennen Kazoku (Japan)|Simulation|A2F6976C
Sims 2, The (USA, Europe) (En,Fr,De,Es,It,Nl)|Simulation|8B1BC7DF
Sims 2, The - Pets (Europe) (En,Fr,De,Es,It,Nl)|Simulation|87F8599C
Sims 2, The - Pets (USA, Europe)|Simulation|EC1F4029
Sims, The (Japan)|Simulation|89956199
Sims, The - Bustin' Out (USA, Europe) (En,Fr,De,Es,It,Nl)|Simulation|ABAF519C
Super Hornet FA 18F (USA, Europe)|Simulation|9653BAC5
Top Gun - Combat Zones (USA) (En,Fr,De,Es,It)|Simulation|DFC88D3E
Tower SP, The (Japan)|Simulation|EC325C92
Tower SP, The (USA)|Simulation|95E05895
Urbz, The - Sims in the City (Japan)|Simulation|BBCCC2FD
Urbz, The - Sims in the City (USA, Europe) (En,Fr,De,Es,It,Nl)|Simulation|8B3330BB
Wing Commander - Prophecy (Europe) (En,Fr,De,Es,It)|Simulation|09F02F6A
Wing Commander - Prophecy (USA)|Simulation|62D9E3D0
