Akazukin Chacha (Japan) (SGB Enhanced)|RPG|898609B4
Aretha (Japan)|RPG|1DB65649
Aretha II (Japan)|RPG|086E4FC5
Aretha III (Japan)|RPG|430D3D6B
Ayakashi no Shiro (Japan)|RPG|DA90F5FC
Bakuchou Retrieve Master (Japan) (SGB Enhanced)|RPG|8A546DEC
Cave Noire (Japan)|RPG|44256A2F
Chachamaru Boukenki 3 - Abyss no Tou (Japan)|RPG|9DFD4BC0
Chibi Maruko-chan - Okozukai Daisakusen! (Japan)|RPG|EAB175FF
Chou Mashin Eiyuu Den Wataru - Mazekko Monster (Japan) (Beta) (SGB Enhanced)|RPG|E6C3A473
Chou Mashin Eiyuu Den Wataru - Mazekko Monster (Japan) (SGB Enhanced)|RPG|B3E8028D
Chou Mashin Eiyuu Den Wataru - Mazekko Monster 2 (Japan) (SGB Enhanced)|RPG|E5520693
Diablo (USA) (Proto)|RPG|AAAAD0B6
Dragon Ball Z - Gokuu Gekitouden (Japan) (SGB Enhanced)|RPG|FF3C027D
Dragon Ball Z - Gokuu Hishouden (Japan) (SGB Enhanced)|RPG|38DA46D7
Dragon Slayer - Nemuri no Oukan (Japan)|RPG|10DCBDC3
Dragon Slayer I (Japan)|RPG|308A2465
Final Fantasy Adventure (USA)|RPG|18C78B3A
Final Fantasy Legend II (USA)|RPG|58314182
Final Fantasy Legend III (USA)|RPG|3E454710
Final Fantasy Legend, The (USA)|RPG|8046148F
Fushigi no Dungeon - Fuurai no Shiren GB - Tsukikage Mura no Kaibutsu (Japan) (SGB Enhanced)|RPG|2962AFB4
God Medicine - Fantasy Sekai no Tanjou (Japan)|RPG|A1B29AB8
Great Greed (USA)|RPG|C4CBF6B1
Heracles no Eikou - Ugokidashita Kamigami (Japan)|RPG|4F8A61BF
Hitori de Dekirumon! - Cooking Densetsu (Japan)|RPG|59DB5E75
Jikuu Senki Mu (Japan)|RPG|435C4697
Jungle Wars (Japan)|RPG|2AD46AC7
Kaeru no Tame ni Kane wa Naru (Japan)|RPG|C18CD57A
Kaseki Sousei Reborn (Japan) (SGB Enhanced)|RPG|42E8BA89
Kenyuu Densetsu Yaiba (Japan)|RPG|CC19768E
Kinin Koumaroku Oni (Japan)|RPG|B7F48649
Knight Quest (Japan)|RPG|C6F24D2F
Knight Quest (USA)|RPG|DF50F477
Koukiatsu Boy (Japan) (SGB Enhanced)|RPG|53FF8041
Legend (Japan)|RPG|FC20EBF0
Magic Knight Rayearth 2nd. - The Missing Colors (Japan) (SGB Enhanced)|RPG|00202DFA
Mahoujin Guruguru (Japan) (SGB Enhanced)|RPG|2D439D0D
Makai Toushi Sa-Ga (Japan)|RPG|131B09F2
Makai Toushi Sa-Ga (Japan) (Rev A)|RPG|1953820F
Masakari Densetsu - Kintarou RPG Hen (Japan) (SGB Enhanced)|RPG|D8BAB8E0
Medarot - Kabuto Version (Japan) (Rev A) (SGB Enhanced)|RPG|12A3982D
Medarot - Kabuto Version (Japan) (SGB Enhanced)|RPG|1BAB9900
Medarot - Kuwagata Version (Japan) (Rev A) (SGB Enhanced)|RPG|5E77E82E
Medarot - Kuwagata Version (Japan) (SGB Enhanced)|RPG|BC0588C4
Medarot - Parts Collection (Japan) (SGB Enhanced)|RPG|F4CAB596
Medarot - Parts Collection 2 (Japan) (SGB Enhanced)|RPG|89F94482
Megami Tensei Gaiden - Last Bible (Japan)|RPG|FE9DD4C0
Megami Tensei Gaiden - Last Bible II (Japan)|RPG|F8E519D9
Mogu Mogu Gombo (Japan) (SGB Enhanced)|RPG|85C984F2
Momotarou Densetsu Gaiden (Japan)|RPG|BA5611EF
Monster Maker (Japan)|RPG|725EE86C
Monster Maker 2 - Uru no Hiken (Japan)|RPG|66E708FC
Monster Race Okawari (Japan) (SGB Enhanced)|RPG|BD3039E5
Mysterium (Japan)|RPG|3420EDEA
Mysterium (USA)|RPG|EB225E96
Mystic Quest (Europe)|RPG|57D95C92
Mystic Quest (France)|RPG|B6E134AF
Mystic Quest (Germany)|RPG|0351B9A6
Nekojara Monogatari (Japan)|RPG|3D6D309B
Ninja Taro (USA)|RPG|C53EBFBD
Ninja Taro (USA) (Beta)|RPG|61598B3D
Nintama Rantarou GB (Japan) (SGB Enhanced)|RPG|BD223184
Oni II - Innin Densetsu (Japan)|RPG|2F895DF5
Oni III - Kuro no Hakaishin (Japan)|RPG|6CD62FDB
Oni IV - Kijin no Ketsuzoku (Japan)|RPG|BEFF4F57
Oni V - Innin o Tsugumono (Japan) (SGB Enhanced)|RPG|AF030940
Otogibanashi Taisen (Japan) (SGB Enhanced)|RPG|98500521
Pocket Monsters - Aka (Japan) (Rev A) (SGB Enhanced)|RPG|B77BE1E0
Pocket Monsters - Aka (Japan) (SGB Enhanced)|RPG|13652705
Pocket Monsters - Ao (Japan) (SGB Enhanced)|RPG|E4468D14
Pocket Monsters - Midori (Japan) (Rev A) (SGB Enhanced)|RPG|37AE8DC4
Pocket Monsters - Midori (Japan) (SGB Enhanced)|RPG|BAEACD2B
Pocket Monsters - Pikachu (Japan) (Rev 1) (SGB Enhanced)|RPG|A2545D33
Pocket Monsters - Pikachu (Japan) (Rev 2) (SGB Enhanced)|RPG|FD3DA7FF
Pocket Monsters - Pikachu (Japan) (Rev 3) (SGB Enhanced)|RPG|E9E6483A
Pocket Monsters - Pikachu (Japan) (SGB Enhanced)|RPG|4EC85504
Pokemon - Blaue Edition (Germany) (SGB Enhanced)|RPG|9C336307
Pokemon - Blue Version (USA, Europe) (SGB Enhanced)|RPG|D6DA8A1A
Pokemon - Edicion Amarilla - Edicion Especial Pikachu (Spain) (GBC,SGB Enhanced)|RPG|964B7A10
Pokemon - Edicion Azul (Spain) (SGB Enhanced)|RPG|D95416F9
Pokemon - Edicion Roja (Spain) (SGB Enhanced)|RPG|D8507D8A
Pokemon - Gelbe Edition - Special Pikachu Edition (Germany) (GBC,SGB Enhanced)|RPG|7A01E45A
Pokemon - Red Version (USA, Europe) (SGB Enhanced)|RPG|9F7FDD53
Pokemon - Rote Edition (Germany) (SGB Enhanced)|RPG|89197825
Pokemon - Version Bleue (France) (SGB Enhanced)|RPG|50E2FC1D
Pokemon - Version Jaune - Edition Speciale Pikachu (France) (GBC,SGB Enhanced)|RPG|D03426E9
Pokemon - Version Rouge (France) (SGB Enhanced)|RPG|337FCE11
Pokemon - Versione Blu (Italy) (SGB Enhanced)|RPG|4D0984A9
Pokemon - Versione Gialla - Speciale Edizione Pikachu (Italy) (GBC,SGB Enhanced)|RPG|8B56FE33
Pokemon - Versione Rossa (Italy) (SGB Enhanced)|RPG|2945ACEB
Pokemon - Yellow Version - Special Pikachu Edition (USA, Europe) (GBC,SGB Enhanced)|RPG|7D527D62
Ranma 1-2 - Kakugeki Mondou!! (Japan)|RPG|613E657A
SD Gundam Gaiden - Lacroan' Heroes (Japan)|RPG|C9DBBA10
Sa-Ga 2 - Hihou Densetsu (Japan)|RPG|18055BB9
Sa-Ga 2 - Hihou Densetsu (Japan) (Rev A)|RPG|F6CFCFB1
Sa-Ga 3 - Jikuu no Hasha (Japan)|RPG|575D6D9D
Saint Paradise - Saikyou no Senshi-tachi (Japan)|RPG|D6FE3C56
Seiken Densetsu - Final Fantasy Gaiden (Japan)|RPG|D771C1B6
Selection - Erabareshi Mono (Japan)|RPG|799C5CDB
Selection I & II (Japan) (SGB Enhanced)|RPG|A6027919
Selection II - Ankoku no Fuuin (Japan)|RPG|D09073F6
Sengoku Ninja-kun (Japan)|RPG|6BAE3A41
Shin SD Gundam Gaiden - Knight Gundam Story (Japan) (SGB Enhanced)|RPG|E5A78B9B
Shounen Ashibe - Yuuenchi Panic (Japan)|RPG|B3063DB5
Super Chinese Land 1.2.3' (Japan) (SGB Enhanced)|RPG|7D1D8FDC
Super Chinese Land 3 (Japan) (SGB Enhanced)|RPG|E01CAF0B
Sword of Hope II, The (USA)|RPG|5B7FF38C
Sword of Hope, The (Germany)|RPG|498E0E9F
Sword of Hope, The (Spain)|RPG|28C311D7
Sword of Hope, The (Sweden)|RPG|C7E48C7C
Sword of Hope, The (USA)|RPG|7E923846
Tenchi o Kurau (Japan)|RPG|A9018354
Twin (Japan)|RPG|2413ACAA
Ultima - Runes of Virtue (USA)|RPG|C44A0F1E
Ultima - Runes of Virtue II (USA)|RPG|C449FBBF
Ultima - Ushinawareta Runes (Japan)|RPG|D2F94181
Ultima - Ushinawareta Runes II (Japan)|RPG|796FD6A5
Umi no Nushi Tsuri 2 (Japan) (SGB Enhanced)|RPG|19FF5B3E
Urusei Yatsura - Miss Tomobiki o Sagase! (Japan)|RPG|56800C6B
Vitamina Oukoku Monogatari (Japan)|RPG|89A7AECA
Wizardry Gaiden 1 - Joou no Junan (Japan)|RPG|4D640E73
Wizardry Gaiden 2 - Kodai Koutei no Noroi (Japan)|RPG|F6826D12
Wizardry Gaiden 3 - Yami no Seiten (Japan)|RPG|32C94538
Zerd no Densetsu (Japan)|RPG|492EDB36
Zerd no Densetsu 2 - Xerd!! Gishin no Ryouiki (Japan)|RPG|A197BDB7
