Battle Arena Toshinden (Europe) (SGB Enhanced)|Fighting|CE34CCA4
Battle Arena Toshinden (USA) (SGB Enhanced)|Fighting|2D0C1073
Battle Crusher (Japan) (SGB Enhanced)|Fighting|EA4EB1A1
Fighting Simulator 2 in 1 (USA, Europe)|Fighting|52678AE8
Fist of the North Star (USA)|Fighting|9A84B6CF
Gekitou Power Modeller (Japan) (SGB Enhanced)|Fighting|48C1EE22
Godzilla (USA, Europe)|Fighting|FE4F80B7
Gojira-kun (Japan)|Fighting|ED204600
Hiryuu no Ken Gaiden (Japan)|Fighting|8EE95E0B
Hokuto no Ken - Seizetsu Juuban Shoubu (Japan)|Fighting|E4B4FEBC
Killer Instinct (USA, Europe) (SGB Enhanced)|Fighting|AC793B54
King of Fighters '95, The (Europe) (SGB Enhanced)|Fighting|A3E9B148
King of Fighters '95, The (USA) (SGB Enhanced)|Fighting|1FF84E8C
King of Fighters, The - Heat of Battle (Europe) (SGB Enhanced)|Fighting|4D2D8BC3
Master Karateka (Japan)|Fighting|4C0FB33E
Metal Masters (USA)|Fighting|BF6866DC
Mortal Kombat & Mortal Kombat II (Japan)|Fighting|B1A8DFD0
Mortal Kombat & Mortal Kombat II (USA, Europe)|Fighting|55300D0A
Mortal Kombat (Japan)|Fighting|160FA9EF
Mortal Kombat (USA, Europe)|Fighting|90EB0929
Mortal Kombat 3 (Europe)|Fighting|40C9D0F2
Mortal Kombat 3 (USA)|Fighting|BF9C65FB
Mortal Kombat II (USA, Europe)|Fighting|BFAEADD0
Mortal Kombat II - Kyuukyoku Shinken (Japan)|Fighting|57BA5D56
Nettou Garou Densetsu 2 - Aratanaru Tatakai (Japan) (SGB Enhanced)|Fighting|AA98687F
Nettou Real Bout Garou Densetsu Special (Japan) (SGB Enhanced)|Fighting|F4031D4C
Nettou Samurai Spirits (Japan) (Rev A) (SGB Enhanced)|Fighting|C94850CC
Nettou Samurai Spirits (Japan) (SGB Enhanced)|Fighting|4A306276
Nettou Samurai Spirits - Zankurou Musouken (Japan) (SGB Enhanced)|Fighting|995D0838
Nettou The King of Fighters '95 (Japan) (SGB Enhanced)|Fighting|8712F17B
Nettou The King of Fighters '96 (Japan) (SGB Enhanced)|Fighting|FECDAE42
Nettou Toushinden (Japan) (Rev A) (SGB Enhanced)|Fighting|D5A6B132
Nettou Toushinden (Japan) (SGB Enhanced)|Fighting|DDE161A5
Nettou World Heroes 2 Jet (Japan) (SGB Enhanced)|Fighting|0A12F53C
Outburst (Japan)|Fighting|8AFCC4B0
Pit Fighter (USA, Europe)|Fighting|0680BFC3
Primal Rage (USA, Europe)|Fighting|C95D927B
Raging Fighter (USA, Europe)|Fighting|1EF3BEDB
SD Hiryuu no Ken Gaiden (Japan) (SGB Enhanced)|Fighting|C4D09768
SD Hiryuu no Ken Gaiden 2 (Japan) (SGB Enhanced)|Fighting|ADB511CA
Samurai Shodown (USA, Europe) (Beta) (SGB Enhanced)|Fighting|90D51289
Samurai Shodown (USA, Europe) (SGB Enhanced)|Fighting|69292EE6
Shaq Fu (USA) (SGB Enhanced)|Fighting|7ED43FE6
Street Fighter II (Japan) (SGB Enhanced)|Fighting|C775F488
Street Fighter II (USA) (SGB Enhanced)|Fighting|0B29830A
Street Fighter II (USA, Europe) (Rev A) (SGB Enhanced)|Fighting|54A0AAA3
Super Chinese Fighter GB (Japan) (SGB Enhanced)|Fighting|B526A116
Versus Hero - Kakutou Ou e no Michi (Japan)|Fighting|449CF2E4
World Heroes 2 Jet (USA, Europe) (SGB Enhanced)|Fighting|67303954
