2 Games in 1 - Hot Wheels - Velocity X + Hot Wheels - World Race (Europe)|Racing / Driving|B3C2CF9F
2 Games in 1 - Hot Wheels - Velocity X + Hot Wheels - World Race (USA)|Racing / Driving|A440A760
2 Games in 1 - Quad Desert Fury + Monster Trucks (USA)|Racing / Driving|F9EC06A9
2 Games in One! - Spy Hunter + Super Sprint (Europe) (En,Fr,De,Es,It)|Racing / Driving|BBF32EE3
2 Games in One! - Spy Hunter + Super Sprint (USA)|Racing / Driving|AD2F5353
2 in 1 - V-Rally 3 + Stuntman (Europe) (En,Fr,De,Es,It)|Racing / Driving|5813810F
ATV - Quad Power Racing (Europe) (En,Fr,De,Es,It) (Rev 1)|Racing / Driving|4B4E8BC7
ATV - Quad Power Racing (USA, Europe)|Racing / Driving|9C1A7DCB
ATV - Thunder Ridge Riders (Europe) (En,Fr,De,Es,It)|Racing / Driving|B1D2896F
ATV - Thunder Ridge Riders (USA)|Racing / Driving|773E73C7
Advance GT2 (Japan) (En)|Racing / Driving|EDCB7D46
Advance GTA (Japan) (En)|Racing / Driving|FDC82E98
Advance Rally (Japan) (En)|Racing / Driving|86ED2599
Antz - Extreme Racing (Europe) (En,Fr,De,Es,It,Nl)|Racing / Driving|367927ED
Antz - Extreme Racing (USA)|Racing / Driving|F4EFC5ED
Banjo-Pilot (Europe) (En,Fr,De,Es,It)|Racing / Driving|B98DE3A4
Banjo-Pilot (USA)|Racing / Driving|6E4030A1
Banjo-Pilot (Unknown) (Beta)|Racing / Driving|817FD31D
Big Mutha Truckers (Europe) (En,Fr,De,Es,It)|Racing / Driving|C54C02D0
Big Mutha Truckers (USA)|Racing / Driving|574907F4
Bouken Yuuki Pluster World - Pluston GP (Japan)|Racing / Driving|CE7A07F0
Carrera Power Slide (Europe) (En,Fr,De,Es,It,Nl)|Racing / Driving|98D72420
Cars (Europe) (Es,Pt)|Racing / Driving|0B058DB2
Cars (Europe) (Fr,Nl)|Racing / Driving|BD1BFC39
Cars (Europe) (Sv,No,Da,Fi)|Racing / Driving|4F21FD49
Cars (Germany)|Racing / Driving|EBD92F43
Cars (Japan)|Racing / Driving|6D4DE0EE
Cars (USA, Europe)|Racing / Driving|107639A8
Cars - Mater-National Championship (Europe) (En,Fr,De,Es,It,Nl)|Racing / Driving|D3DB9787
Cars - Mater-National Championship (USA) (En,Fr)|Racing / Driving|189DA289
Cars - Motori Ruggenti (Italy)|Racing / Driving|23CB1A36
Cartoon Network Speedway (USA)|Racing / Driving|066A2705
Choro Q Advance (Japan)|Racing / Driving|93FE0E34
Choro Q Advance 2 (Japan)|Racing / Driving|F5ED5F14
Classic NES Series - Excitebike (USA, Europe)|Racing / Driving|945C292F
Cocoto - Kart Racer (Europe) (En,Fr,De,Es,It)|Racing / Driving|DAB7C402
Colin McRae Rally 2.0 (Europe) (En,Fr,De)|Racing / Driving|70520C5C
Colin McRae Rally 2.0 (USA) (En,Fr,De)|Racing / Driving|A2E19014
Corvette (USA) (En,Fr,De,Es,It)|Racing / Driving|A4C6DB01
Crash Bandicoot Bakusou! Nitro Cart (Japan)|Racing / Driving|70F8291F
Crash Nitro Kart (Europe) (En,Fr,De,Es,It,Nl)|Racing / Driving|03925772
Crash Nitro Kart (USA)|Racing / Driving|E6D58AA0
Crazy Frog Racer (Europe) (En,Fr,De,Nl)|Racing / Driving|2723236B
Crazy Taxi - Catch a Ride (Europe) (En,Fr,De,Es,It)|Racing / Driving|4AEBD704
Crazy Taxi - Catch a Ride (USA)|Racing / Driving|8EC709D6
Cruis'n Velocity (USA) (Beta)|Racing / Driving|5436D5DA
Cruis'n Velocity (USA, Europe)|Racing / Driving|ADF14DB5
Diddy Kong Pilot (Unknown) (Proto)|Racing / Driving|057DC388
Digimon Racing (Europe) (En,Fr,De,Es,It)|Racing / Driving|4F1B0157
Digimon Racing (Japan)|Racing / Driving|C50468A8
Digimon Racing (USA) (En,Fr,De,Es,It)|Racing / Driving|DADD4C10
Disney Sports - Motocross (Europe) (En,Fr,De,Es,It)|Racing / Driving|72DCB4F4
Disney Sports - Motocross (Japan)|Racing / Driving|1A62D76F
Disney Sports - Motocross (USA)|Racing / Driving|A771AD79
Double Game! - Quad Desert Fury & Monster Trucks (Europe)|Racing / Driving|0DB22E8C
Downforce (Europe) (En,Fr,De,Es,It)|Racing / Driving|EB326294
Driv3r (Europe) (En,Fr,De,Es,It)|Racing / Driving|B617B354
Driv3r (USA)|Racing / Driving|6C66CFBE
Driven (Europe) (En,Fr,De,Es,It)|Racing / Driving|95F2C572
Driven (USA) (En,Fr,De,Es,It)|Racing / Driving|F2068738
Driver 2 Advance (Europe) (En,Fr,De,Es,It)|Racing / Driving|69EE551C
Driver 2 Advance (Europe) (En,Fr,De,Es,It) (Beta)|Racing / Driving|B24FA448
Driver 2 Advance (USA)|Racing / Driving|BBE2A163
Drome Racers (Europe) (En,Fr,De,Da)|Racing / Driving|D6101BC0
Drome Racers (USA)|Racing / Driving|AD356FB9
F-Zero - Climax (Japan)|Racing / Driving|DBDC71E3
F-Zero - Falcon Densetsu (Japan)|Racing / Driving|2446B920
F-Zero - GP Legend (Europe) (En,Fr,De,Es,It)|Racing / Driving|F1D5601B
F-Zero - GP Legend (USA)|Racing / Driving|781AAB58
F-Zero - Maximum Velocity (USA, Europe)|Racing / Driving|BD5E9798
F-Zero for Game Boy Advance (Japan)|Racing / Driving|25E3FC9A
F1 2002 (Europe) (En,Fr,De,Es,It)|Racing / Driving|AAC551FD
F1 2002 (USA, Europe)|Racing / Driving|7DD20F33
Famicom Mini 04 - Excitebike (Japan) (En)|Racing / Driving|319CDF36
Ford Racing 3 (Europe) (En,Fr,De,Es,It)|Racing / Driving|94E3D277
Ford Racing 3 (USA)|Racing / Driving|56D38756
Freekstyle (Europe) (En,Fr,De,Es,It)|Racing / Driving|96871A23
Freekstyle (USA)|Racing / Driving|72434345
GT Advance - Championship Racing (USA, Europe)|Racing / Driving|8C411ACC
GT Advance 2 - Rally Racing (Europe)|Racing / Driving|73411578
GT Advance 2 - Rally Racing (USA)|Racing / Driving|F335DB88
GT Advance 3 - Pro Concept Racing (Europe)|Racing / Driving|03898E7F
GT Advance 3 - Pro Concept Racing (USA)|Racing / Driving|0A331E11
GT Championship (Europe)|Racing / Driving|E92EC7AA
GT Racers (Europe) (Beta) (2005-07-13)|Racing / Driving|E027657A
GT Racers (Europe) (Beta) (2005-10-14)|Racing / Driving|A0F745A0
GT Racers (Europe) (En,Fr,De,Es,It)|Racing / Driving|362D9F86
Gadget Racers (Europe) (En,Fr,De)|Racing / Driving|D2BC5027
Gadget Racers (USA)|Racing / Driving|95DD156A
Herbie - Fully Loaded (Europe) (En,Fr,De)|Racing / Driving|2521A98C
Herbie - Fully Loaded (USA)|Racing / Driving|9C6A3DD1
Hot Wheels - All Out (Europe) (En,Fr,De,Es,It)|Racing / Driving|74E787DC
Hot Wheels - All Out (USA)|Racing / Driving|C73658F9
Hot Wheels - Burnin' Rubber (Europe) (En,Fr)|Racing / Driving|4764D029
Hot Wheels - Burnin' Rubber (USA)|Racing / Driving|37DCBB0D
Hot Wheels - Stunt Track Challenge (USA, Europe)|Racing / Driving|D0AB6A37
Hot Wheels - Velocity X (Europe)|Racing / Driving|A7DDBCA3
Hot Wheels - Velocity X (USA)|Racing / Driving|9592F553
Hot Wheels - World Race (Europe)|Racing / Driving|B9F17F8F
Hot Wheels - World Race (USA)|Racing / Driving|CB313505
Hot Wheels Advance (Japan) (En)|Racing / Driving|F79FFEDF
Hugo - Bukkazoom! (Europe) (En,Fr,De,Es,It,Nl,Pt,Sv,No,Da,Fi,Pl)|Racing / Driving|B34A2071
Inspector Gadget Racing (Europe) (En,Fr,De,Es,It,Nl)|Racing / Driving|B0D1C070
Jisu F-Zero Weilai Saiche (China)|Racing / Driving|0E5C38B7
Konami Krazy Racers (Europe)|Racing / Driving|CFEC0650
Konami Krazy Racers (USA)|Racing / Driving|C80D4F5C
Konami Krazy Racers (USA) (Beta)|Racing / Driving|5F2AE8FE
Konami Wai Wai Racing Advance (Japan)|Racing / Driving|AA039A8A
LEGO Racers 2 (Europe) (Beta)|Racing / Driving|7D05AE2C
LEGO Racers 2 (Europe) (En,Fr,De,Es,It,Nl,Sv,Da)|Racing / Driving|7A1DC458
LEGO Racers 2 (USA) (En,Fr)|Racing / Driving|E13B63AD
MX 2002 featuring Ricky Carmichael (USA, Europe)|Racing / Driving|0BF1DC56
Maniac Racers Advance (Europe) (En,Fr,De,Es,It)|Racing / Driving|2412C5EB
Mario Kart - Super Circuit (Europe)|Racing / Driving|20025842
Mario Kart - Super Circuit (USA)|Racing / Driving|ED316E37
Mario Kart Advance (Japan)|Racing / Driving|30E99FCD
Matchbox Cross Town Heroes (Europe)|Racing / Driving|C9EA02F5
Matchbox Cross Town Heroes (USA)|Racing / Driving|0FFFB458
Micro Machines (Europe) (En,Fr,De,Es,It)|Racing / Driving|9D102C82
Midnight Club - Street Racing (Europe) (En,Fr,De,Es,It)|Racing / Driving|091230C6
Midnight Club - Street Racing (USA)|Racing / Driving|911BE520
Monster Jam - Maximum Destruction (Europe)|Racing / Driving|C3AD7701
Monster Jam - Maximum Destruction (USA)|Racing / Driving|43D9B9F1
Monster Truck Madness (USA, Europe)|Racing / Driving|DD872538
Monster Trucks (USA, Europe)|Racing / Driving|4A72170A
Monster Trucks Mayhem (Europe) (En,Fr,De,Es,It)|Racing / Driving|31500381
Monster Trucks Mayhem (USA)|Racing / Driving|F47C5CF9
Moto GP (Europe) (Beta)|Racing / Driving|508BF8DC
Moto GP (Europe) (En,Fr,De,Es,It)|Racing / Driving|C6D17D0D
Moto GP (Japan) (En)|Racing / Driving|4F6D7E49
Moto GP (USA) (En,Fr,De,Es,It)|Racing / Driving|8EE93EB8
Motocross Maniacs Advance (Japan)|Racing / Driving|043A3554
Motocross Maniacs Advance (USA) (En,Es)|Racing / Driving|0A0FAEF4
Motoracer Advance (Europe) (En,Fr,De,Es,It)|Racing / Driving|8CB19DA0
Motoracer Advance (USA) (En,Fr,De,Es,It)|Racing / Driving|2FDBE7A8
NASCAR Heat 2002 (USA)|Racing / Driving|87E15F5B
Need for Speed - Most Wanted (USA, Europe) (En,Fr,De,It)|Racing / Driving|EA15A16E
Need for Speed - Porsche Unleashed (Europe) (En,Fr,De,Es,It)|Racing / Driving|1B6B8F88
Need for Speed - Porsche Unleashed (USA)|Racing / Driving|99078AF4
Need for Speed - Underground (USA, Europe) (En,Fr,De,It)|Racing / Driving|828020E9
Need for Speed - Underground 2 (USA, Europe) (En,Fr,De,It)|Racing / Driving|9A0C5090
Need for Speed Carbon - Own the City (USA, Europe) (En,Fr,De,Es,It)|Racing / Driving|F4C0D140
Nicktoons Racing (Europe) (En,Fr,De,Es,It)|Racing / Driving|BABCCEFD
Nicktoons Racing (USA)|Racing / Driving|50AB9BB6
Penny Racers (Europe)|Racing / Driving|8FDDD48B
Quad Desert Fury (USA, Europe)|Racing / Driving|95BE56E6
Racing Fever (Europe) (En,De,Es,It)|Racing / Driving|E40EC737
Racing Gears Advance (Europe) (En,Fr,De,Es,It)|Racing / Driving|49A88E52
Racing Gears Advance (USA)|Racing / Driving|BF648E5C
Road Rash - Jailbreak (Europe) (En,Fr,De,Es,It)|Racing / Driving|F4693458
Road Rash - Jailbreak (USA)|Racing / Driving|8834AF99
Road Trip - Shifting Gears (USA)|Racing / Driving|549BF1C5
Rock n' Roll Racing (Europe)|Racing / Driving|53D1A142
Rock n' Roll Racing (USA)|Racing / Driving|15F2DD16
Sega Rally Championship (Europe)|Racing / Driving|D125A6BB
Sega Rally Championship (Japan) (En)|Racing / Driving|E57C16F7
Sega Rally Championship (USA)|Racing / Driving|1AE3EB16
Shrek - Smash n' Crash Racing (Europe) (En,Fr,De,Es,It)|Racing / Driving|A45857C4
Shrek - Smash n' Crash Racing (USA)|Racing / Driving|EA8AE3B2
Shrek - Swamp Kart Speedway (USA, Europe) (En,Fr,De,Es,It,Nl)|Racing / Driving|91483D87
Simpsons, The - Road Rage (Europe) (En,Fr,De,Es,It)|Racing / Driving|44548B33
Simpsons, The - Road Rage (USA, Europe)|Racing / Driving|409E8252
Smashing Drive (Europe) (En,Fr,De,Es,It)|Racing / Driving|1034D672
Smashing Drive (USA)|Racing / Driving|2390ACA6
Smuggler's Run (Europe) (En,Fr,De,Es,It)|Racing / Driving|3AE0AFC8
Smuggler's Run (USA)|Racing / Driving|1A6AEA5E
Spy Hunter (Europe) (En,Ja,Fr,De,Es)|Racing / Driving|4F196612
Spy Hunter (USA) (En,Ja,Fr,De,Es)|Racing / Driving|B04892C9
Starsky & Hutch (Europe) (En,Fr,De,Es,It)|Racing / Driving|209958E5
Starsky & Hutch (USA)|Racing / Driving|B3993252
Starsky & Hutch (USA) (Beta)|Racing / Driving|AB142D2E
Street Racing Syndicate (Europe) (En,Fr,De,Es,It)|Racing / Driving|AC24888B
Street Racing Syndicate (USA)|Racing / Driving|F44B6A70
Stuntman (Europe) (En,Fr,De,Es,It)|Racing / Driving|62A678AB
Stuntman (USA) (En,Fr,Es)|Racing / Driving|0D58BA07
TG Rally (Europe)|Racing / Driving|BE67D878
TOCA World Touring Cars (Europe)|Racing / Driving|D8125874
Taxi 3 (France)|Racing / Driving|2D2B0C11
Thunder Alley (USA)|Racing / Driving|25E8E649
Tokyo Xtreme Racer Advance (Europe) (En,Fr,De,Es,It)|Racing / Driving|BD5F5F4C
Tokyo Xtreme Racer Advance (USA)|Racing / Driving|AB272800
Top Gear GT Championship (Europe)|Racing / Driving|391C0497
Top Gear GT Championship (USA)|Racing / Driving|0A9C9968
Top Gear Rally (Europe) (En,Fr,De,Es,It)|Racing / Driving|86AD4007
Top Gear Rally (Japan)|Racing / Driving|C457C5DB
Top Gear Rally (USA)|Racing / Driving|4DD90762
Trick Star (Europe) (En,Fr,De,Es,It)|Racing / Driving|961260AE
V-Rally 3 (Europe) (En,Fr,De,Es,It)|Racing / Driving|02D20287
V-Rally 3 (Japan)|Racing / Driving|A0AA46B9
V-Rally 3 (USA) (En,Fr,Es)|Racing / Driving|D3AE3D37
XS Moto (USA)|Racing / Driving|6DBBC17C
Zen-Nihon GT Senshuken (Japan)|Racing / Driving|D320A965
bit Generations - Dotstream (Japan) (En)|Racing / Driving|F0760400
