1942 (Japan, USA)|Shooter|171251E3
1943 - The Battle of Midway (Japan) (Beta)|Shooter|3FF10E3D
1943 - The Battle of Midway (USA)|Shooter|12C6D5C7
1943 - The Battle of Valhalla (Japan)|Shooter|4E42F13A
3 in 1 Supergun (Asia) (Unl)|Shooter|74BEA652
ASO - Armored Scrum Object (Japan)|Shooter|E3E2C3BF
ASO - Armored Scrum Object (Japan) (En) (Beta)|Shooter|E326E0F5
Abadox (Japan)|Shooter|14CD576E
Abadox - The Deadly Inner War (USA)|Shooter|B134D713
Abarenbou Tengu (Japan)|Shooter|CC7A4DCA
Action in New York (Europe)|Shooter|3AC0830A
Adventures of Dino Riki (USA)|Shooter|9BDE3267
Alien Syndrome (Japan)|Shooter|5B837E8D
Alien Syndrome (USA) (Unl)|Shooter|CBF4366F
Alpha Mission (Europe)|Shooter|976893D2
Alpha Mission (USA)|Shooter|DBF90772
Argus (Japan)|Shooter|656FA3B5
Astro Robo Sasa (Japan)|Shooter|2DC05A6F
Attack Animal Gakuen (Japan)|Shooter|7D55CF29
B-Wings (Japan)|Shooter|74F0A89F
Baby Boomer (USA) (Unl)|Shooter|BBE40DC4
Baltron (Japan)|Shooter|1F2D9DB7
Baltron (Japan) (Beta)|Shooter|1E407387
Barker Bill's Trick Shooting (Europe)|Shooter|1F6660E6
Barker Bill's Trick Shooting (USA)|Shooter|4318A2F8
BattleCity (Japan)|Shooter|7E053E64
BreakThru (USA)|Shooter|A5E8D2CD
Burai Fighter (Europe)|Shooter|28492586
Burai Fighter (Japan)|Shooter|E9176129
Burai Fighter (USA)|Shooter|CE228874
Cabal (USA)|Shooter|BDF046EF
Captain ED (Japan)|Shooter|3F56A392
Captain Skyhawk (Europe)|Shooter|1EFE38EB
Captain Skyhawk (USA)|Shooter|F518DD58
Captain Skyhawk (USA) (Rev A)|Shooter|EFD26E37
Chiller (Australia) (Unl)|Shooter|231BC76E
Chiller (USA) (Unl)|Shooter|B79F2651
Choplifter (Japan)|Shooter|883454EA
Choplifter (Japan) (En) (Rev 1)|Shooter|38EF66B5
Chou Fuyuu Yousai Exed Exes (Japan)|Shooter|C05A365B
Choujikuu Yousai - Macross (Japan)|Shooter|C1D7AB1D
Chuuka Taisen (Japan)|Shooter|8E0D9179
Cobra Command (Japan)|Shooter|24BA90CA
Cobra Command (USA)|Shooter|2D75C7A9
Commando (USA)|Shooter|82BE4724
Contra Force (USA)|Shooter|A94591B0
Cosmic Epsilon (Japan)|Shooter|DC75732F
Cosmos Cop (Asia) (Mega Soft) (Unl)|Shooter|026C1E1A
Cosmos Cop (Spain) (Gluk Video) (Unl)|Shooter|E9AD2163
Crime Busters (Unknown) (Unl)|Shooter|4D68CFB1
Crisis Force (Japan)|Shooter|FCBF28B1
Crisis Force (Japan) (Sample)|Shooter|F6036ED8
Cross Fire (Japan)|Shooter|E95454FC
Cross Fire (USA) (Proto)|Shooter|BEE30C5F
Cybernoid - The Fighting Machine (USA)|Shooter|AC8DCDEA
Defender II (USA)|Shooter|A2AF25D0
Donkey Kong 3 (World)|Shooter|B3D74C0D
Double Strike - Aerial Attack Force (USA) (v1.0) (Unl)|Shooter|36B35988
Double Strike - Aerial Attack Force (USA) (v1.1) (Unl)|Shooter|1EB4A920
Dragon Spirit - Aratanaru Densetsu (Japan)|Shooter|D2699893
Dragon Spirit - The New Legend (USA)|Shooter|D7E29C03
Dropzone (Europe)|Shooter|E402B134
Duck Hunt (World)|Shooter|24598791
Exerion (Japan) (En)|Shooter|BEB30478
Exerion (Japan) (En) (Proto) [b]|Shooter|A23F0A27
Fantasy Zone (Japan)|Shooter|10119E6B
Fantasy Zone (USA) (Unl)|Shooter|0FFDE258
Fantasy Zone II - Opa-Opa no Namida (Japan)|Shooter|0C5A6297
Field Combat (Japan)|Shooter|1B45A73E
Final Mission (Japan)|Shooter|D5941AA9
Fire Hawk (USA) (Unl)|Shooter|1BC686A8
Formation Z (Japan)|Shooter|63338C3C
Formation Z (Japan) (Rev A)|Shooter|E9023072
Foton - The Ultimate Game on Planet Earth (Japan)|Shooter|51BD8336
Freedom Force (USA)|Shooter|3E58A87E
Front Line (Japan)|Shooter|CF4DBDBE
Fuzzical Fighter (Japan)|Shooter|5E24EEDA
Galactic Crusader (Asia) (Unl)|Shooter|3F2450EA
Galactic Crusader (USA) (Unl)|Shooter|09C31CD4
Galaga (Europe)|Shooter|999584A8
Galaga (Japan)|Shooter|E911BCC4
Galaga - Demons of Death (USA)|Shooter|1DB07C0D
Galaxian (Japan)|Shooter|084F61CD
Galaxian (Japan) (Rev A)|Shooter|76A6A813
Game Designer Yousei Soft - Dezaemon (Japan)|Shooter|D1E50064
Geimos (Japan)|Shooter|1DBD1D2B
Gotcha! - The Sport! (USA)|Shooter|4E959173
Gradius (Europe)|Shooter|51C51C35
Gradius (Japan)|Shooter|D8EFF0DF
Gradius (Japan) (ArchiMENdes Hen)|Shooter|DE395EFD
Gradius (USA)|Shooter|350D835E
Gradius II (Japan)|Shooter|5ADBF660
Gran Aventura Submarina, La (Spain) (Gluk Video) (Unl)|Shooter|2BA86F76
Guardian Legend, The (Europe)|Shooter|FE907015
Guardian Legend, The (USA)|Shooter|FA43146B
Guardic Gaiden (Japan)|Shooter|DAD88CC5
Guerrilla War (Europe)|Shooter|622E054A
Guerrilla War (USA)|Shooter|6DECD886
Guevara (Japan)|Shooter|63C4E122
Gumshoe (USA, Europe)|Shooter|BEB8AB01
Gun Nac (Japan)|Shooter|D9084936
Gun Nac (USA)|Shooter|D19DCB2B
Gun Sight (Japan)|Shooter|0AFB395E
Gun.Smoke (Europe)|Shooter|B79C320D
Gun.Smoke (USA)|Shooter|A8784932
Gyrodine (Japan)|Shooter|29E173FF
Gyruss (USA)|Shooter|1D41CC8C
Heavy Barrel (Japan)|Shooter|2BCF2132
Heavy Barrel (USA)|Shooter|34EAB034
Hector '87 (Japan)|Shooter|784272F2
Hit Marmot (Asia) (Unl)|Shooter|E85B4D3D
Hogan's Alley (World)|Shooter|FF24D794
Hostages - The Embassy Mission (Japan)|Shooter|85C5953F
Huge Insect (Asia) (Unl)|Shooter|1A018A26
Hunt for Red October, The (Europe)|Shooter|9C304DEC
Hunt for Red October, The (USA)|Shooter|03F899CD
Hunt for Red October, The (USA) (Rev A)|Shooter|4E77733A
Ikari (Japan)|Shooter|AB47A50E
Ikari II - Dogosoken (Japan)|Shooter|D2BC86F3
Ikari Warriors (Europe)|Shooter|538218B2
Ikari Warriors (USA)|Shooter|655EFEED
Ikari Warriors (USA) (Rev A)|Shooter|2D273AA4
Ikari Warriors II - Victory Road (USA)|Shooter|4F467410
Image Fight (Japan)|Shooter|D2038FC5
Image Fight (USA)|Shooter|058F23A2
Incantation (Asia) (Unl)|Shooter|2915FAF0
Insector X (Japan)|Shooter|F80BDC50
Isolated Warrior (Europe)|Shooter|4BB9B840
Isolated Warrior (USA)|Shooter|6944A01A
JJ (Japan)|Shooter|B39A3F5B
Jackal (USA)|Shooter|1D5B03A5
Kidou Senshi Z Gundam - Hot Scramble (Japan)|Shooter|CE07194F
Kidou Senshi Z Gundam - Hot Scramble (Japan) (Final Version)|Shooter|B9582F60
King's Knight (Japan)|Shooter|AC136F2D
King's Knight (USA)|Shooter|01B4CA89
Kyuukyoku Tiger (Japan)|Shooter|091ED5A9
Laser Invasion (USA)|Shooter|B0480AE9
Last Starfighter, The (USA)|Shooter|6997F5E1
Legendary Wings (USA)|Shooter|A2194CAD
Life Force (USA)|Shooter|C4BC85A2
Life Force - Salamander (Europe)|Shooter|7002FE8D
Lightgun Game 2 in 1 - Cosmocop + Cyber Monster (Asia) (Unl)|Shooter|73FB55AC
Lightgun Game 2 in 1 - Tough Cop + Super Tough Cop (Asia) (Unl)|Shooter|DDCBDA16
Magmax (Japan)|Shooter|5E345B6D
Magmax (USA)|Shooter|81389607
Magnum Kikiippatsu - Empire City - 1931 (Japan)|Shooter|8E7ABDFC
Master Shooter (Asia) (Unl)|Shooter|61061352
Max Warrior - Wakusei Kaigenrei (Japan)|Shooter|FE4ED42B
Mechanized Attack (USA)|Shooter|5EE6008E
Metal Fighter (Asia) (Hacker) (Unl)|Shooter|0554394F
Metal Fighter (Asia) (Sachen) (Unl)|Shooter|7739672E
Metal Fighter (USA) (Unl)|Shooter|11D08CC6
MiG 29 - Soviet Fighter (USA) (Unl)|Shooter|E62E3382
Millipede (USA)|Shooter|AE52DECE
Millipede - Kyodai Konchuu no Gyakushuu (Japan)|Shooter|77512388
Moero TwinBee - Cinnamon Hakase o Sukue! (Japan)|Shooter|9F03B11F
NARC (USA)|Shooter|0537322A
Operation Wolf (Europe)|Shooter|5529431F
Operation Wolf (Japan)|Shooter|2A6559A1
Operation Wolf (USA) (Rev 0A)|Shooter|EDC3662B
Over Horizon (Europe)|Shooter|9237B447
Over Horizon (Japan)|Shooter|CE06F2D4
Papillon (Asia) (Unl)|Shooter|B6A727FA
Parodius (Europe)|Shooter|083E4FC1
Parodius (Europe) (Beta)|Shooter|6328B44D
Parodius Da! (Japan)|Shooter|D467C0CC
Pooyan (Japan)|Shooter|7F495283
Predator (Australia)|Shooter|978E19FC
Predator (Japan)|Shooter|4ED3C6F1
Predator (USA)|Shooter|A7DE65E4
Probotector II - Return of the Evil Forces (Europe)|Shooter|37A5EB52
Punisher, The (USA)|Shooter|27F8D0D2
Raid on Bungeling Bay (Japan)|Shooter|64C96F53
Raid on Bungeling Bay (Japan) (En) (Rev A)|Shooter|A547A6EC
Raid on Bungeling Bay (USA)|Shooter|D308D52C
Rescue - The Embassy Mission (Europe)|Shooter|8B4D2443
Rescue - The Embassy Mission (USA)|Shooter|63FCC0DD
Rescue - The Embassy Mission (USA) (Beta)|Shooter|F6AB12A2
RoboCop (Europe)|Shooter|6DCBAAFD
RoboCop (Japan)|Shooter|C09227A0
RoboCop (USA)|Shooter|192D546F
RoboCop (USA) (Beta)|Shooter|7AC3E8A1
Rolling Thunder (Japan)|Shooter|9EDBE2E2
Rolling Thunder (USA) (Unl)|Shooter|F92BE3EC
S.C.A.T. - Special Cybernetic Attack Team (USA)|Shooter|74189E12
S.C.A.T. - Special Cybernetic Attack Team (USA) (Beta)|Shooter|78C72C75
Salamander (Japan)|Shooter|AC652B47
Section-Z (Europe)|Shooter|45A9DB6F
Section-Z (USA)|Shooter|0FEC90D2
Seicross (Japan)|Shooter|0F05FF0A
Seicross (Japan) (Rev 1)|Shooter|90600B85
Seicross (USA)|Shooter|27AA3933
Senjou no Ookami (Japan)|Shooter|441AEAE6
Shin Jinrui - The New Type (Japan)|Shooter|43B0944B
Shooting Range (USA)|Shooter|851EB9BE
Shuang Ying (Asia) (Unl)|Shooter|C1B79B14
Silk Worm (USA)|Shooter|E74A91BB
Silver Surfer (USA)|Shooter|BEE1C0D9
Sky Destroyer (Japan)|Shooter|E47E9FA7
Sky Kid (Japan)|Shooter|CA6A7BF1
Sky Kid (USA)|Shooter|3322105A
Sky Shark (USA) (Rev 0A)|Shooter|9FFE2F55
Smash T.V. (Europe)|Shooter|0B8F8128
Smash T.V. (USA)|Shooter|6EE94D32
Space Harrier (Japan)|Shooter|43539A3C
Space Invaders (Japan)|Shooter|D9C093B1
Space Shadow (Japan)|Shooter|AD9C63E2
Sqoon (Japan)|Shooter|4DFD949E
Sqoon (Japan) (Rev A)|Shooter|73D5F7D3
Sqoon (USA)|Shooter|44F34172
Star Force (Europe)|Shooter|5CE55F5B
Star Force (Japan)|Shooter|C67865A2
Star Force (USA)|Shooter|FCE408A4
Star Force (USA) (Beta)|Shooter|E81C71E9
Star Gate (Japan)|Shooter|493BD2FF
Star Soldier (Japan)|Shooter|1B421E9C
Star Soldier (USA)|Shooter|262B5A1D
Starship Hector (USA)|Shooter|9F432594
Stinger (USA)|Shooter|C5B0B1AB
Summer Carnival '92 - Recca (Japan)|Shooter|F31DCC15
Super C (USA)|Shooter|305B4E62
Super Cartridge Ver 1 - 4 in 1 (Asia) (Unl)|Shooter|FB3439FC
Super Cartridge Ver 2 - 10 in 1 (Asia) (Unl)|Shooter|2F1686E5
Super Cartridge Ver 3 - 8 in 1 (Asia) (Unl)|Shooter|4BF80AF8
Super Cartridge Ver 4 - 6 in 1 (Asia) (Unl)|Shooter|DBC5ECD9
Super Cartridge Ver 5 - 7 in 1 (Asia) (Unl)|Shooter|DC320617
Super Cartridge Ver 6 - 6 in 1 (Asia) (Unl)|Shooter|F7A9822E
Super Cartridge Ver 7 - 4 in 1 (Asia) (Unl)|Shooter|0D15687D
Super Cartridge Ver 8 - 4 in 1 (Asia) (Unl)|Shooter|517611FE
Super Cartridge Ver 9 - 3 in 1 (Asia) (Unl)|Shooter|0D203DE5
Super Contra (Japan)|Shooter|B1250D0C
Super Star Force (Japan)|Shooter|3FA96277
Super Xevious - Gump no Nazo (Japan)|Shooter|7BB5664F
Taiyou no Yuusha - Fighbird (Japan)|Shooter|948E0BD6
TaleSpin (Europe)|Shooter|FE08D602
TaleSpin (USA)|Shooter|798EEB98
Tasac (Asia) (Unl)|Shooter|A95A915A
Terra Cresta (Japan)|Shooter|6D65CAC6
Terra Cresta (USA)|Shooter|2A46B57F
Tetrastar - The Fighter (Japan)|Shooter|F85E264D
Thexder (Japan)|Shooter|06F15215
Thunderbirds (Japan)|Shooter|7B72FBA4
Thunderbirds (USA)|Shooter|2DDC2DC3
Thundercade (USA)|Shooter|AFB46DD6
Tiger-Heli (Europe)|Shooter|40BFA660
Tiger-Heli (Japan)|Shooter|2E68ACFC
Tiger-Heli (USA)|Shooter|C3C7A568
Titan Warriors (USA) (Proto)|Shooter|8366CF72
To the Earth (Europe)|Shooter|790B295B
To the Earth (USA)|Shooter|DE8FD935
Twin Cobra (USA)|Shooter|0EF730E7
Twin Eagle (Asia) (PAL) (Unl)|Shooter|DDA190F9
Twin Eagle (Japan)|Shooter|3CF67AEC
Twin Eagle (USA)|Shooter|CF26A149
TwinBee (Japan)|Shooter|985B1D05
TwinBee 3 - Poko Poko Daimaou (Japan)|Shooter|D7FABAC1
TwinBee 3 - Poko Poko Daimaou (Japan) (Beta)|Shooter|203583D5
Uchuu Keibitai SDF (Japan)|Shooter|BB7F829A
Volguard II (Japan)|Shooter|FDE14CCE
War in the Gulf (Brazil) (CCE, Gluk Video) (Unl)|Shooter|638DBC52
Wei Lai Xiao Zi (Asia) (Unl)|Shooter|CEC28502
Wild Gunman (Japan, USA)|Shooter|B8B9ACA3
Wild Gunman (World) (Rev A)|Shooter|5112DC21
Xevious (Europe)|Shooter|D745D7CB
Xevious (Japan)|Shooter|B3C30BEA
Xevious (Japan) (En) (Rev 1)|Shooter|A2469526
Xevious - The Avenger (USA)|Shooter|DFD70E27
Zanac (USA)|Shooter|E292AA10
Zombie Nation (USA)|Shooter|03FB57B6
Zunou Senkan Galg (Japan)|Shooter|EC0517C4
Zunou Senkan Galg (Japan) (En) (Beta)|Shooter|23F38647
