Al Unser Jr. Turbo Racing (USA)|Racing / Driving|5BC9D7A1
Battle Formula (Japan)|Racing / Driving|2B4D80AE
Bigfoot (Europe)|Racing / Driving|34C1E893
Bigfoot (USA)|Racing / Driving|C42E648A
Bill Elliott's NASCAR Challenge (USA)|Racing / Driving|847D672D
Buggy Popper (Japan)|Racing / Driving|9FD35802
Bump'n'Jump (USA)|Racing / Driving|A0A095C4
Championship Rally (Europe)|Racing / Driving|C076D66F
Chiki Chiki Machine Mou Race (Japan)|Racing / Driving|20AF7E1A
Corvette ZR-1 Challenge (Europe)|Racing / Driving|14255C57
Danny Sullivan's Indy Heat (Europe)|Racing / Driving|27CA0679
Danny Sullivan's Indy Heat (USA)|Racing / Driving|C1B43207
Dash Yarou (Japan)|Racing / Driving|1ED48C5C
Days of Thunder (Europe)|Racing / Driving|FA73D3A2
Days of Thunder (USA)|Racing / Driving|12748678
Eliminator Boat Duel (Europe)|Racing / Driving|924CDE0B
Eliminator Boat Duel (USA)|Racing / Driving|059E0CDF
Excitebike (Europe)|Racing / Driving|8A0C7337
Excitebike (Japan, USA)|Racing / Driving|49AEB3A6
Excitebike (USA) (GameCube Edition)|Racing / Driving|662B8C9C
Exciting Rally - World Rally Championship (Japan)|Racing / Driving|E15C973D
F-1 Race (Japan)|Racing / Driving|E0604F76
F-1 Sensation (Japan)|Racing / Driving|81241DEC
F1 Circus (Japan)|Racing / Driving|ECBF33CE
Family Circuit '91 (Japan)|Racing / Driving|C247CC80
Family Circuit (Japan)|Racing / Driving|9CBC8253
Ferrari (Japan)|Racing / Driving|A485ABED
Ferrari Grand Prix Challenge (Europe)|Racing / Driving|53A9B53A
Ferrari Grand Prix Challenge (USA)|Racing / Driving|CE77B4BE
Final Lap (Japan)|Racing / Driving|5746A461
Formula 1 Sensation (Europe)|Racing / Driving|256392F1
Formula One - Built to Win (USA)|Racing / Driving|5A8B4DA8
Galaxy 5000 (Europe)|Racing / Driving|4F089E8A
Galaxy 5000 (USA)|Racing / Driving|1D20A5C6
Hard Drivin' (USA) (Proto) (Unl)|Racing / Driving|39AB0FC7
Highway Star (Japan)|Racing / Driving|02589598
Ivan 'Ironman' Stewart's Super Off Road (Europe)|Racing / Driving|05104517
Ivan 'Ironman' Stewart's Super Off Road (USA)|Racing / Driving|4B041B6B
Kekkyoku Nankyoku Daibouken (Japan)|Racing / Driving|163ECCAE
Kekkyoku Nankyoku Daibouken (Japan) (Rev 1)|Racing / Driving|0C918A65
Knight Rider (Europe)|Racing / Driving|280AD3C5
Knight Rider (Japan)|Racing / Driving|66F4D9F5
Knight Rider (USA)|Racing / Driving|EBCFE7C5
Mach Rider (Europe)|Racing / Driving|E57E5384
Mach Rider (Japan, USA)|Racing / Driving|59977A46
Mach Rider (Japan, USA) (Rev A)|Racing / Driving|38810A91
Michael Andretti's World GP (USA)|Racing / Driving|942B1210
Micro Machines (Europe) (Unl)|Racing / Driving|DB1FD64E
Micro Machines (USA) (Aladdin Compact Cartridge) (Unl)|Racing / Driving|24BA12DD
Micro Machines (USA) (Unl)|Racing / Driving|9235B57B
Monster Truck Rally (USA)|Racing / Driving|2F698C4D
Motocross Champion (Japan)|Racing / Driving|E6C9029E
MotorCity Patrol (USA)|Racing / Driving|0A0926BD
Nakajima Satoru - F-1 Hero (Japan)|Racing / Driving|768A1B6A
Nakajima Satoru Kanshuu - F-1 Hero 2 (Japan)|Racing / Driving|1C2A58FF
Nigel Mansell's World Championship Challenge (USA)|Racing / Driving|4751A751
Nigel Mansell's World Championship Racing (Europe) (En,Fr,De,Es,It)|Racing / Driving|1677D21D
Paris-Dakar Rally Special (Japan)|Racing / Driving|5F6E8A07
R.C. Pro-Am (Europe)|Racing / Driving|E5A972BE
R.C. Pro-Am (Europe) (Rev A)|Racing / Driving|46931EA0
R.C. Pro-Am (USA)|Racing / Driving|DD062F9C
R.C. Pro-Am (USA) (Rev A)|Racing / Driving|AAED295C
R.C. Pro-Am II (Europe)|Racing / Driving|308DA987
R.C. Pro-Am II (USA)|Racing / Driving|9EDD2159
Race America (USA)|Racing / Driving|A8B0DA56
Rad Racer (Europe)|Racing / Driving|654F4E90
Rad Racer (USA)|Racing / Driving|8B9D3E9C
Rad Racer II (USA)|Racing / Driving|404B2E8B
Rally Bike (USA)|Racing / Driving|E1C41D7C
Road Fighter (Europe)|Racing / Driving|719571B3
Road Fighter (Japan)|Racing / Driving|7EE625EB
RoadBlasters (Europe)|Racing / Driving|17389E3D
RoadBlasters (USA)|Racing / Driving|8ADA3497
Spy Hunter (USA)|Racing / Driving|C7197FB1
Stunt Kids (USA) (Unl)|Racing / Driving|3A990EE0
Super Cars (USA)|Racing / Driving|419461D0
Super Sprint (Japan)|Racing / Driving|9CBB0291
Super Sprint (USA) (Unl)|Racing / Driving|5F2C3195
Super Spy Hunter (Europe)|Racing / Driving|C528ED56
Super Spy Hunter (USA)|Racing / Driving|AB41445E
Taito Chase H.Q. (Japan)|Racing / Driving|99D38676
Taito Grand Prix - Eikou e no License (Japan)|Racing / Driving|10B0F8B0
Top Rider (Japan)|Racing / Driving|47232739
Turbo Racing (Europe)|Racing / Driving|4D1DF589
Wacky Races (USA)|Racing / Driving|401521F7
World Grand-Prix - Pole to Finish (Japan)|Racing / Driving|B5F7E661
Zippy Race (Japan)|Racing / Driving|E492D45A
