2 Games in 1 - Disney Princesas + El Rey Leon (Spain) (Es+En,Fr,De,Es,It,Nl,Sv,Da)|Platform|6472AC25
2 Games in 1 - Disney Princesas + Hermano Oso (Spain) (Es+En,Fr,De,Es,It,Nl,Sv,Da)|Platform|01B143A9
2 Games in 1 - Disney Princess + Brother Bear (Europe) (En+En,Fr,De,Es,It,Nl,Sv,Da)|Platform|34355326
2 Games in 1 - Disney Princesse + Frere des Ours (France) (Fr+En,Fr,De,Es,It,Nl,Sv,Da)|Platform|22C54AE1
2 Games in 1 - Disney Princesse + Le Roi Lion (France) (Fr+En,Fr,De,Es,It,Nl,Sv,Da)|Platform|CCE9C2E2
2 Games in 1 - Disney Principesse + Il Re Leone (Italy) (It+En,Fr,De,Es,It,Nl,Sv,Da)|Platform|A4ACBA4A
2 Games in 1 - Disney Principesse + Koda, Fratello Orso (Italy) (It+En,Fr,De,Es,It,Nl,Sv,Da)|Platform|458DEDB1
2 Games in 1 - Disneys Prinzessinnen + Baerenbrueder (Germany) (De+En,Fr,De,Es,It,Nl,Sv,Da)|Platform|52C8A11F
2 Games in 1 - Disneys Prinzessinnen + Der Koenig der Loewen (Germany) (De+En,Fr,De,Es,It,Nl,Sv,Da)|Platform|AD82CB84
2 Games in 1 - Les Razmoket Rencontrent les Delajungle + SpongeBob SquarePants - SuperSponge (France)|Platform|B3BB9A45
2 Games in 1 - Rugrats - Go Wild + SpongeBob SquarePants - SuperSponge (Europe)|Platform|E5AC73BB
2 Games in 1 - Scooby-Doo! - Mystery Mayhem + Scooby-Doo and the Cyber Chase (Europe) (En,Fr,De+En)|Platform|99566698
2 Games in 1 - Scooby-Doo! - Mystery Mayhem + Scooby-Doo and the Cyber Chase (USA) (En,Fr,De+En)|Platform|5318DF13
2 Games in 1 - SpongeBob SquarePants - Revenge of the Flying Dutchman + SpongeBob SquarePants - SuperSponge (Europe)|Platform|111D6997
2 Games in 1 - SpongeBob SquarePants - Revenge of the Flying Dutchman + SpongeBob SquarePants - SuperSponge (USA)|Platform|D515C0E4
2 Games in 1 - SpongeBob SquarePants - SuperSponge + SpongeBob SquarePants - Battle for Bikini Bottom (Europe)|Platform|06F0F43C
2 Games in 1 - SpongeBob SquarePants - SuperSponge + SpongeBob SquarePants - Battle for Bikini Bottom (Europe) (En+En,Fr,De)|Platform|71D52C61
2 Games in 1 - The Lion King + Disney Princess (Europe) (En,Fr,De,Es,It,Nl,Sv,Da+En)|Platform|3B1CF966
2 in 1 Game Pack - Spider-Man - Mysterio's Menace + X2 - Wolverine's Revenge (USA, Europe)|Platform|E7BAA5B9
2-in-1 Fun Pack - Shrek 2 + Madagascar (Europe)|Platform|63BB643F
2-in-1 Fun Pack - Shrek 2 + Madagascar (USA)|Platform|39D68733
2-in-1 Fun Pack - Shrek 2 + Madagascar - Operation Penguin (Europe)|Platform|3535B2BF
2-in-1 Fun Pack - Shrek 2 + Madagascar - Operation Penguin (USA)|Platform|18670538
Ab durch die Hecke (Germany)|Platform|31E57A19
Acrobat Kid (Japan)|Platform|71720E98
Action Man - Robot Atak (Europe) (En,Fr,De,Es,It)|Platform|D07214A2
Aero the Acro-Bat - Rascal Rival Revenge (Europe)|Platform|A7E98EBE
Aero the Acro-Bat - Rascal Rival Revenge (Europe) (Beta)|Platform|6F3EA564
Aero the Acro-Bat - Rascal Rival Revenge (USA)|Platform|B47AC020
Aladdin (Europe) (En,Fr,De,Es)|Platform|594FBB7C
Aladdin (Japan)|Platform|587F1AEF
Aladdin (USA) (En,Fr,De,Es)|Platform|40B383F6
American Tail, An - Fievel's Gold Rush (Europe) (En,Fr,De,Es,It)|Platform|C8EA6D9E
American Tail, An - Fievel's Gold Rush (USA) (En,Es)|Platform|2A882EA6
Animaniacs - Lights, Camera, Action! (Europe) (En,Fr,De,Es,It)|Platform|840D11C1
Ant Bully, The (Europe) (En,Fr,De,Es,It)|Platform|52DC386B
Ant Bully, The (USA) (En,Fr)|Platform|8D51A101
Asterix & Obelix - Bash Them All! (Europe) (En,Fr,De,Es,It,Nl)|Platform|92360109
Atomic Betty (USA, Europe)|Platform|8919D82C
Banjo-Kazooie - Grunty's Revenge (Europe) (En,Fr,De)|Platform|FB4F38E2
Banjo-Kazooie - Grunty's Revenge (Europe) (En,Fr,De,Es,It) (Beta 1)|Platform|4E0F10FA
Banjo-Kazooie - Grunty's Revenge (Europe) (En,Fr,De,Es,It) (Beta 2)|Platform|106ED779
Banjo-Kazooie - Grunty's Revenge (USA, Europe)|Platform|DFB5ABA3
Banjo-Kazooie - La Vendetta di Grunty (Italy)|Platform|67AD698F
Banjo-Kazooie - La Venganza de Grunty (Spain)|Platform|32544634
Batman Begins (USA, Europe) (En,Fr,De,Es,It,Nl)|Platform|83C90106
Bee Game, The (USA)|Platform|DA747C99
Berenstain Bears and the Spooky Old Tree, The (USA)|Platform|F87B787B
Biene Maja, Die - Klatschmohnwiese in Gefahr (Germany)|Platform|0363C23F
Bionicle - Matoran Adventures (USA, Europe) (En,Fr,De,Es,It,Nl,Sv,Da)|Platform|DAEC2264
Blackthorne (Europe)|Platform|E1D36A8C
Blackthorne (USA)|Platform|8E6DCD53
Blender Bros. (USA)|Platform|9A91D7F1
Brother Bear (Europe)|Platform|6220A4B8
Brother Bear (Europe) (Fr,De,Es,It,Nl,Sv,Da)|Platform|FD814097
Brother Bear (USA)|Platform|342DE1D6
Bubble Bobble - Old & New (Europe) (En,Fr,De,Es,It)|Platform|DFA1A201
Bubble Bobble - Old & New (Japan)|Platform|BE9FD5E7
Bubble Bobble - Old & New (USA)|Platform|FEEC503C
Bura Bura Donkey (Japan)|Platform|89B09753
CT Special Forces (Europe) (En,Fr,De,Es,It,Nl)|Platform|A20D9ADB
CT Special Forces (Europe) (En,Fr,De,Es,It,Nl) (Beta)|Platform|40A0E1C9
CT Special Forces (USA) (En,Fr,De,Es,It,Nl)|Platform|AEA22AE0
CT Special Forces - Back to Hell (Europe) (En,Fr,De,Es,It,Nl)|Platform|863CBF31
CT Special Forces 2 - Back in the Trenches (USA) (En,Fr,De,Es,It,Nl)|Platform|D2B58A33
Card e-Reader+ (Japan)|Platform|4139E7C3
Care Bears - The Care Quests (Europe) (En,Fr,De,Es,It,Nl,Pt,Da)|Platform|6111ED1E
Care Bears - The Care Quests (USA) (En,Fr,Es)|Platform|F848C327
Casper (Europe) (En,Fr,De,Es,It,Nl,Pt)|Platform|DDAF8BAC
Casper (USA) (En,Fr,Es)|Platform|9F905E60
Castleween (Europe) (En,Fr,De,Es,It)|Platform|11A9B76E
Cat in the Hat by Dr. Seuss, The (USA)|Platform|13C2249E
Chaoji Maliou 2 (China)|Platform|14A87B75
Chaoji Maliou Shijie (China)|Platform|D97D4156
Chicken Little (Japan)|Platform|DCBD4991
Chicken Little (USA, Europe) (En,Fr,De,Es,It,Nl)|Platform|1E86F5B0
Chou Makai Mura R (Japan)|Platform|A4F8B4B4
Cinderella - Magical Dreams (Europe) (En,Fr,De,Es,It)|Platform|E8BF28E2
Cinderella - Magical Dreams (USA) (En,Fr,De,Es,It)|Platform|22F19169
Classic NES Series - Donkey Kong (USA, Europe)|Platform|BA82D416
Classic NES Series - Ice Climber (USA, Europe)|Platform|3126D612
Classic NES Series - Super Mario Bros. (USA, Europe)|Platform|7EDDFFAD
Cocoto - Platform Jumper (Europe) (En,Fr,De,Es,It)|Platform|27411EF5
Codename - Kids Next Door - Operation S.O.D.A. (USA)|Platform|420A81B7
Crash & Spyro Superpack - Spyro - Season of Ice + Crash Bandicoot - The Huge Adventure (USA)|Platform|CDBE00E3
Crash Bandicoot - The Huge Adventure (USA)|Platform|034D2D4B
Crash Bandicoot 2 - N-Tranced (Europe) (En,Fr,De,Es,It,Nl)|Platform|0F1D06A0
Crash Bandicoot 2 - N-Tranced (USA)|Platform|2E16184A
Crash Bandicoot Advance (Japan)|Platform|64767B34
Crash Bandicoot Advance - Wakuwaku Tomodachi Daisakusen! (Japan)|Platform|0E6A4FEE
Crash Bandicoot Advance 2 - Guruguru Saimin Dai-panic! (Japan)|Platform|04FBA7CF
Crash Bandicoot Fusion (Europe) (En,Fr,De,Es,It)|Platform|F24C8E77
Crash Bandicoot Purple - Ripto's Rampage (USA)|Platform|FC284E05
Crash Bandicoot Purple - Ripto's Rampage (USA) (Rev 1)|Platform|3DDF07A1
Crash Bandicoot XS (Europe) (En,Fr,De,Es,It,Nl)|Platform|CCFD654F
Crayon Shin-chan - Arashi o Yobu Cinemaland no Daibouken! (Japan)|Platform|6E936A54
Crazy Chase (Europe) (Beta)|Platform|FF7E2E9B
Crazy Chase (Europe) (En,Fr,De)|Platform|313F4FFC
Crazy Chase (Europe) (En,Fr,De) (Beta)|Platform|5F331132
Crazy Chase (USA)|Platform|CABA1DB9
DK - King of Swing (Europe) (En,Fr,De,Es,It)|Platform|F93B73D9
DK - King of Swing (USA) (Demo) (Kiosk)|Platform|049626D1
DK - King of Swing (USA, Australia)|Platform|D610B239
Danny Phantom - The Ultimate Enemy (Europe) (En,De,Es)|Platform|506780D1
Danny Phantom - The Ultimate Enemy (Europe) (En,Fr,Nl)|Platform|E1DE905F
Danny Phantom - The Ultimate Enemy (USA)|Platform|1384ECEA
Daredevil (Europe) (En,Fr,Es,It)|Platform|41A9B849
Daredevil (Germany)|Platform|4BB9420E
Daredevil (USA, Europe)|Platform|D438347E
Densetsu no Stafy (Japan)|Platform|FAE94C8B
Densetsu no Stafy 2 (Japan)|Platform|EA73EB54
Densetsu no Stafy 3 (Japan)|Platform|FCAF1AA8
Densetsu no Stafy 3 (Japan) (Rev 1)|Platform|2D6E4C3B
Dinotopia - The Timestone Pirates (USA, Europe) (En,Fr,De,Es,It,Nl)|Platform|7BD01B31
Disney Princesas (Spain)|Platform|425785C8
Disney Princess (USA, Europe)|Platform|4A2B9E0B
Disney Princesse (France)|Platform|3944BD7E
Disney Principesse (Italy)|Platform|481E668E
Disneys Prinzessinnen (Germany)|Platform|E21B4285
Donald Duck Advance (Europe) (En,Fr,De,Es,It)|Platform|4C086A5E
Donald Duck Advance (Japan)|Platform|0195DE8F
Donald Duck Advance (USA)|Platform|936DAAB2
Donkey Kong Country (Europe) (En,Fr,De,Es,It)|Platform|41D277FE
Donkey Kong Country (USA)|Platform|12F7A968
Donkey Kong Country 2 (Europe) (En,Fr,De,Es,It)|Platform|AEF11223
Donkey Kong Country 2 (USA, Australia)|Platform|11417FC1
Donkey Kong Country 3 (Europe) (En,Fr,De,Es,It)|Platform|708A6168
Donkey Kong Country 3 (USA, Australia)|Platform|FE03E5AF
Dr. Muto (Europe) (En,Fr,De,Es,It)|Platform|46736F58
Dr. Seuss' - The Cat in the Hat (Europe) (En,Fr,De,Es,It)|Platform|A5DBE5AE
Dr. Seuss' - The Cat in the Hat (USA)|Platform|13ADBF3B
Dragon's Rock (Europe) (En,Fr,De,Es,It)|Platform|F0CA6D70
Drill Dozer (USA)|Platform|E60EC183
Earthworm Jim (USA, Europe)|Platform|C4991D13
Earthworm Jim 2 (Europe) (En,Fr,De,Es,It)|Platform|D211E8DA
Earthworm Jim 2 (USA)|Platform|7496555C
Ed, Edd n Eddy - Jawbreakers! (Europe) (En,Fr,De,Es,It)|Platform|E7F6E42F
Ed, Edd n Eddy - Jawbreakers! (USA)|Platform|48E5A70E
Ed, Edd n Eddy - Jawbreakers! (USA) (Rev 1)|Platform|315A9114
Ed, Edd n Eddy - The Mis-Edventures (Europe) (En,Fr)|Platform|BAA13BC4
Ed, Edd n Eddy - The Mis-Edventures (USA) (En,Fr)|Platform|64EDB487
Enchanted - Once Upon Andalasia (USA) (En,Fr)|Platform|AF23FFFF
Fairly OddParents!, The - Clash with the Anti-World (Europe) (En,De,Es,Nl)|Platform|91E7BA6C
Fairly OddParents!, The - Clash with the Anti-World (USA)|Platform|6FD773CD
Fairly OddParents!, The - Enter the Cleft (USA)|Platform|B0533F41
Famicom Mini 01 - Super Mario Bros. (Japan) (En) (Rev 1)|Platform|5848884C
Famicom Mini 02 - Donkey Kong (Japan) (En)|Platform|86D346AF
Famicom Mini 03 - Ice Climber (Japan) (En)|Platform|5646F9D1
Famicom Mini 08 - Mappy (Japan) (En)|Platform|D4B0779A
Famicom Mini 11 - Mario Bros. (Japan)|Platform|9CD4D6CF
Famicom Mini 14 - Wrecking Crew (Japan)|Platform|6C0611F0
Famicom Mini 17 - Takahashi Meijin no Bouken-jima (Japan)|Platform|3BEF3B74
Famicom Mini 18 - Makai Mura (Japan)|Platform|85261EC6
Famicom Mini 21 - Super Mario Bros. 2 (Japan)|Platform|F55674A3
Famicom Mini 24 - Hikari Shinwa - Palthena no Kagami (Japan)|Platform|F311EDAC
Flashback Legends (France) (En,Fr) (Proto)|Platform|EB33477D
Flintstones, The - Big Trouble in Bedrock (Europe) (En,Fr,De,Es,It)|Platform|39782C26
Flintstones, The - Big Trouble in Bedrock (USA)|Platform|3B09694B
Flushed Away (Europe) (En,Fr,De,Es,It)|Platform|62E435DE
Flushed Away (USA)|Platform|0ED5DF4B
Frogger - Kodaibunmei no Nazo (Japan)|Platform|6853109B
Frogger Advance - The Great Quest (Europe) (En,Fr,De,Es,It)|Platform|8873BD29
Frogger Advance - The Great Quest (USA)|Platform|B75782C9
Frogger's Journey - The Forgotten Relic (USA)|Platform|6F8BFDBC
Galidor - Defenders of the Outer Dimension (USA) (En,Fr,De,Es,It,Nl,Sv,Da)|Platform|4D8F49F9
Gang del Bosco, La (Italy)|Platform|52A5B59D
Garfield - The Search for Pooky (Europe) (En,Fr,De,Es,It) (Rev 2)|Platform|0C3AA538
Garfield - The Search for Pooky (Europe) (En,Fr,De,It)|Platform|CE9291F1
Garfield - The Search for Pooky (Europe) (En,Fr,De,It) (Rev 1)|Platform|387EB638
Garfield - The Search for Pooky (USA) (En,Fr,De,Es,It)|Platform|76035741
Garfield and His Nine Lives (Europe) (En,Fr,De,Es,It,Nl)|Platform|F0BA1A8E
Garfield and His Nine Lives (USA) (En,Fr,Es)|Platform|D442F13D
Go! Go! Beckham! - Adventure on Soccer Island (Europe) (En,Fr,De,Es,It)|Platform|DFF3E861
Green Eggs and Ham by Dr. Seuss (USA)|Platform|E4AE2CD1
Gremlins - Stripe vs Gizmo (Europe) (En,Fr,De,Es,It,Pt)|Platform|B6225186
Gremlins - Stripe vs Gizmo (Europe) (En,Fr,De,Es,It,Pt) (Beta)|Platform|68AE6BBB
Gremlins - Stripe vs Gizmo (USA)|Platform|5E72899A
Gumby vs. the Astrobots (USA)|Platform|2B7E3CCB
Haunted Mansion, The (USA) (Proto)|Platform|DEBC5439
Heidi - The Game (Europe) (En,Fr,De,Es,It)|Platform|E8C44FB8
Hey Arnold! - The Movie (Europe) (En,Fr,De)|Platform|2B666FED
Hey Arnold! - The Movie (Europe) (En,Fr,De) (Beta)|Platform|9E4773BA
Hey Arnold! - The Movie (USA)|Platform|59DFAB9E
High School Musical - Livin' the Dream (USA)|Platform|7B31D4DA
High School Musical - Livin' the Dream (USA) (Beta)|Platform|C340D5F7
Home on the Range (Europe) (En,Fr,De,Es)|Platform|D88FEB4E
Home on the Range (USA) (En,Fr)|Platform|DBD4A6CB
Hoshi no Kirby - Kagami no Daimeikyuu (Japan) (Demo) (Kiosk)|Platform|BF80F1A1
Hoshi no Kirby - Kagami no Daimeikyuu (Japan) (Rev 1)|Platform|683D772C
Hoshi no Kirby - Yume no Izumi Deluxe (Japan)|Platform|C55A3C2C
Hugo - The Evil Mirror Advance (Europe) (En,Fr,De,Es,It,Nl,Pt,Sv,No,Da,Fi,Pl)|Platform|9E9D5AD7
Hugo - The Evil Mirror Advance (USA) (En,Fr,Es)|Platform|ED5CA311
Ice Age (Europe) (En,Fr,De,Es,It)|Platform|10179D72
Ice Age (Japan)|Platform|6D457F4C
Ice Age (USA) (En,Fr,Es)|Platform|3FC99714
Ice Age 2 - The Meltdown (Europe) (En,Fr,De,Es,It,Nl)|Platform|58043308
Ice Age 2 - The Meltdown (USA)|Platform|000206C0
Incredible Hulk, The (Europe) (En,Fr,De,Es,It)|Platform|7E00422C
Incredible Hulk, The (USA)|Platform|0B978DFA
Incredibles, The - Rise of the Underminer (Europe) (En,Fr,De,Es,It,Nl,Pt)|Platform|096F98B6
Incredibles, The - Rise of the Underminer (USA, Europe)|Platform|2D806290
Inspector Gadget - Advance Mission (Europe) (En,Fr,De,Es,It,Nl)|Platform|406AA0C6
Inspector Gadget - Advance Mission (USA)|Platform|EF131209
Invincible Iron Man, The (USA, Europe)|Platform|39A31B68
James Pond - Codename Robocod (Europe) (En,Fr,De,Es,It,Nl,Pt)|Platform|31081996
James Pond - Codename Robocod (USA) (En,Fr,Es,Pt)|Platform|EB25BB5B
Jazz Jackrabbit (USA, Europe)|Platform|948531D4
Jet Grind Radio (USA)|Platform|AE4142B5
Jet Set Radio (Europe)|Platform|716DC010
Jimmy Neutron Boy Genius (Europe) (En,Fr,De,Es)|Platform|A9423234
Jimmy Neutron Boy Genius (USA)|Platform|D3EE0C51
Jurassic Park III - The DNA Factor (Europe) (En,Fr,De,Es,It)|Platform|FE89C986
Jurassic Park III - The DNA Factor (USA)|Platform|F93DCC2E
Jurassic Park III - Ushinawareta Idenshi (Japan)|Platform|AB6786DD
Justice League - Injustice for All (Europe) (En,Fr,De,Es,It)|Platform|D71C4382
Justice League - Injustice for All (USA)|Platform|B2477B72
Justice League - Injustice for All (USA) (Beta)|Platform|C41081CF
Justice League Chronicles (USA)|Platform|07090F67
Kao the Kangaroo (Europe) (En,Fr,De,Es,It,Nl)|Platform|51E7522C
Kao the Kangaroo (USA) (En,Fr,De,Es,It,Nl)|Platform|F6667B3E
Kappa no Kai-kata - Kaatan Daibouken! (Japan)|Platform|BF5F326E
Kaze no Klonoa - Yumemiru Teikoku (Japan)|Platform|B51D97DE
Kim Possible (Europe) (En,Fr,De,Es)|Platform|0C35D0FC
Kim Possible (Europe) (En,Fr,De,Es) (Rev 1)|Platform|48428C2A
Kim Possible (Japan)|Platform|69843F73
Kim Possible - Revenge of Monkey Fist (USA)|Platform|1A56EFBD
Kim Possible 2 - Drakken's Demise (Europe) (En,Fr,De,Es)|Platform|71C505C8
Kim Possible 2 - Drakken's Demise (USA) (En,Fr)|Platform|FA946FC6
Kim Possible III - Team Possible (USA) (En,Fr)|Platform|FDEC60EC
Kirby & the Amazing Mirror (Europe) (En,Fr,De,Es,It)|Platform|4F07C618
Kirby & the Amazing Mirror (USA)|Platform|9F2A3048
Kirby - Nightmare in Dream Land (Europe) (En,Fr,De,Es,It)|Platform|3B7A7477
Kirby - Nightmare in Dream Land (USA)|Platform|20EF3F64
Klonoa - Empire of Dreams (Europe)|Platform|69492530
Klonoa - Empire of Dreams (USA)|Platform|F74E1036
Kong - The Animated Series (Europe) (En,Fr,De,Es,It,Nl)|Platform|7A7B060F
Kong - The Animated Series (USA) (En,Fr,De,Es,It,Nl)|Platform|150BDD9E
Lady Sia (Europe) (En,Fr,De,Es,It,Nl)|Platform|958097D2
Lady Sia (USA) (En,Fr,De,Es,It,Nl)|Platform|139E95BD
Land Before Time, The (Europe) (En,Fr,De,Es,It)|Platform|CF0FA4D9
Land Before Time, The (USA) (En,Es)|Platform|CFD8A52C
Land Before Time, The - Into the Mysterious Beyond (Europe) (En,Fr,De,Es,It,Nl,Pt,Da)|Platform|5485EEFA
Land Before Time, The - Into the Mysterious Beyond (USA) (En,Fr,Es)|Platform|CFF03DF3
Legend of Spyro, The - A New Beginning (Europe) (En,Fr,De,Es,It,Nl)|Platform|63DF4D36
Legend of Spyro, The - A New Beginning (USA)|Platform|1B81CC00
Legend of Spyro, The - The Eternal Night (Europe) (En,Fr,De,Es,It,Nl)|Platform|93B18353
Legend of Spyro, The - The Eternal Night (USA) (En,Fr)|Platform|BD2751E6
Lemony Snicket - Raetselhafte Ereignisse (Germany)|Platform|F7AC3D9E
Lemony Snicket - Una Serie di Sfortunati Eventi (Italy)|Platform|AA6E22D7
Lemony Snicket's A Series of Unfortunate Events (Europe) (Fr,Es)|Platform|63E02A0D
Lemony Snicket's A Series of Unfortunate Events (USA, Europe)|Platform|72BA6B8C
Lilo & Stitch (Europe) (En,Fr,De,Es,It,Nl)|Platform|2A10F7E4
Lilo & Stitch (Europe) (En,Fr,De,Es,It,Nl) (Rev 1)|Platform|E7BC4EF1
Lilo & Stitch (Japan)|Platform|DB1E7311
Lilo & Stitch (USA)|Platform|542AA4AC
Lilo & Stitch 2 (Europe) (En,Fr,De,Es)|Platform|A88587A6
Lilo & Stitch 2 - Haemsterviel Havoc (USA)|Platform|021A5755
Lizzie McGuire 3 - Homecoming Havoc (USA)|Platform|A2843980
Looney Tunes - Back in Action (USA, Europe) (En,Fr,De,Es,It)|Platform|2B8B3964
Madagascar (Europe)|Platform|394F2126
Madagascar (Europe) (Fr,De,Pt)|Platform|274C9135
Madagascar (Italy)|Platform|9467225B
Madagascar (Japan)|Platform|2D6D478C
Madagascar (Netherlands)|Platform|EBFAB740
Madagascar (Spain)|Platform|0C6070B5
Madagascar (USA)|Platform|7503F71B
Madagascar - Operacion Pinguino (Spain)|Platform|5B519E47
Madagascar - Operation Penguin (Europe)|Platform|15BB7278
Madagascar - Operation Penguin (Europe) (Fr,De)|Platform|6B5B70C5
Madagascar - Operation Penguin (Europe) (It,Nl)|Platform|8D8B5808
Madagascar - Operation Penguin (USA)|Platform|DA3FA501
Magical Quest 2 Starring Mickey & Minnie (Europe) (En,Fr,De)|Platform|F9498038
Magical Quest 2 Starring Mickey & Minnie (USA) (En,Fr,De)|Platform|69F1117D
Magical Quest 3 Starring Mickey & Donald (Europe) (En,Fr,De)|Platform|AAD912F9
Magical Quest 3 Starring Mickey & Donald (USA) (En,Fr,De)|Platform|5A23094D
Magical Quest Starring Mickey & Minnie (Europe) (En,Fr,De,Es,It)|Platform|94F3B7C0
Magical Quest Starring Mickey & Minnie (USA)|Platform|B4294FA7
Mahou no Pumpkin - Ann to Greg no Daibouken (Japan)|Platform|F9652B4D
Manic Miner (Europe) (En,Fr,De,Es,It)|Platform|138439F4
Mario vs. Donkey Kong (Europe) (En,Fr,De,Es,It)|Platform|CA030D61
Mario vs. Donkey Kong (Japan)|Platform|7C2B5269
Mario vs. Donkey Kong (USA) (Demo) (Kiosk, Demo Disc v16)|Platform|25505164
Mario vs. Donkey Kong (USA, Australia)|Platform|25C394D1
Masters of the Universe He-Man - Power of Grayskull (USA)|Platform|75491E30
Maya the Bee - The Great Adventure (Europe) (En,Fr,De,Es,It)|Platform|A1764F3C
Mega Man & Bass (Europe)|Platform|01B4D95E
Mega Man & Bass (USA)|Platform|EEA68C2E
Mega Man Zero (USA, Europe)|Platform|9707D2A1
Mega Man Zero 2 (Europe)|Platform|29A14B59
Mega Man Zero 2 (USA)|Platform|CE1E37BB
Mega Man Zero 3 (Europe)|Platform|B099577F
Mega Man Zero 3 (USA)|Platform|2784F3F2
Mega Man Zero 4 (Europe)|Platform|B7F022B9
Mega Man Zero 4 (USA)|Platform|7EE24793
Mega Man Zero 4 (USA) (Virtual Console)|Platform|C4838CFA
Mickey to Donald no Magical Quest 3 (Japan)|Platform|32D851F7
Mickey to Minnie no Magical Quest (Japan)|Platform|BBAE85C8
Mickey to Minnie no Magical Quest 2 (Japan)|Platform|092A7D0A
Mr Nutz (Europe) (En,Fr,De,Es,It)|Platform|7F21D693
Mr. Incredible - Kyouteki Underminer Toujou (Japan)|Platform|667F54CA
Naruto - Ninja Council (USA)|Platform|C402878C
Naruto - Ninjutsu Zenkai! Saikyou Ninja Daikesshuu (Japan)|Platform|E15875FC
Naruto - Ninjutsu Zenkai! Saikyou Ninja Daikesshuu (Japan) (Rev 1)|Platform|F5F8ECB4
Nicktoons - Attack of the Toybots (USA)|Platform|DDA9A035
Nicktoons Unite! (USA)|Platform|75C35F7C
Ninja Cop (Europe)|Platform|C14295B1
Ninja Five-0 (USA)|Platform|EB3954C6
Nos Voisins, les Hommes (France)|Platform|EB7C8402
Open Season (Europe) (En,Fr,De,Es,It,Sv,No,Da,Fi)|Platform|4C8F6FDC
Open Season (Europe) (En,Fr,Es,Nl)|Platform|51B0A94B
Open Season (USA) (En,Fr,Es)|Platform|E6A1D5B2
Over the Hedge (Europe)|Platform|C7023309
Over the Hedge (USA)|Platform|5F3A7BB7
Over the Hedge - Beesten bij de Buren (Netherlands)|Platform|CF0F07C7
Over the Hedge - Hammy Goes Nuts! (Europe) (En,Fr,De,Es,It,Nl)|Platform|8F1B100D
Over the Hedge - Hammy Goes Nuts! (USA)|Platform|B9D4E9E7
Ozzy & Drix (USA)|Platform|D7245280
Pac-Man World 2 (Europe) (En,Fr,De,Es,It)|Platform|A45EB4D2
Pac-Man World 2 (USA)|Platform|814A7D33
Peter Pan - Return to Neverland (Europe) (En,Fr,De,Es,It,Nl)|Platform|BE7D574C
Peter Pan - Return to Neverland (Europe) (En,Fr,De,Es,It,Nl) (Rev 1)|Platform|4C682CC3
Peter Pan - Return to Neverland (USA)|Platform|4CAFCCBD
Phil of the Future (USA)|Platform|E199E132
Piglet's Big Game (Europe) (En,Fr,De,Es,It,Nl)|Platform|FF5C9636
Piglet's Big Game (USA)|Platform|52919538
Pink Panther - Pinkadelic Pursuit (Europe) (En,Fr,De,Es,It)|Platform|8859B808
Pink Panther - Pinkadelic Pursuit (USA)|Platform|1762A578
Pinky and the Brain - The Masterplan (Europe) (En,Fr,De,Es,It)|Platform|FF7D5F62
Pinobee & Phoebee (Japan)|Platform|E989A4AE
Pinobee - Wings of Adventure (USA, Europe)|Platform|D9385207
Pinobee no Daibouken (Japan)|Platform|FEBF9045
Pitfall - L'Expedition Perdue (France)|Platform|846F43F3
Pitfall - The Lost Expedition (Europe)|Platform|DC6512D6
Pitfall - The Lost Expedition (USA)|Platform|5C11DC26
Pitfall - The Mayan Adventure (USA, Europe)|Platform|2CEDBB31
Popeye - Rush for Spinach (USA, Europe) (En,Fr,De,Es,It)|Platform|CFFC52DD
Postman Pat and the Greendale Rocket (Europe) (En,No,Da)|Platform|566CF164
Power Rangers - Wild Force (USA, Europe)|Platform|54C31AFB
Powerpuff Girls, The - Him and Seek (Europe) (En,Fr,De,Es)|Platform|0BFED765
Powerpuff Girls, The - Him and Seek (USA)|Platform|4D22B35E
Prehistorik Man (USA) (En,Fr,De,Es,It,Nl) (Beta)|Platform|ABB50D93
Prehistorik Man (USA, Europe) (En,Fr,De,Es,It,Nl)|Platform|0D3B922B
Proud Family, The (USA)|Platform|C92BDE6E
Ratatouille (Europe) (En,It,Sv,No,Da)|Platform|82F9C596
Ratatouille (Europe) (Es,Pt)|Platform|7A80B515
Ratatouille (Europe) (Fr,De,Nl)|Platform|5C48C362
Ratatouille (USA)|Platform|AA2EB686
Rayman - Hoodlum's Revenge (USA) (En,Fr,Es)|Platform|025A9998
Rayman - Hoodlums' Revenge (Europe) (En,Fr,De,Es,It,Nl)|Platform|C221C419
Rayman - Raving Rabbids (Europe) (En,Fr,De,Es,It,Nl)|Platform|9914DA23
Rayman - Raving Rabbids (USA) (En,Fr,Es)|Platform|751EF0D2
Rayman 3 (Europe) (En,Fr,De,Es,It,Nl,Sv,No,Da,Fi)|Platform|29F83314
Rayman 3 (Europe) (En,Fr,De,Es,It,Nl,Sv,No,Da,Fi) (Beta)|Platform|8F34B14F
Rayman 3 (USA) (En,Fr,Es)|Platform|D1613266
Rayman Advance (Europe) (En,Fr,De,Es,It)|Platform|B43783B4
Rayman Advance (Europe) (En,Fr,De,Es,It) (Beta)|Platform|4B1B4E02
Rayman Advance (USA) (En,Fr,De,Es,It)|Platform|8ABA5AB8
Razmoket Rencontrent les Delajungle, Les (France)|Platform|720B7FF2
Revenge of Shinobi, The (Europe) (En,Fr,De,Es,It)|Platform|DDB4496A
Revenge of Shinobi, The (Europe) (En,Fr,De,Es,It) (Beta)|Platform|58A3F0E1
Revenge of Shinobi, The (USA)|Platform|E9339304
Rocket Power - Beach Bandits (USA) (v0.14) (Beta)|Platform|D3755452
Rocket Power - Beach Bandits (USA, Europe)|Platform|13695669
Rockman & Forte (Japan)|Platform|CE2B48C4
Rockman Zero (Japan)|Platform|FF2A67B1
Rockman Zero 2 (Japan)|Platform|9B5C8A4C
Rockman Zero 3 (Japan)|Platform|5A2C41A9
Rockman Zero 4 (Japan)|Platform|ECE42D0E
Rugrats - Go Wild (USA, Europe)|Platform|52A33375
Sabre Wulf (Europe) (En,Fr,De)|Platform|9E3EAB8D
Sabre Wulf (USA)|Platform|73787A16
Sabrina - The Teenage Witch - Potion Commotion (Europe) (En,Fr,De,Es,It,Nl)|Platform|CAA8225B
Sabrina - The Teenage Witch - Potion Commotion (USA) (En,Fr,Es)|Platform|A39EDD2F
Samurai Jack - The Amulet of Time (USA, Europe)|Platform|B250366C
Santa Claus Jr. Advance (Europe)|Platform|FE3E6769
Santa Claus Jr. Advance (Europe) (Beta)|Platform|38D896BD
Santa Claus Saves the Earth (Europe)|Platform|49E012A8
Santa Clause 3, The - The Escape Clause (USA)|Platform|206933F5
Scooby-Doo (Europe)|Platform|E5AC4BB9
Scooby-Doo (France)|Platform|CEEFC038
Scooby-Doo (Germany)|Platform|03A07291
Scooby-Doo (Spain)|Platform|E5261946
Scooby-Doo (USA)|Platform|22D993C6
Scooby-Doo! - Unmasked (Europe) (En,Fr)|Platform|D21B8344
Scooby-Doo! - Unmasked (Europe) (Es,It)|Platform|AF42F90F
Scooby-Doo! - Unmasked (USA) (En,Fr)|Platform|96BDD6C1
Scorpion King, The - Sword of Osiris (Europe) (En,Fr,De,Es,It)|Platform|D5410D32
Scorpion King, The - Sword of Osiris (USA)|Platform|6E0A8585
Screw Breaker - Goushin DoriRureRo (Japan)|Platform|B17532EE
Secret Agent Barbie - Royal Jewels Mission (Europe) (En,Fr,De,Es,It)|Platform|DA3133C3
Secret Agent Barbie - Royal Jewels Mission (USA)|Platform|610913E0
Shin chan - Aventuras en Cineland (Spain)|Platform|769A7666
Shrek - Reekin' Havoc (Europe) (En,Fr,De,Es,It,Nl)|Platform|1E4D4813
Shrek - Reekin' Havoc (USA) (En,Fr,De,Es,It,Nl)|Platform|63F49BA9
Shrek 2 (Europe) (Fr,De,Es,It,Sv)|Platform|AC1D8C97
Shrek 2 (USA, Europe)|Platform|52FF42D4
Sitting Ducks (Europe) (En,Fr,De,Es,It,Nl)|Platform|B92A8A88
Sitting Ducks (USA) (En,Fr,De,Es,It,Nl)|Platform|8BC90ADB
Sky Dancers - They Magically Fly! (Europe) (En,Fr,De,Es,It)|Platform|3AF1063B
Sky Dancers - They Magically Fly! (USA)|Platform|CADD57DD
Soccer Kid (USA, Europe)|Platform|D3485F5A
Sonic Advance (Europe) (En,Ja,Fr,De,Es)|Platform|6232839B
Sonic Advance (Japan) (En,Ja)|Platform|5F512223
Sonic Advance (Japan) (En,Ja) (Rev 1)|Platform|85957A24
Sonic Advance (USA) (En,Ja)|Platform|63F70FD8
Sonic Advance 2 (Europe) (En,Ja,Fr,De,Es,It)|Platform|89509891
Sonic Advance 2 (Japan) (En,Ja,Fr,De,Es,It)|Platform|513804FF
Sonic Advance 2 (USA) (En,Ja,Fr,De,Es,It)|Platform|7EFEE7F7
Sonic Advance 3 (Europe) (En,Ja,Fr,De,Es,It)|Platform|5BF83456
Sonic Advance 3 (Europe) (En,Ja,Fr,De,Es,It) (Beta)|Platform|4C93DAC6
Sonic Advance 3 (Japan) (En,Ja,Fr,De,Es,It)|Platform|4375F1D6
Sonic Advance 3 (USA) (En,Ja,Fr,De,Es,It)|Platform|49DDA5E6
Sonic The Hedgehog - Genesis (USA)|Platform|027BC70D
Spider-Man (France)|Platform|832EA2B1
Spider-Man (Germany)|Platform|E9D9B35F
Spider-Man (USA, Europe)|Platform|406265B8
Spider-Man - Battle for New York (Europe) (En,Fr,De,Es,It)|Platform|AD2C404C
Spider-Man - Battle for New York (USA)|Platform|6310BA16
Spider-Man - Mysterio no Kyoui (Japan)|Platform|F8125C4B
Spider-Man - Mysterio's Menace (USA, Europe)|Platform|6E135B4D
Spider-Man 2 (Europe) (En,Fr,De,Es)|Platform|821838BC
Spider-Man 2 (Italy)|Platform|66340F23
Spider-Man 2 (USA, Europe)|Platform|0145F3F4
Spirit - Der Wilde Mustang - Auf der Suche nach Homeland (Germany)|Platform|4785EEE0
Spirit - Der Wilde Mustang - Auf der Suche nach Homeland (Germany) (Beta)|Platform|CAAAEFB6
Spirit - L'Etalon des Plaines - A la Recherche de la Terre Natale (France)|Platform|C8C76255
Spirit - Stallion of the Cimarron - Search for Homeland (Europe)|Platform|AEE21783
Spirit - Stallion of the Cimarron - Search for Homeland (USA)|Platform|9A457633
Spirits & Spells (USA)|Platform|2FA6DB95
SpongeBob SquarePants - Battle for Bikini Bottom (Europe) (En,Fr,De)|Platform|DE4A85C0
SpongeBob SquarePants - Battle for Bikini Bottom (USA)|Platform|235628C3
SpongeBob SquarePants - Creature from the Krusty Krab (Europe) (En,Fr,De,Es,It,Nl,Sv,Da)|Platform|7580FBD6
SpongeBob SquarePants - Creature from the Krusty Krab (USA)|Platform|51CE91D6
SpongeBob SquarePants - Revenge of the Flying Dutchman (USA) (Beta)|Platform|4F21757D
SpongeBob SquarePants - Revenge of the Flying Dutchman (USA, Europe)|Platform|30D6C979
SpongeBob SquarePants - SuperSponge (USA, Europe)|Platform|98AD67E6
SpongeBob SquarePants Movie, The (Europe) (En,Fr,De,Es,It,Nl)|Platform|5D9D52DE
SpongeBob SquarePants Movie, The (USA)|Platform|3622DA11
SpongeBob SquarePants Movie, The (USA) (Beta 1)|Platform|DF3D16A1
SpongeBob SquarePants Movie, The (USA) (Beta 2)|Platform|E1068687
SpongeBob SquarePants and Friends Unite! (Europe) (En,Fr,De,Es,It)|Platform|611CC620
SpongeBob and Friends - Attack of the Toybots (Europe) (En,De)|Platform|F0B0F53C
Spy Kids 3-D - Game Over (Europe)|Platform|A93601F5
Spy Kids 3-D - Game Over (USA)|Platform|96128B31
Spy Kids Challenger (USA)|Platform|E8227E41
Spyro - Attack of the Rhynocs (USA)|Platform|13F10A1E
Spyro - Season of Ice (Europe) (En,Fr,De,Es,It)|Platform|AFD25827
Spyro - Season of Ice (USA)|Platform|2F2389D2
Spyro 2 - Season of Flame (Europe) (En,Fr,De,Es,It)|Platform|104B4CAA
Spyro 2 - Season of Flame (USA)|Platform|37E120E7
Spyro Advance (Japan)|Platform|42DD5DD9
Spyro Advance - Wakuwaku Tomodachi Daisakusen! (Japan)|Platform|91A9E2CC
Spyro Adventure (Europe) (En,Fr,De,Es,It,Nl)|Platform|1F62D660
Spyro Fusion (Europe) (En,Fr,De,Es,It)|Platform|E53BA082
Spyro Orange - The Cortex Conspiracy (USA)|Platform|A9915BAF
Spyro Orange - The Cortex Conspiracy (USA) (Rev 1)|Platform|BBF2549D
Star Wars - The New Droid Army (Europe) (En,Fr,De,Es)|Platform|677854AF
Star Wars - The New Droid Army (USA)|Platform|59C52F98
Stuart Little 2 (France)|Platform|0827D896
Stuart Little 2 (USA, Europe)|Platform|6EB7C688
Super Donkey Kong (Japan)|Platform|2206B04D
Super Donkey Kong 2 (Japan)|Platform|27A1CC75
Super Donkey Kong 3 (Japan)|Platform|4DCF6E20
Super Ghouls'n Ghosts (USA) (Virtual Console)|Platform|E279EC31
Super Ghouls'n Ghosts (USA, Europe)|Platform|1EF2ACF3
Super Mario Advance (USA) (Demo) (Kiosk)|Platform|69924CBD
Super Mario Advance (USA) (Virtual Console)|Platform|5251F2BF
Super Mario Advance (USA, Europe)|Platform|1E4C6D6A
Super Mario Advance - Super Mario USA + Mario Brothers (Japan)|Platform|B993B92F
Super Mario Advance 2 - Super Mario World (Europe) (En,Fr,De,Es)|Platform|FCFEF343
Super Mario Advance 2 - Super Mario World (USA, Australia)|Platform|5206880A
Super Mario Advance 2 - Super Mario World + Mario Brothers (Japan)|Platform|901CE373
Super Mario Advance 3 - Yoshi's Island (Europe) (En,Fr,De,Es,It)|Platform|639E9D3B
Super Mario Advance 3 - Yoshi's Island (USA)|Platform|40A48276
Super Mario Advance 3 - Yoshi's Island (USA) (Wii U VC)|Platform|3D803E41
Super Mario Advance 3 - Yoshi's Island + Mario Brothers (Japan)|Platform|26321120
Super Mario Advance 4 - Super Mario 3 + Mario Brothers (Japan)|Platform|F3C87306
Super Mario Advance 4 - Super Mario 3 + Mario Brothers (Japan) (Rev 1)|Platform|5A676424
Super Mario Advance 4 - Super Mario 3 + Mario Brothers (Japan) (Rev 2)|Platform|7B1A4C22
Super Mario Advance 4 - Super Mario Bros. 3 (Europe) (En,Fr,De,Es,It)|Platform|37141F32
Super Mario Advance 4 - Super Mario Bros. 3 (Europe) (En,Fr,De,Es,It) (Rev 1)|Platform|8D84ACFC
Super Mario Advance 4 - Super Mario Bros. 3 (USA)|Platform|A44BA79F
Super Mario Advance 4 - Super Mario Bros. 3 (USA) (Virtual Console)|Platform|D4C13AC3
Super Mario Advance 4 - Super Mario Bros. 3 (USA, Australia) (Rev 1)|Platform|88DAB27F
Super Mario Bros. (Japan) (Hot Mario Campaign)|Platform|085B271B
Superman - Countdown to Apokolips (Europe) (En,Fr,De,Es,It)|Platform|2BF26A56
Superman - Countdown to Apokolips (USA)|Platform|43017D47
Tak - The Great Juju Challenge (Europe) (En,Fr,De,Nl)|Platform|4AD90EC1
Tak - The Great Juju Challenge (USA, Europe)|Platform|881C8416
Tak 2 - The Staff of Dreams (Europe) (En,Fr,De,Es,It)|Platform|91DD701D
Tak 2 - The Staff of Dreams (USA)|Platform|8F7EB026
Tak and the Power of Juju (Europe) (En,Fr,De)|Platform|0D483AA6
Tak and the Power of Juju (Europe) (Es,It)|Platform|4D0C3680
Tak and the Power of Juju (USA)|Platform|A9AF1381
Tarzan - L'Appel de la Jungle (France)|Platform|35AB002E
Tarzan - Return to the Jungle (USA, Europe)|Platform|32C6DF3F
Tarzan - Rueckkehr in den Dschungel (Germany)|Platform|59733B26
That's So Raven (USA)|Platform|8E190698
That's So Raven 2 - Supernatural Style (USA) (En,Fr)|Platform|5495CBE1
Tim Burton's The Nightmare Before Christmas - The Pumpkin King (Japan)|Platform|9F16857D
Tim Burton's The Nightmare Before Christmas - The Pumpkin King (USA, Europe) (En,Fr,De,Es,It)|Platform|3C247C14
Tom and Jerry Tales (Europe) (En,Fr,De,Es,It)|Platform|5A8D5736
Tom and Jerry Tales (USA) (En,Fr,Es)|Platform|AF494F20
Tom and Jerry in Infurnal Escape (Europe) (En,Fr,De,Es,It)|Platform|2DB83271
Tom and Jerry in Infurnal Escape (USA)|Platform|11156D88
Totally Spies! (Europe) (En,Fr,De,Es,It,Nl)|Platform|06992F1D
Totally Spies! (USA)|Platform|AAA6E141
Treasure Planet (Europe) (En,Fr,De,Es,It,Nl)|Platform|D52DDCE1
Treasure Planet (Europe) (En,Fr,De,Es,It,Nl) (Rev 1)|Platform|794B2602
Treasure Planet (USA)|Platform|8B14F9EC
Ty the Tasmanian Tiger 2 - Bush Rescue (USA, Europe) (En,Fr,De)|Platform|108C3535
Ultimate Spider-Man (Europe)|Platform|97E1727F
Ultimate Spider-Man (Europe) (Fr,De,Es,It)|Platform|61A74634
Ultimate Spider-Man (USA)|Platform|931E2C18
Vecinos Invasores (Spain)|Platform|96AF60F3
W.i.t.c.h. (Europe) (En,Fr,De,Es,It)|Platform|CA4F6D5D
Waliou Xunbao Ji (China)|Platform|CF7585F1
Wario Land 4 (USA, Europe)|Platform|D6141609
Wario Land Advance (Japan)|Platform|F56EBB7A
Wild, The (USA, Europe) (En,Fr,De,Es)|Platform|DE79EDC3
Winnie the Pooh's Rumbly Tumbly Adventure (Europe) (En,Fr,De,Es,It,Nl)|Platform|E5A97A58
Winnie the Pooh's Rumbly Tumbly Adventure (USA) (En,Fr,Es)|Platform|5B098A68
Woody Woodpecker - Crazy Castle 5 (Japan)|Platform|A3E1E037
Woody Woodpecker in Crazy Castle 5 (Europe) (En,Fr,De)|Platform|092B3DCE
Woody Woodpecker in Crazy Castle 5 (USA)|Platform|B9A3C878
Yaoxi Dao (China)|Platform|9C32A829
Yoshi - Topsy-Turvy (USA)|Platform|E64C265C
Yoshi no Banyuuinryoku (Japan)|Platform|31594B7A
Yoshi's Universal Gravitation (Europe) (En,Fr,De,Es,It)|Platform|05F4D0AA
Zapper (Europe) (En,Fr,De,Es,It)|Platform|8753A1C5
Zapper - One Wicked Cricket! (USA)|Platform|6751A4EF
e-Reader (USA)|Platform|8B27CD67
xXx (France)|Platform|44A77F71
xXx (USA, Europe)|Platform|2B3A2AB2
