Advance Guardian Heroes (Europe) (En,Fr)|RPG|2487B85B
Advance Guardian Heroes (Japan)|RPG|1527CA8C
Advance Guardian Heroes (USA)|RPG|C501917F
Akumajou Dracula - Circle of the Moon (Japan)|RPG|F3E41D73
Back to Stone (Europe) (En,Fr)|RPG|5730C85A
Back to Stone (USA) (En,Fr)|RPG|4C29C9C8
Baldur's Gate - Dark Alliance (Europe) (En,Fr,De,Es,It)|RPG|494492DC
Baldur's Gate - Dark Alliance (USA)|RPG|DEEDD7D9
Battle Network Rockman EXE (Japan)|RPG|D9516E50
Battle Network Rockman EXE 2 (Japan)|RPG|98E4F096
Battle Network Rockman EXE 2 (Japan) (Rev 1)|RPG|41576087
Battle Network Rockman EXE 3 (Japan)|RPG|1C57724E
Battle Network Rockman EXE 3 (Japan) (Rev 1)|RPG|E48E6BC9
Battle Network Rockman EXE 3 - Black (Japan) (Promo)|RPG|1F13C41F
Battle Network Rockman EXE 3 - Black (Japan) (Rev 1)|RPG|FD57493B
Boboboubo Boubobo - 9 Kyoku Senshi Gag Yuugou (Japan)|RPG|0BD9700B
Boktai 2 - Solar Boy Django (Europe) (En,Fr,De,Es,It)|RPG|748189B5
Boktai 2 - Solar Boy Django (USA)|RPG|E1FFB2D1
Bouken Yuuki Pluster World - Densetsu no Plust Gate (Japan)|RPG|57438E39
Bouken Yuuki Pluster World - Densetsu no Plust Gate EX (Japan)|RPG|3F60BF6A
Bouken-ou Beet - Busters Road (Japan)|RPG|1CC42EBC
Breath of Fire (Europe)|RPG|A1C3165D
Breath of Fire (Europe) (En,Fr,De)|RPG|D3660549
Breath of Fire (USA)|RPG|F06422A8
Breath of Fire - Ryuu no Senshi (Japan)|RPG|66E96B35
Breath of Fire II (Europe)|RPG|FF5E8E39
Breath of Fire II (USA)|RPG|6F098DA3
Breath of Fire II - Shimei no Ko (Japan)|RPG|8A824A70
Broken Circle (Europe) (En,It) (Proto)|RPG|E78BC690
CIMA - The Enemy (USA)|RPG|EBD928ED
Car Battler Joe (USA)|RPG|EA0A1B94
Castlevania (Europe)|RPG|611535DC
Castlevania - Akatsuki no Minuet (Japan)|RPG|284E3092
Castlevania - Aria of Sorrow (Europe) (En,Fr,De)|RPG|D0C91F74
Castlevania - Aria of Sorrow (USA)|RPG|35536183
Castlevania - Byakuya no Concerto (Japan)|RPG|379B3248
Castlevania - Circle of the Moon (USA)|RPG|1CC059A4
Castlevania - Harmony of Dissonance (Europe)|RPG|521B3091
Castlevania - Harmony of Dissonance (USA)|RPG|88C1B562
Chinmoku no Iseki - Estpolis Gaiden (Japan)|RPG|2C00B4E6
Classic NES Series - Castlevania (USA)|RPG|CFC1F558
Classic NES Series - Zelda II - The Adventure of Link (USA, Europe)|RPG|F2DC3B09
Croket! 2 - Yami no Bank to Banqueen (Japan)|RPG|8D5E08D5
Cyberdrive Zoids - Kijuu no Senshi Hyuu (Japan)|RPG|0020A2ED
Daisuki Teddy (Japan)|RPG|CBB8CDB8
DemiKids - Dark Version (USA)|RPG|1BAB58BD
DemiKids - Light Version (USA)|RPG|DC4357C4
Disney Princess - Royal Adventure (Europe) (En,Fr,De)|RPG|92C695CC
Disney Princess - Royal Adventure (USA)|RPG|C6AD2251
Dokapon (Europe) (En,Fr,De)|RPG|654DF50E
Dokapon (USA)|RPG|5617E407
Dokapon Q - Monster Hunter! (Japan)|RPG|45B3EDC4
Domo-kun no Fushigi Television (Japan)|RPG|E743C611
Dragon Ball Z - Buu's Fury (USA)|RPG|01C1707F
Dragon Ball Z - The Legacy of Goku (Europe) (En,Fr,De,Es,It)|RPG|CA6E149C
Dragon Ball Z - The Legacy of Goku (USA)|RPG|D47CCFF4
Dragon Ball Z - The Legacy of Goku II (Europe) (En,Fr,De,Es,It)|RPG|20684433
Dragon Ball Z - The Legacy of Goku II (USA)|RPG|204142E1
Dragon Ball Z - The Legacy of Goku II International (Japan)|RPG|B3297D59
Dragon Drive - World D Break (Japan)|RPG|E5A571AD
Dragon Quest Characters - Torneko no Daibouken 2 Advance - Fushigi no Dungeon (Japan)|RPG|2B077791
Dragon Quest Characters - Torneko no Daibouken 3 Advance - Fushigi no Dungeon (Japan)|RPG|C891B2A0
Dragon Quest Monsters - Caravan Heart (Japan)|RPG|3C24ABCC
Dungeons & Dragons - Eye of the Beholder (Europe) (En,Fr,De,Es,It)|RPG|26351555
Dungeons & Dragons - Eye of the Beholder (USA)|RPG|91B16892
Famicom Mini 25 - The Legend of Zelda 2 - Link no Bouken (Japan)|RPG|1CBE712A
Famicom Mini 29 - Akumajou Dracula (Japan)|RPG|012FA057
Final Fantasy IV Advance (Europe) (En,Fr,De,Es,It)|RPG|27F2BC67
Final Fantasy IV Advance (Japan)|RPG|17036E02
Final Fantasy IV Advance (Japan) (Rev 1)|RPG|80F1133B
Final Fantasy IV Advance (USA, Australia)|RPG|FEEEBDE4
Final Fantasy V Advance (Europe) (En,Fr,De,Es,It)|RPG|7197117E
Final Fantasy V Advance (Japan)|RPG|FC7909A7
Final Fantasy V Advance (USA)|RPG|7A24AB0C
Final Fantasy VI Advance (Europe) (En,Fr,De,Es,It)|RPG|D15DEBA5
Final Fantasy VI Advance (Japan)|RPG|D67478FE
Final Fantasy VI Advance (USA)|RPG|D708F5AB
From TV Animation One Piece - Nanatsu-jima no Daihihou (Japan)|RPG|FD4CE9C8
Frontier Stories (Japan)|RPG|4D6BF573
Gegege no Kitarou - Kikiippatsu! Youkai Rettou (Japan)|RPG|7F2B2657
Gekitou! Car Battler Go!! (Japan)|RPG|321B19B6
Gensou Suikoden - Card Stories (Japan)|RPG|5E67AAB4
GetBackers Dakkanya - Jagan Fuuin! (Japan)|RPG|205C9F56
GetBackers Dakkanya - Metropolis Dakkan Sakusen! (Japan)|RPG|91DAD468
Golden Sun (France)|RPG|F6521161
Golden Sun (Germany)|RPG|1053DCE4
Golden Sun (Italy)|RPG|F3128812
Golden Sun (Spain)|RPG|C63008D6
Golden Sun (USA, Europe)|RPG|E1FB68E8
Golden Sun - Die Vergessene Epoche (Germany)|RPG|D981D889
Golden Sun - L'Age Perdu (France)|RPG|1090BD33
Golden Sun - L'Era Perduta (Italy)|RPG|A3E49743
Golden Sun - La Edad Perdida (Spain)|RPG|EE38BA94
Golden Sun - The Lost Age (USA, Europe)|RPG|606A1C4D
Guranbo (Japan)|RPG|CDD2E273
Hagane no Renkinjutsushi - Meisou no Rondo (Japan)|RPG|A8CDA373
Hagane no Renkinjutsushi - Omoide no Sonata (Japan)|RPG|C6144316
Hamtaro - Rainbow Rescue (Europe) (En,Fr,De,Es,It)|RPG|5D051081
Harobots - Robo Hero Battling!! (Japan)|RPG|F54976C8
Hunter X Hunter - Minna Tomodachi Daisakusen!! (Japan)|RPG|AF22A5EA
Initial D - Another Stage (Japan)|RPG|23110A94
Justice League Heroes - The Flash (Europe) (En,Fr,De,Es,It)|RPG|ACB22FFF
Justice League Heroes - The Flash (USA)|RPG|87A4D12C
Kaeru B Back (Japan)|RPG|DE5987BD
Keitai Denjuu Telefang 2 - Power (Japan)|RPG|44DB280E
Keitai Denjuu Telefang 2 - Speed (Japan)|RPG|8F95CA53
Kidou Tenshi Angelic Layer - Misaki to Yume no Tenshi-tachi (Japan)|RPG|B21EE600
Kien (USA) (Proto)|RPG|185C2ECA
Kingdom Hearts - Chain of Memories (Europe) (En,Fr,De,Es,It)|RPG|772D97FB
Kingdom Hearts - Chain of Memories (Japan)|RPG|8D5A0D84
Kingdom Hearts - Chain of Memories (USA)|RPG|D031CE67
Klonoa Heroes - Densetsu no Star Medal (Japan)|RPG|E7EADDCC
Legend of Dynamic Goushouden - Houkai no Rondo (Japan)|RPG|67F18F8E
Little Buster Q (Japan)|RPG|D26E49F8
Lord of the Rings, The - Nakatsukuni Daisanki (Japan)|RPG|CF0534F8
Lord of the Rings, The - The Third Age (USA, Europe) (En,Fr,De,Es,It)|RPG|2DEF3656
Lufia - The Ruins of Lore (USA)|RPG|DE5FFCBC
Lunar Legend (Japan)|RPG|4E044191
Lunar Legend (USA)|RPG|885266A2
Magi Nation (Japan)|RPG|6A94531B
Magical Vacation (Japan)|RPG|59CBE914
Mahou Sensei Negima! - Private Lesson 2 - Ojamashimasuu Parasite de Chuu (Japan)|RPG|6357C53B
Mario & Luigi - Superstar Saga (Europe) (En,Fr,De,Es,It)|RPG|170CC574
Mario & Luigi - Superstar Saga (USA) (Demo) (Kiosk)|RPG|A94B04B2
Mario & Luigi - Superstar Saga (USA, Australia)|RPG|E718D850
Mario & Luigi RPG (Japan)|RPG|4EF93D41
Marvel - Ultimate Alliance (Europe) (En,It)|RPG|C150790F
Marvel - Ultimate Alliance (USA)|RPG|A74294DB
Matantei Loki Ragnarok - Gensou no Labyrinth (Japan)|RPG|31843E8D
Mazes of Fate (USA) (En,Fr,De,Es,It)|RPG|0B725A08
Medabots - Metabee (Europe)|RPG|50927F3E
Medabots - Metabee (Spain)|RPG|7E907EC8
Medabots - Metabee (USA)|RPG|59F208FC
Medabots - Rokusho (Europe)|RPG|A519FEB5
Medabots - Rokusho (Spain)|RPG|046D86C4
Medabots - Rokusho (USA)|RPG|E144DED2
Medarot Navi - Kabuto (Japan)|RPG|15450B63
Medarot Navi - Kuwagata (Japan)|RPG|E83D07D6
Medarot Ni Core - Kabuto (Japan)|RPG|3FCAF2D0
Medarot Ni Core - Kuwagata (Japan)|RPG|285FE485
Mega Man Battle Network (Europe)|RPG|1A7FB4FA
Mega Man Battle Network (USA)|RPG|1D347971
Mega Man Battle Network 2 (Europe)|RPG|66341F3B
Mega Man Battle Network 2 (USA)|RPG|6D961F82
Mega Man Battle Network 3 - Blue (Europe)|RPG|1F036CBA
Mega Man Battle Network 3 - Blue Version (USA)|RPG|C0C780F9
Mega Man Battle Network 3 - Blue Version (USA) (Virtual Console)|RPG|EDD7106E
Mega Man Battle Network 3 - White (Europe)|RPG|23D0A981
Mega Man Battle Network 3 - White Version (USA)|RPG|0BE4410A
Mega Man Battle Network 4 - Blue Moon (Europe)|RPG|48758316
Mega Man Battle Network 4 - Blue Moon (USA)|RPG|758A46E9
Mega Man Battle Network 4 - Red Sun (Europe)|RPG|0CB136C2
Mega Man Battle Network 4 - Red Sun (USA)|RPG|2120695C
Mega Man Battle Network 5 - Team Colonel (Europe)|RPG|8FC8CF73
Mega Man Battle Network 5 - Team Colonel (USA)|RPG|A552F683
Mega Man Battle Network 5 - Team Proto Man (Europe)|RPG|79F45ED8
Mega Man Battle Network 5 - Team Proto Man (USA)|RPG|A73E83A4
Mega Man Battle Network 6 - Cybeast Falzar (Europe)|RPG|13183967
Mega Man Battle Network 6 - Cybeast Falzar (USA)|RPG|DEE6F2A9
Mega Man Battle Network 6 - Cybeast Gregar (Europe)|RPG|25C29EFB
Mega Man Battle Network 6 - Cybeast Gregar (USA)|RPG|79452182
Metal Max 2 Kai (Japan)|RPG|BC1FEAF0
Metal Max 2 Kai (Japan) (Rev 1)|RPG|66725A09
Momotarou Matsuri (Japan) (Rev 1)|RPG|BF0523D1
Monster Gate (Japan)|RPG|5B8AAA03
Monster Gate - Ooinaru Dungeon - Fuuin no Orb (Japan)|RPG|05AC7685
Monster Guardians (Japan)|RPG|93815CDE
Monster Maker 4 - Flash Card (Japan)|RPG|5E2C90AE
Monster Maker 4 - Killer Dice (Japan)|RPG|F77E6ECF
Monster Summoner (Japan)|RPG|F8A085E2
Mother 3 (Japan)|RPG|42AC9CB9
NES Classics - Castlevania (Europe)|RPG|2B510046
Naruto RPG - Uketsugareshi Hi no Ishi (Japan)|RPG|C036D0F0
Naruto RPG - Uketsugareshi Hi no Ishi (Japan) (Rev 1)|RPG|2BF6555A
One Piece - Dragon Dream (Japan)|RPG|08CFF461
One Piece - Ilgop Seomui Debomool (Korea)|RPG|05E56A4D
Onmyou Taisenki Zeroshiki (Japan)|RPG|66C29472
Oriental Blue - Ao no Tengai (Japan)|RPG|05E80ECC
Ougon no Taiyou - Hirakareshi Fuuin (Japan)|RPG|FB96D9DE
Ougon no Taiyou - Ushinawareshi Toki (Japan)|RPG|830B795F
Pirates of the Caribbean - The Curse of the Black Pearl (Europe) (En,Fr,De,Es,It)|RPG|2DF9D7F0
Pirates of the Caribbean - The Curse of the Black Pearl (USA) (En,Fr,De,Es,It)|RPG|8F15BF4C
Pocket Monsters - Emerald (Japan)|RPG|4881F3F8
Pocket Monsters - FireRed (Japan)|RPG|3B2056E9
Pocket Monsters - FireRed (Japan) (Rev 1)|RPG|BB640DF7
Pocket Monsters - LeafGreen (Japan)|RPG|0A48556B
Pocket Monsters - Ruby (Japan)|RPG|CEE9471A
Pocket Monsters - Sapphire (Japan)|RPG|FD1EEB78
Pokemon - Blattgruene Edition (Germany)|RPG|D12F1FDD
Pokemon - Edicion Esmeralda (Spain)|RPG|8C4D3108
Pokemon - Edicion Rojo Fuego (Spain)|RPG|9F08064E
Pokemon - Edicion Rubi (Spain)|RPG|EB0729CF
Pokemon - Edicion Rubi (Spain) (Rev 1)|RPG|B980FFF5
Pokemon - Edicion Verde Hoja (Spain)|RPG|2CA11D59
Pokemon - Edicion Zafiro (Spain)|RPG|A04F5F0B
Pokemon - Edicion Zafiro (Spain) (Rev 1)|RPG|F2C88931
Pokemon - Emerald Version (USA, Europe)|RPG|1F1C08FB
Pokemon - Feuerrote Edition (Germany)|RPG|1A81EEDF
Pokemon - FireRed Version (USA)|RPG|DD88761C
Pokemon - FireRed Version (USA, Europe) (Rev 1)|RPG|84EE4776
Pokemon - LeafGreen Version (USA)|RPG|D69C96CC
Pokemon - LeafGreen Version (USA, Europe) (Rev 1)|RPG|DAFFECEC
Pokemon - Rubin-Edition (Germany)|RPG|15E1E280
Pokemon - Rubin-Edition (Germany) (Debug Version)|RPG|40686C47
Pokemon - Rubin-Edition (Germany) (Rev 1)|RPG|CAE89464
Pokemon - Ruby Version (Europe) (Rev 1)|RPG|61641576
Pokemon - Ruby Version (USA)|RPG|F0815EE7
Pokemon - Ruby Version (USA, Europe) (Rev 2)|RPG|AEAC73E6
Pokemon - Saphir-Edition (Germany)|RPG|6FCD7A98
Pokemon - Saphir-Edition (Germany) (Rev 1)|RPG|B0C40C7C
Pokemon - Sapphire Version (Europe) (Rev 1)|RPG|BAFEDAE5
Pokemon - Sapphire Version (USA)|RPG|554DEDC4
Pokemon - Sapphire Version (USA, Europe) (Rev 2)|RPG|9CC4410E
Pokemon - Smaragd-Edition (Germany)|RPG|34C9DF89
Pokemon - Version Emeraude (France)|RPG|A3FDCCB1
Pokemon - Version Rouge Feu (France)|RPG|5DC668F6
Pokemon - Version Rubis (France)|RPG|690FD310
Pokemon - Version Rubis (France) (Rev 1)|RPG|9F981F72
Pokemon - Version Saphir (France)|RPG|3581A05F
Pokemon - Version Saphir (France) (Rev 1)|RPG|2AE49146
Pokemon - Version Vert Feuille (France)|RPG|BA3285E3
Pokemon - Versione Rosso Fuoco (Italy)|RPG|73A72167
Pokemon - Versione Rubino (Italy)|RPG|C18231A9
Pokemon - Versione Rubino (Italy) (Rev 1)|RPG|9305E793
Pokemon - Versione Smeraldo (Italy)|RPG|A0AEC80A
Pokemon - Versione Verde Foglia (Italy)|RPG|16974506
Pokemon - Versione Zaffiro (Italy)|RPG|0C7992A9
Pokemon - Versione Zaffiro (Italy) (Rev 1)|RPG|5EFE4493
Pokemon Fushigi no Dungeon - Aka no Kyuujotai (Japan)|RPG|1A1BAA50
Pokemon Mystery Dungeon - Red Rescue Team (Europe) (En,Fr,De,Es,It)|RPG|C1D18FE4
Pokemon Mystery Dungeon - Red Rescue Team (USA) (Demo) (Kiosk)|RPG|F12F908E
Pokemon Mystery Dungeon - Red Rescue Team (USA, Australia)|RPG|DD0AC86C
RPG Tsukuru Advance (Japan)|RPG|E7FC81D0
Riviera - The Promised Land (USA)|RPG|4FB6958D
Riviera - Yakusoku no Chi Riviera (Japan)|RPG|F73B840F
Robopon 2 - Cross Version (USA)|RPG|68D3023A
Robopon 2 - Ring Version (USA)|RPG|CA73E17A
Robot Poncots 2 - Cross Version (Japan)|RPG|0C6F2B1B
Robot Poncots 2 - Ring Version (Japan)|RPG|6002159C
Rockman EXE 4 - Tournament Blue Moon (Japan)|RPG|ED7C5B50
Rockman EXE 4 - Tournament Red Sun (Japan)|RPG|6A51907D
Rockman EXE 4 - Tournament Red Sun (Japan) (Rev 1)|RPG|CF0E8B05
Rockman EXE 4.5 - Real Operation (Japan)|RPG|A646601B
Rockman EXE 5 - Team of Blues (Japan)|RPG|C73F23C0
Rockman EXE 5 - Team of Colonel (Japan)|RPG|16842635
Rockman EXE 6 - Dennoujuu Falzar (Japan)|RPG|2DFB603E
Rockman EXE 6 - Dennoujuu Gregar (Japan)|RPG|6285918A
Samsara Naga 1x2 (Japan)|RPG|68076B62
Samsara Naga 1x2 (Japan) (Rev 2)|RPG|B3780A4F
Samurai Evolution - Oukoku Geist (Japan)|RPG|C0F54C65
Sengoku Kakumei Gaiden (Japan)|RPG|3DD25FD7
Shaman King - Master of Spirits 2 (Europe) (En,Fr,De)|RPG|4A74E038
Shaman King - Master of Spirits 2 (USA)|RPG|201E3412
Shaman King Card Game - Chou Senjiryakketsu 3 (Japan)|RPG|2BCF66D4
Shin Bokura no Taiyou - Gyakushuu no Sabata (Japan)|RPG|AF453162
Shin Megami Tensei (Japan)|RPG|B857C3C5
Shin Megami Tensei Devil Children - Hikari no Sho (Japan)|RPG|5D7EE5AF
Shin Megami Tensei Devil Children - Honoo no Sho (Japan)|RPG|9A0903BC
Shin Megami Tensei Devil Children - Koori no Sho (Japan)|RPG|AD80D5F9
Shin Megami Tensei Devil Children - Yami no Sho (Japan)|RPG|E0E153B7
Shin Megami Tensei II (Japan)|RPG|AF40CC99
Shingata Medarot - Kabuto Version (Japan)|RPG|54AF534D
Shingata Medarot - Kuwagata Version (Japan)|RPG|0FD35628
Shining Soul (Europe) (En,Fr,De,Es,It)|RPG|74B5D069
Shining Soul (Japan)|RPG|521450D1
Shining Soul (USA)|RPG|E95BBA0C
Shining Soul II (Europe) (En,Fr,De,Es,It)|RPG|55E503C1
Shining Soul II (Japan)|RPG|7B39A7B2
Shining Soul II (USA)|RPG|4038E282
Shinyaku Seiken Densetsu (Japan)|RPG|31B220E5
Sigma Star Saga (USA, Europe)|RPG|A8B80A7C
Snap Kid's (Japan)|RPG|41E35C6A
Summon Night - Craft Sword Monogatari (Japan)|RPG|A5D38236
Summon Night - Craft Sword Monogatari - Hajimari no Ishi (Japan)|RPG|12AFAE5D
Summon Night - Craft Sword Monogatari 2 (Japan)|RPG|8CD98F6F
Summon Night - Swordcraft Story (USA)|RPG|3EA860C2
Summon Night - Swordcraft Story 2 (USA)|RPG|1EAC1F48
Sword of Mana (Europe)|RPG|88E64A8A
Sword of Mana (Europe) (Es,It)|RPG|11A0AF49
Sword of Mana (Europe) (Fr,De)|RPG|5EE17ED1
Sword of Mana (USA, Australia)|RPG|7F1EAC75
Sylvanian Families - Fashion Designer ni Naritai! - Kurumi-risu no Onnanoko (Japan)|RPG|58DC532E
Sylvanian Families - Yousei no Stick to Fushigi no Ki - Marron-inu no Onnanoko (Japan)|RPG|00911694
Sylvanian Families 4 - Meguru Kisetsu no Tapestry (Japan)|RPG|3BFBF110
Tales of Phantasia (Europe) (En,Fr,De,Es,It)|RPG|FA172A4A
Tales of Phantasia (Japan)|RPG|D08819C1
Tales of Phantasia (USA, Australia)|RPG|01A0FCA8
Tales of the World - Narikiri Dungeon 2 (Japan)|RPG|231B9FCA
Tales of the World - Narikiri Dungeon 3 (Japan)|RPG|1867CCEF
Tottoko Hamutarou 4 - Nijiiro Daikoushin Dechu (Japan)|RPG|1B6E5617
Vattroller X (Japan)|RPG|E368A67A
Wizardry Summoner (Japan)|RPG|71695A71
Youkaidou (Japan)|RPG|2A4A92B4
Zero-Tours (Japan)|RPG|DE7C1AE8
Zoids Legacy (USA)|RPG|302E75F3
Zoids Saga (Japan)|RPG|5975DDA8
Zoids Saga Fuzors (Japan)|RPG|094E16AD
Zoids Saga II (Japan)|RPG|0C039503
Zoku Bokura no Taiyou - Taiyou Shounen Django (Japan)|RPG|2804E589
Zoku Bokura no Taiyou - Taiyou Shounen Django (Japan) (Rev 1)|RPG|71E2CD01
