Bill Elliott's NASCAR Fast Tracks (USA)|Racing / Driving|71CF43CE
Chase H.Q. (USA, Europe)|Racing / Driving|67A45D19
Chiki Chiki Machine Mou Race (Japan)|Racing / Driving|7E40044A
Days of Thunder (USA, Europe)|Racing / Driving|35D9BE0E
Dead Heat Scramble (Japan)|Racing / Driving|A8301BDD
Dead Heat Scramble (USA)|Racing / Driving|9E3E3656
Dirty Racing (Japan)|Racing / Driving|43AF45B1
Doraemon Kart (Japan) (SGB Enhanced)|Racing / Driving|DD4E588F
F-1 Race (World)|Racing / Driving|7E4FEBDF
F-1 Race (World) (Rev A)|Racing / Driving|AB83BD70
F-1 Spirit (Japan)|Racing / Driving|F9E08783
F1 Boy (Japan)|Racing / Driving|FAC1F53B
F1 Pole Position (USA, Europe)|Racing / Driving|AABE61BB
Fastest Lap (Japan, USA)|Racing / Driving|59285F0A
Ferrari (Japan)|Racing / Driving|A7BDFEC8
Ferrari Grand Prix Challenge (USA, Europe)|Racing / Driving|ED6771DB
Head On (Japan)|Racing / Driving|78830DAF
Initial D Gaiden (Japan) (SGB Enhanced)|Racing / Driving|6CC56612
Jeep Jamboree (USA)|Racing / Driving|A1E76A33
Kamen Rider SD - Hashire! Mighty Riders (Japan)|Racing / Driving|71C804B3
Kattobi Road (Japan)|Racing / Driving|EFBC23FC
Lamborghini American Challenge (USA, Europe)|Racing / Driving|675E1309
Mach Go Go Go (Japan) (SGB Enhanced)|Racing / Driving|016D230B
Micro Machines (USA, Europe)|Racing / Driving|2088F85F
Micro Machines 2 - Turbo Tournament (Europe)|Racing / Driving|24666C4D
Midori no Makibaou (Japan) (SGB Enhanced)|Racing / Driving|1DD93D95
Monster Race (Japan) (SGB Enhanced)|Racing / Driving|C191BD66
Monster Truck (Japan)|Racing / Driving|ABF9B517
Monster Truck Wars (USA, Europe)|Racing / Driving|186C109B
Motocross Maniacs (Europe)|Racing / Driving|E2697678
Motocross Maniacs (Europe) (Rev A)|Racing / Driving|F867EE3B
Motocross Maniacs (Japan)|Racing / Driving|DA6053C3
Motocross Maniacs (USA)|Racing / Driving|318DBDE1
Nakajima Satoru - F-1 Hero GB - World Championship '91 (Japan)|Racing / Driving|E00EBC44
Nakajima Satoru Kanshuu - F-1 Hero GB '92 - The Graded Driver (Japan)|Racing / Driving|B6EF042E
Nigel Mansell's World Championship (Europe)|Racing / Driving|E1B202DB
Nigel Mansell's World Championship (USA)|Racing / Driving|03E84D7D
Nigel Mansell's World Championship Racing (Europe)|Racing / Driving|0D0958A3
Out of Gas (USA)|Racing / Driving|1B67E8B1
Power Racer (Europe)|Racing / Driving|CF8AEEE8
Power Racer (USA)|Racing / Driving|AFC6A949
Race Drivin' (USA, Europe)|Racing / Driving|6775CCD6
Racing Damashii (Japan)|Racing / Driving|796FBB66
Road Rash (USA, Europe)|Racing / Driving|88EDC83D
Road Rash (USA, Europe) (Beta)|Racing / Driving|4F09238A
Roadster (Japan)|Racing / Driving|04453E78
Spirit of F-1, The (Europe)|Racing / Driving|2B795480
Street Racer (Japan)|Racing / Driving|5BBACAA8
Street Racer (USA, Europe)|Racing / Driving|FCFB4CE4
Sunsoft Grand Prix (Europe)|Racing / Driving|8C5DEE4D
Super Chase H.Q. (USA, Europe)|Racing / Driving|630E0E00
Super Off Road (USA, Europe)|Racing / Driving|3E2810BE
Super R.C. Pro-Am (USA, Europe)|Racing / Driving|7960F33F
Suzuki Aguri no F-1 Super Driving (Japan)|Racing / Driving|E82692D9
Taito Chase H.Q. (Japan)|Racing / Driving|C58BB4F5
V-Rally - Championship Edition (Europe) (En,Fr,De)|Racing / Driving|D149652B
Wave Race (USA, Europe)|Racing / Driving|A6595506
World Circuit Series (USA)|Racing / Driving|77C3AA0B
