Ballistic (USA)|Puzzle|A9050F72
Blue's Clues - Blue's Alphabet Book (USA)|Puzzle|748D1345
Bust-A-Move 4 (USA, Europe)|Puzzle|8E818E6F
Bust-A-Move Millennium (USA, Europe)|Puzzle|F8DA0C4A
Columns GB - Tezuka Osamu Characters (Japan) (SGB Enhanced)|Puzzle|FBE5DE37
Cool Bricks (Europe) (En,Fr,De,Es,It)|Puzzle|04FE7790
Denki Blocks! (Europe) (En,Fr,De,Es,It)|Puzzle|38F00974
DynaMike (Europe) (Proto)|Puzzle|53C069E9
Glocal Hexcite (Japan) (SGB Enhanced)|Puzzle|F1908391
Goraku Ou Tango! (Japan)|Puzzle|81FB43E1
Hamster Club - Awasete Chuu (Japan)|Puzzle|D56D68FF
Hanasaka Tenshi Tenten-kun no Beat Breaker (Japan) (SGB Enhanced)|Puzzle|6E988C07
Hello Kitty no Beads Factory (Japan) (SGB Enhanced)|Puzzle|12F74CD4
Hello Kitty no Magical Museum (Japan) (SGB Enhanced)|Puzzle|F6768930
Hello Kitty's Cube Frenzy (USA)|Puzzle|937729F6
Hexcite - The Shapes of Victory (USA, Europe) (SGB Enhanced)|Puzzle|84084E5F
Kaept'n Blaubaer - Die verrueckte Schatzsuche (Germany)|Puzzle|77E13DBE
Kanji Boy 2 (Japan) (SGB Enhanced)|Puzzle|81FD8918
Kanji de Puzzle (Japan)|Puzzle|25EFA1D7
Karamuchou wa Oosawagi! - Okawari! (Japan) (NP, SGB Enhanced)|Puzzle|6C568E06
Keep the Balance (Europe) (En,Fr,De,Es,It)|Puzzle|B868E846
Klax (USA, Europe)|Puzzle|7181CBD0
Klustar (Europe) (En,Fr,De,Es,It)|Puzzle|577E1521
Klustar (USA)|Puzzle|3F8D6041
Lemmings (USA)|Puzzle|97E5CE2F
Little Magic (Japan)|Puzzle|CA38283D
Lode Runner - Domudomu Dan no Yabou (Japan)|Puzzle|ECEAB84E
Logical (Europe)|Puzzle|5EEE76C4
Logical (USA)|Puzzle|D67275F7
Loppi Puzzle Magazine - Hirameku Puzzle Dai-2-gou (Japan) (NP, SGB Enhanced)|Puzzle|29E193C5
Loppi Puzzle Magazine - Hirameku Puzzle Dai-2-gou (Japan) (Rev A) (NP, SGB Enhanced)|Puzzle|D54D5836
Loppi Puzzle Magazine - Hirameku Puzzle Dai-3-gou (Japan) (NP, SGB Enhanced)|Puzzle|E078D9F8
Loppi Puzzle Magazine - Hirameku Puzzle Dai-3-gou (Japan) (Rev A) (NP, SGB Enhanced)|Puzzle|065A3BF5
Loppi Puzzle Magazine - Hirameku Puzzle Soukangou (Japan) (NP, SGB Enhanced)|Puzzle|C0287CF2
Loppi Puzzle Magazine - Hirameku Puzzle Soukangou (Japan) (Rev A) (NP, SGB Enhanced)|Puzzle|267B5253
Loppi Puzzle Magazine - Kangaeru Puzzle Dai-2-gou (Japan) (NP, SGB Enhanced)|Puzzle|D457CC6C
Loppi Puzzle Magazine - Kangaeru Puzzle Dai-2-gou (Japan) (Rev A) (NP, SGB Enhanced)|Puzzle|A30AD68D
Loppi Puzzle Magazine - Kangaeru Puzzle Dai-3-gou (Japan) (NP, SGB Enhanced)|Puzzle|3EF25533
Loppi Puzzle Magazine - Kangaeru Puzzle Dai-3-gou (Japan) (Rev A) (NP, SGB Enhanced)|Puzzle|9C932F0D
Loppi Puzzle Magazine - Kangaeru Puzzle Soukangou (Japan) (NP, SGB Enhanced)|Puzzle|094FFD1E
Loppi Puzzle Magazine - Kangaeru Puzzle Soukangou (Japan) (Rev A) (NP, SGB Enhanced)|Puzzle|8019C6F5
Luca no Puzzle de Daibouken! (Japan) (SGB Enhanced)|Puzzle|3AEBFAD8
Magical Drop (Europe) (En,Fr,De)|Puzzle|EA9EE203
Magical Drop (USA)|Puzzle|E4188A79
Magical Tetris Challenge (Europe) (En,Fr,De,Es,It,Nl,Sv)|Puzzle|0A421839
Magical Tetris Challenge (Europe) (En,Fr,De,Es,It,Nl,Sv) (Rev A)|Puzzle|C82BE2F4
Magical Tetris Challenge (USA)|Puzzle|F53CF66C
Marble Madness (USA, Europe)|Puzzle|4EC78785
Maus, Die (Europe) (En,Fr,De,Es)|Puzzle|E7BD4A49
Microsoft - The 6 in 1 Puzzle Collection Entertainment Pack (Europe) (En,Fr,De,Es,It)|Puzzle|EE4CBA24
Microsoft - The 6 in 1 Puzzle Collection Entertainment Pack (USA)|Puzzle|0777B8D7
Microsoft - The Best of Entertainment Pack (Europe)|Puzzle|0F02D708
Microsoft - The Best of Entertainment Pack (USA)|Puzzle|D2D88CFA
Mr. Driller (Europe)|Puzzle|BDF9B05C
Mr. Driller (Japan)|Puzzle|773729AF
Mr. Driller (USA)|Puzzle|492C0EBF
Pocket Puyo Puyo Sun (Japan) (SGB Enhanced)|Puzzle|45661EC3
Pocket Puyo Puyo-n (Japan)|Puzzle|870DB337
Pokemon Puzzle Challenge (Europe) (En,Fr,De,Es,It)|Puzzle|8206B1CE
Pokemon Puzzle Challenge (USA)|Puzzle|D06BBA96
Pokemon de Panepon (Japan)|Puzzle|6BF7E4A6
Pop'n Pop (Europe)|Puzzle|FC67F7E4
Pop'n Pop (Japan)|Puzzle|1CFFB764
Puchi Carat (Europe) (SGB Enhanced)|Puzzle|A9A89DDA
Puchi Carat (Japan) (SGB Enhanced)|Puzzle|F0D0C36D
Puzz Loop (Japan)|Puzzle|AF858234
Puzzle Bobble 4 (Japan)|Puzzle|79A35284
Puzzle Bobble Millennium (Japan)|Puzzle|00FDED94
Puzzle Master (USA)|Puzzle|06EB7A01
Puzzle de Shoubuyo! Wootama-chan (Japan)|Puzzle|73ED3042
Puzzled (Europe) (En,Fr,De)|Puzzle|15B44D68
Puzzled (USA)|Puzzle|F03FFDAF
QIX Adventure (Europe)|Puzzle|D729DB40
QIX Adventure (Japan)|Puzzle|5ACEA4A9
Rox (Japan)|Puzzle|4BD73D99
Rox (USA, Europe)|Puzzle|2E944775
Swing (Germany)|Puzzle|7041929D
Tetris Adventure - Susume Mickey to Nakama-tachi (Japan)|Puzzle|EAF6E4F2
Tetris DX (World) (SGB Enhanced)|Puzzle|69989152
Toki Tori (USA, Europe) (En,Ja,Fr,De,Es)|Puzzle|0A0F9289
Trouballs (USA)|Puzzle|260EED04
VS Lemmings (Japan)|Puzzle|947D45AE
Wetrix GB (Europe) (En,Fr,De)|Puzzle|9CBFAA3D
Wetrix GB (Japan) (SGB Enhanced)|Puzzle|6215C5B3
Yogi Bear - Great Balloon Blast (USA)|Puzzle|F817E978
