3-pun Yosou - Umaban Club (Japan)|Sports|CAFE0D2B
Aa Harimanada (Japan)|Sports|5BFFCC28
Alien Olympics (Europe)|Sports|583C0E4E
All-Star Baseball 99 (USA)|Sports|D51EE6D3
Aoki Densetsu Shoot! (Japan) (SGB Enhanced)|Sports|08727760
Bakenou TV '94 (Japan) (SGB Enhanced)|Sports|D1C3F371
Bakuchou Retsuden Shou - Hyper Fishing (Japan) (SGB Enhanced)|Sports|AB3477C4
Baseball (World)|Sports|6EEA2526
Baseball Kids (Japan)|Sports|A503CB07
Bases Loaded for Game Boy (USA)|Sports|D37A2FDF
Bass Fishing Tatsujin Techou (Japan)|Sports|7625E5A5
Battle Dodge Ball (Japan)|Sports|A99242C0
Battle Pingpong (Japan)|Sports|7C787BC4
Best of the Best - Championship Karate (Europe)|Sports|D5C3DA1D
Best of the Best - Championship Karate (USA)|Sports|B20280E6
Bikkuri Nekketsu Shin Kiroku! - Dokodemo Kin Medal (Japan)|Sports|86D11D10
Black Bass - Lure Fishing (USA)|Sports|2DB3DACE
Blades of Steel (Europe)|Sports|F7BE0002
Blades of Steel (USA)|Sports|E81C9FB9
Bo Jackson - Two Games in One (USA)|Sports|7EDB78AB
Boxing (Japan)|Sports|EF7E9FA0
Captain Tsubasa J - Zenkoku Seiha e no Chousen (Japan) (SGB Enhanced)|Sports|33A1E1CF
Captain Tsubasa VS (Japan)|Sports|A795E851
Championship Pool (USA)|Sports|EF02BEB6
College Slam (USA)|Sports|A549A572
Dodge Boy (Japan)|Sports|F58DC358
Double Dribble - 5 on 5 (USA)|Sports|EE28749D
Elite Soccer (USA) (SGB Enhanced)|Sports|F54158A6
Extra Bases! (USA)|Sports|19608641
FIFA International Soccer (USA, Europe) (En,Fr,De,Es) (SGB Enhanced)|Sports|E5989908
FIFA Road to World Cup '98 (Europe) (Rev A) (SGB Enhanced)|Sports|8DC0D46C
FIFA Road to World Cup '98 (Europe) (SGB Enhanced)|Sports|CDF6A5AC
FIFA Soccer '96 (USA, Europe) (En,Fr,De,Es) (SGB Enhanced)|Sports|AF4A5DE1
FIFA Soccer '97 (USA, Europe) (SGB Enhanced)|Sports|DCAB906C
Family Jockey (Japan)|Sports|D6EF1450
Family Jockey 2 - Meiba no Kettou (Japan)|Sports|0325E729
Famista (Japan)|Sports|3D3C059E
Famista 2 (Japan)|Sports|241A6E4C
Famista 3 (Japan)|Sports|BDC4CCC3
Football International (Europe)|Sports|6E659690
Foreman for Real (Japan)|Sports|860EA816
Foreman for Real (USA, Europe)|Sports|77083AE0
Frank Thomas Big Hurt Baseball (USA, Europe)|Sports|9A494AE6
From TV Animation Slam Dunk - Gakeppuchi no Kesshou League (Japan) (SGB Enhanced)|Sports|AE478A6F
From TV Animation Slam Dunk 2 - Zenkoku e no Tip Off (Japan) (SGB Enhanced)|Sports|CB35900A
GB Basketball (Japan)|Sports|D9B24D21
George Foreman's KO Boxing (USA, Europe)|Sports|7F62456B
Goal! (Europe)|Sports|533FA979
Goal! (USA)|Sports|00D4CAF2
Golf (World)|Sports|6ED10383
Golf Classic (Europe) (SGB Enhanced)|Sports|A6DADB1E
Grander Musashi RV (Japan) (SGB Enhanced)|Sports|E97F2E9A
HAL Wrestling (USA)|Sports|5E4A61D3
HAL Wrestling (USA) (Beta)|Sports|B02FAA0B
Heavyweight Championship Boxing (USA)|Sports|1526A96B
Higashio Osamu Kanshuu Pro Yakyuu Stadium '91 (Japan)|Sports|420881AE
Higashio Osamu Kanshuu Pro Yakyuu Stadium '92 (Japan)|Sports|71559BA0
Hit the Ice - VHL - The Official Video Hockey League (USA, Europe)|Sports|2C77F399
Honmei Boy (Japan)|Sports|0D255D59
Honoo no Toukyuuji - Dodge Danpei (Japan)|Sports|BA595897
Hyper Black Bass '95 (Japan) (En,Ja)|Sports|32A81A49
Hyper Black Bass (Japan) (En,Ja)|Sports|C364D55F
Hyper Dunk (Europe)|Sports|02D09CE3
In Your Face (USA)|Sports|80AC487E
International Superstar Soccer (USA, Europe) (SGB Enhanced)|Sports|94757BE8
J.League Big Wave Soccer (Japan) (SGB Enhanced)|Sports|CDD02F22
J.League Fighting Soccer - The King of Ace Strikers (Japan)|Sports|17608642
J.League Live '95 (Japan) (SGB Enhanced)|Sports|F0321342
J.League Winning Goal (Japan)|Sports|ADB46F9C
Jack Nicklaus Golf (France)|Sports|374893D7
Jack Nicklaus Golf (USA, Europe)|Sports|654988B2
Jaleco J.Cup Soccer (Japan)|Sports|98259257
Jimmy Connors Tennis (USA, Europe)|Sports|9B7EBF91
Jimmy Connors no Pro Tennis Tour (Japan)|Sports|18671602
Jordan vs Bird - One on One (Japan)|Sports|3FCB174D
Jordan vs Bird - One on One (USA, Europe)|Sports|C90C5456
Kachiuma Yosou Keiba Kizoku (Japan)|Sports|A57E1AC1
Kachiuma Yosou Keiba Kizoku EX '94 (Japan)|Sports|D4319169
Kachiuma Yosou Keiba Kizoku EX '95 (Japan)|Sports|9C6A4918
Kawa no Nushi Tsuri 3 (Japan) (SGB Enhanced)|Sports|147E82AE
Keitai Keiba Eight Special (Japan)|Sports|326273B7
Ken Griffey Jr. Presents Major League Baseball (USA, Europe) (SGB Enhanced)|Sports|0A9859C1
Kick Boxing, The (Japan)|Sports|8056344C
Konami Golf (Europe)|Sports|0FDC9FB1
Konamic Basket (Japan)|Sports|8E367457
Konamic Golf (Japan)|Sports|C16D4DB2
Konamic Ice Hockey (Japan)|Sports|D14DEE07
Konamic Sports in Barcelona (Japan)|Sports|5721E7D6
Legend of the River King GB (Australia) (SGB Enhanced)|Sports|51627213
Legend of the River King GB (USA) (SGB Enhanced)|Sports|A6E685DC
Litti's Summer Sports (Germany)|Sports|E681395B
MVP Baseball (Japan)|Sports|38C126AA
Madden '95 (USA, Europe) (SGB Enhanced)|Sports|D2585BBB
Madden '96 (USA, Europe) (SGB Enhanced)|Sports|FD9DC1AD
Madden '97 (USA) (SGB Enhanced)|Sports|88A837A2
Malibu Beach Volleyball (USA)|Sports|DFA5DA12
Matthias Sammer Soccer (Germany) (SGB Enhanced)|Sports|631E656F
Mini Putt (Japan)|Sports|33CD7550
Muhammad Ali Heavyweight Boxing (USA, Europe)|Sports|97BD3E8F
NBA All Star Challenge (USA, Europe)|Sports|F25BA8BF
NBA All Star Challenge 2 (Japan)|Sports|DF9DB013
NBA All Star Challenge 2 (USA, Europe)|Sports|C27C0289
NBA Jam (USA, Europe)|Sports|0CA07CDA
NBA Jam - Tournament Edition (Japan)|Sports|32909F62
NBA Jam - Tournament Edition (USA, Europe)|Sports|27D74C50
NBA Live 96 (USA, Europe) (SGB Enhanced)|Sports|8885C7CD
NFL Football (USA)|Sports|4C3D1508
NFL Quarterback Club '96 (USA, Europe)|Sports|D583BC4E
NFL Quarterback Club (Japan)|Sports|EECB703C
NFL Quarterback Club (USA, Europe)|Sports|C7838830
NFL Quarterback Club II (USA, Europe)|Sports|06F04370
NHL '96 (USA, Europe) (SGB Enhanced)|Sports|15CD2B63
NHL Hockey '95 (USA, Europe) (SGB Enhanced)|Sports|BCABD2D2
Namco Classic (Japan)|Sports|EC3257B3
Nekketsu Koukou Dodgeball-bu - Kyouteki! Dodge Soldier no Maki (Japan)|Sports|7EAF671A
Nekketsu Koukou Soccer-bu - World Cup Hen (Japan)|Sports|50C2ADA1
Nekketsu! Beach Volley Da yo Kunio-kun (Japan) (SGB Enhanced)|Sports|ABFB84DF
Nihon Daihyou Team - Eikou no Eleven (Japan) (SGB Enhanced)|Sports|E497842E
Nihon Daihyou Team France de Ganbare! - J.League Supporter Soccer (Japan) (SGB Enhanced)|Sports|91E6BF74
Nintendo World Cup (USA, Europe)|Sports|96C24E13
Olympic Summer Games (USA, Europe) (SGB Enhanced)|Sports|BE81BD61
PGA European Tour (USA, Europe) (SGB Enhanced)|Sports|7D7DEF64
PGA Tour 96 (USA, Europe) (SGB Enhanced)|Sports|6FF72043
Play Action Football (USA)|Sports|983CAF46
Pocket Bass Fishing (Japan)|Sports|2C88F996
Pocket Golf (Japan)|Sports|755152BB
Pocket Stadium (Japan)|Sports|C7BD9228
Power Pro GB (Japan) (Rev A) (SGB Enhanced)|Sports|71BEA855
Power Pro GB (Japan) (SGB Enhanced)|Sports|2E123F5B
Pro Soccer (Japan)|Sports|A6F3BEE2
Pro Wrestling (Japan)|Sports|F27C06DA
Riddick Bowe Boxing (Europe)|Sports|8DE1AE9C
Riddick Bowe Boxing (USA)|Sports|FB5D24E0
Ring Rage (Japan)|Sports|FD3D5BA7
Ring Rage (USA)|Sports|BCE5DFB7
Roger Clemens' MVP Baseball (USA)|Sports|9DA8595B
Seaside Volley (Japan)|Sports|79AFE59E
Sensible Soccer - European Champions (Europe)|Sports|BD022658
Shin Keiba Kizoku Pocket Jockey (Japan) (SGB Enhanced)|Sports|490F8C46
Shin Nihon Pro Wrestling - Toukon Sanjuushi (Japan)|Sports|A8A43013
Side Pocket (World)|Sports|9A1E30B4
Simpsons Itchy & Scratchy, The - Miniature Golf Madness (USA, Europe)|Sports|DDB147E5
Skate or Die - Bad 'N Rad (Europe)|Sports|AC1FB27A
Skate or Die - Bad 'N Rad (USA)|Sports|4DB7C817
Skate or Die - Tour de Thrash (USA)|Sports|02B77C09
Soccer (Europe) (En,Fr,De) (SGB Enhanced)|Sports|C36B199B
Soccer (Japan)|Sports|BE51A876
Soccer Boy (Japan)|Sports|23F64E82
Soccer Mania (USA)|Sports|6F87B543
Speedball 2 - Brutal Deluxe (USA, Europe)|Sports|FD06E22D
Sports Illustrated - Football & Baseball (USA)|Sports|235171C4
Sports Illustrated - Golf Classic (USA) (SGB Enhanced)|Sports|87B306B4
Sports Illustrated for Kids - The Ultimate Triple Dare! (USA)|Sports|F0D76D49
Super Black Bass (USA)|Sports|6B497842
Super Black Bass Pocket (Japan) (SGB Enhanced)|Sports|8A7C1678
Super Black Bass Pocket 2 (Japan) (SGB Enhanced)|Sports|68A553B6
Super Kick Off (Europe) (En,Fr,De,It,Nl)|Sports|4B1DFE3D
Super Street Basketball (Japan)|Sports|A269559F
Super Street Basketball 2 (Japan) (SGB Enhanced)|Sports|8090C9CC
Takeda Nobuhiro no Ace Striker (Japan)|Sports|7FF546DF
Tecmo Bowl (Japan)|Sports|CFD74E34
Tecmo Bowl (USA)|Sports|E4F29760
Tekichuu Rush (Japan)|Sports|7B903A6F
Tennis (World)|Sports|5009215F
Tiny Toon Adventures - Dokidoki Sport Festival (Japan)|Sports|3FA10931
Tiny Toon Adventures - Wacky Sports (Europe)|Sports|D731BDA2
Tiny Toon Adventures - Wacky Sports (USA)|Sports|D3904BE9
Tip Off (Europe)|Sports|EAF523EC
Top Rank Tennis (USA)|Sports|3C4E29B4
Top Ranking Tennis (Europe)|Sports|D577D8E0
Track & Field (USA, Europe)|Sports|C0EF39F0
Track Meet (USA, Europe)|Sports|7B5DC3E4
Track Meet - Mezase! Barcelona (Japan)|Sports|48D37CD2
Tsuri Sensei (Japan) (SGB Enhanced)|Sports|DC324100
Ultra Golf (USA)|Sports|12DE9BAC
WWF King of the Ring (Japan)|Sports|3AB55613
WWF King of the Ring (USA, Europe)|Sports|7F0CD87C
WWF Raw (USA, Europe)|Sports|1889552F
WWF Superstars (Japan)|Sports|F28E5AA1
WWF Superstars (USA, Europe)|Sports|ADBC4E0A
WWF Superstars 2 (Japan)|Sports|CA12D752
WWF Superstars 2 (USA, Europe)|Sports|8ECE1C04
WWF War Zone (USA, Europe)|Sports|6015B7E1
Winner's Horse (Japan)|Sports|14E91757
Winter Gold (Europe)|Sports|3C4CD245
World Beach Volley - 1991 GB Cup (Japan)|Sports|A2894581
World Beach Volley - 1992 GB Cup (Europe)|Sports|4023E085
World Bowling (Japan)|Sports|47FEADF2
World Bowling (USA)|Sports|896E76A2
World Cup 98 (USA, Europe) (SGB Enhanced)|Sports|6A3272B1
World Cup Striker (Japan)|Sports|FDEFA88D
World Cup USA '94 (Europe) (En,Fr,De,Es,It,Nl,Pt,Sv)|Sports|60231F83
World Cup USA '94 (Japan) (En,Fr,De,Es,It,Nl,Pt,Sv)|Sports|9D27F9DE
World Ice Hockey (Japan)|Sports|4E345023
World Soccer GB (Japan) (SGB Enhanced)|Sports|57D21EF4
XVII Olympic Winter Games, The - Lillehammer 1994 (USA)|Sports|1A98F0A4
Yannick Noah Tennis (France)|Sports|402D4D47
Zen-Nihon Pro Wrestling Jet (Japan) (SGB Enhanced)|Sports|119BCAD5
