Daichi-kun Crisis - Do Natural (Japan)|Strategy|61A2935F
Gai Flame (Japan)|Strategy|95F90DEC
Gaia no Monshou (Japan)|Strategy|6FD6827C
Hisou Kihei - Xserd (Japan)|Strategy|5565A973
Military Madness (USA)|Strategy|93F316F7
NHK Taiga Drama - Taiheiki (Japan)|Strategy|A32430D5
Nectaris (Japan)|Strategy|0243453B
Populous (Japan)|Strategy|083C956A
Populous (Japan) (Alt 1)|Strategy|0A9ADE99
Sekigahara (Japan)|Strategy|2E955051
Super Metal Crusher (Japan)|Strategy|56488B36
Tsuru Teruhito no Jissen Kabushiki Bai Bai Game (Japan)|Strategy|F70112E5
Wallaby!! - Usagi no Kuni no Kangaroo Race (Japan)|Strategy|0112D0C7
