Action Fighter (Japan, Europe) (Rev 1)|Shooter|D91B340D
Action Fighter (USA, Europe) (Rev 2)|Shooter|3658F3E0
Aerial Assault (Europe)|Shooter|ECF491CF
Aerial Assault (USA)|Shooter|15576613
Agigongnyong Dooly (Korea) (Unl)|Shooter|4F1BE9FA
Air Rescue (Europe)|Shooter|8B43D21D
Aleste (Japan)|Shooter|D8C4165B
Alien Syndrome (Japan)|Shooter|4CC11DF9
Alien Syndrome (USA, Europe)|Shooter|5CBFE997
Alien Syndrome (Unknown) (Beta)|Shooter|C148868C
Ashura (Japan)|Shooter|AE705699
Assault City (Europe)|Shooter|0BD8DA96
Assault City (Europe) (Light Phaser)|Shooter|861B6E79
Astro Flash (Japan)|Shooter|C795182D
Astro Warrior (Japan, USA)|Shooter|299CBB74
Bank Panic (Europe)|Shooter|655FB1F4
Blade Eagle (World)|Shooter|8ECD201C
Blade Eagle (World) (Beta)|Shooter|58D5FC48
Bomber Raid (World)|Shooter|3084CF11
Choplifter (Japan) (Proto)|Shooter|16EC3575
Choplifter (USA) (Beta)|Shooter|FD981232
Choplifter (USA, Europe)|Shooter|4A21C15F
Cloud Master (USA, Europe)|Shooter|E7F62E6D
Comical Machine Gun Joe (Japan)|Shooter|9D549E08
Comical Machine Gun Joe (Taiwan)|Shooter|84AD5AE4
Cyborg Z (Korea)|Shooter|77EFE84A
Dead Angle (USA, Europe)|Shooter|E2F7193E
Dinosaur Dooley, The (Korea) (Unl)|Shooter|32F4B791
Double Hawk (Europe)|Shooter|8370F6CD
Double Hawk (Europe) (Beta)|Shooter|F76D5CEE
Dynamite Duke (Europe)|Shooter|07306947
Fantasy Zone (Japan)|Shooter|0FFBCAA3
Fantasy Zone (Taiwan)|Shooter|5FD48352
Fantasy Zone (World) (Rev 1) (Beta)|Shooter|F46264FE
Fantasy Zone (World) (Rev 2)|Shooter|65D7E4E0
Fantasy Zone II - Opa-Opa no Namida (Japan)|Shooter|C722FB42
Fantasy Zone II - The Tears of Opa-Opa (USA, Europe)|Shooter|B8B141F9
Forgotten Worlds (Europe)|Shooter|38C53916
Galactic Protector (Japan)|Shooter|A6FA42D0
Galaxy Force (Europe)|Shooter|A4AC35D8
Galaxy Force (USA)|Shooter|6C827520
Gangster Town (USA, Europe)|Shooter|5FC74D2A
Global Defense (USA, Europe)|Shooter|B746A6F5
Global Defense (USA, Europe) (Beta)|Shooter|91A0FC4E
Laser Ghost (Europe)|Shooter|0CA95637
Line of Fire (Europe)|Shooter|CB09F355
Marksman Shooting & Trap Shooting (USA)|Shooter|E8EA842C
Mercs (Europe)|Shooter|D7416B83
Missile Defense 3-D (USA, Europe)|Shooter|FBE5CFBB
Nemesis 2 (Korea)|Shooter|0A77FA5E
Ninja (Japan)|Shooter|320313EC
Ninja, The (USA, Europe)|Shooter|66A15BD9
Operation Wolf (Europe)|Shooter|205CAAE8
Poseidon Wars 3-D (USA, Europe)|Shooter|ABD48AD2
Power Strike (USA, Europe)|Shooter|4077EFD9
Power Strike II (Europe)|Shooter|A109A6FE
Predator 2 (Brazil)|Shooter|2B54C82B
Predator 2 (Europe)|Shooter|0047B615
R-Type (Unknown) (Beta)|Shooter|0D0840D5
R-Type (World)|Shooter|BB54B6B0
Rambo - First Blood Part II (USA)|Shooter|BBDA65F0
Rambo III (USA, Europe)|Shooter|DA5A7013
Rescue Mission (USA, Europe)|Shooter|79AC8E7F
SDI (Japan)|Shooter|1DE2C2D0
Sagaia (Europe)|Shooter|66388128
Sapo Xule - S.O.S Lagoa Poluida (Brazil)|Shooter|7AB2946A
Satellite 7 (Japan)|Shooter|16249E19
Scramble Spirits (Europe)|Shooter|9A8B28EC
Secret Command (Europe)|Shooter|00529114
Shooting Gallery (USA, Europe)|Shooter|4B051022
Space Gun (Europe)|Shooter|A908CFF5
Space Harrier (Europe)|Shooter|CA1D3752
Space Harrier (Japan, USA)|Shooter|BEDDF80E
Space Harrier 3-D (USA, Europe)|Shooter|6BD5C2BF
Space Harrier 3D (Japan)|Shooter|156948F9
Super Smash T.V. (Europe)|Shooter|E0B1AFF8
Super Space Invaders (Europe)|Shooter|1D6244EE
T2 - The Arcade Game (Europe)|Shooter|93CA8152
Three Dragon Story, The (Korea) (Unl)|Shooter|8640E7E8
Thunder Blade (Japan)|Shooter|C0CE19B1
Thunder Blade (USA, Europe)|Shooter|AE920E4B
Time Soldiers (USA, Europe)|Shooter|51BD14BE
TransBot (USA) (Beta)|Shooter|58B99750
TransBot (USA, Europe)|Shooter|4BC42857
Wanted (USA, Europe)|Shooter|5359762D
Wonsiin (Korea) (Pirate)|Shooter|A05258F5
Xenon 2 - Megablast (Europe) (Image Works)|Shooter|5C205EE1
Xenon 2 - Megablast (Europe) (Image Works)|Shooter|5C205EE1
Xenon 2 - Megablast (Europe) (Virgin)|Shooter|EC726C0D
Xenon 2 - Megablast (Europe) (Virgin)|Shooter|EC726C0D
Zaxxon 3-D (World)|Shooter|A3EF13CB
Zaxxon 3-D (World) (Beta)|Shooter|BBA74147
Zillion II - The Tri Formation (World)|Shooter|2F2E3BC9
