Adventures of Batman & Robin, The (USA, Europe)|Shooter|BB4F23FF
Aerial Assault (Japan) (Rev 1)|Shooter|04FE6DDE
Aerial Assault (World)|Shooter|3E549B7A
Arena (USA, Europe)|Shooter|7CB3FACF
Choplifter III (USA)|Shooter|C2E8A692
Dropzone (Europe)|Shooter|152F0DCC
Faceball 2000 (Japan)|Shooter|AAF6F87D
Fantasy Zone (Japan, Europe)|Shooter|D69097E8
Fantasy Zone (USA)|Shooter|FAD007DF
GG Aleste (Japan)|Shooter|1B80A75B
GG Aleste II ~ Power Strike II (Japan, Europe)|Shooter|09DE1528
Galaga '91 (Japan)|Shooter|0593BA24
Galaga 2 (Europe)|Shooter|95ECECE2
Griffin (Japan)|Shooter|A93E8B0F
Gunstar Heroes (Japan)|Shooter|C3C52767
Halley Wars (Japan)|Shooter|DEF5A5D0
Halley Wars (USA, Europe)|Shooter|7E9DEA46
Jungle Strike (USA)|Shooter|D51642B0
Magical Taruruuto-kun (Japan)|Shooter|6E1CC23C
Panzer Dragoon Mini (Japan)|Shooter|E9783CEA
Pop Breaker (Japan)|Shooter|71DEBA5A
Predator 2 (USA, Europe)|Shooter|E5F789B9
Space Harrier (World)|Shooter|600C15B3
Super Smash T.V. (World)|Shooter|1006E4E3
Super Space Invaders (USA, Europe)|Shooter|DFE38E24
T2 - The Arcade Game (Japan) (En)|Shooter|0B1BA87F
T2 - The Arcade Game (USA, Europe)|Shooter|9479C83A
Tails no Skypatrol (Japan)|Shooter|88618AFA
TaleSpin (USA, Europe)|Shooter|F1732FFE
