Baku Baku Animal (Brazil)|Puzzle|35D84DC2
Columns (USA, Europe)|Puzzle|665FDA92
Columns (USA, Europe) (Beta)|Puzzle|3FB40043
Doki Doki Penguin Land - Uchuu Daibouken (Japan)|Puzzle|2BCDB8FA
Doki Doki Penguin Land - Uchuu-Daibouken (Japan) (Beta)|Puzzle|56BD2455
Dr. Robotnik's Mean Bean Machine (Europe)|Puzzle|6C696221
FA Tetris (Korea) (Pirate)|Puzzle|17AB6883
Flashpoint (Korea) (Unl)|Puzzle|61E8806F
Fushigi no Oshiro Pit Pot (Japan)|Puzzle|E6795C53
Klax (Europe)|Puzzle|2B435FD6
Krusty's Fun House (Europe)|Puzzle|64A585EB
Lemmings (Europe)|Puzzle|F369B2D8
Lemmings (Europe) (Beta)|Puzzle|2C61ED88
Lemmings 2 - The Tribes (Unknown) (Proto)|Puzzle|CF5AECCA
Marble Madness (Europe)|Puzzle|BF6F3E5F
Mickey's Ultimate Challenge (Brazil)|Puzzle|25051DD5
Penguin Land (USA, Europe)|Puzzle|F97E9875
Shanghai (USA, Europe)|Puzzle|AAB67EC3
Shanghai (USA, Europe) (Beta)|Puzzle|D5D25156
Solomon no Kagi - Oujo Rihita no Namida (Japan)|Puzzle|11645549
Sonic The Hedgehog Spinball (Europe)|Puzzle|11C1BC8A
Suho Cheonsa (Korea) (Unl)|Puzzle|01686D67
Where in the World is Carmen Sandiego (Brazil)|Puzzle|88AA8CA6
Where in the World is Carmen Sandiego (USA)|Puzzle|428B1E7C
