20 em 1 (Brazil)|Miscellaneous|F0F35C22
4 PAK All Action (Australia) (Unl)|Miscellaneous|A67F2A5C
Aladdin (Europe)|Miscellaneous|C8718D40
Arcade Smash Hits (Europe)|Miscellaneous|E4163163
Astro Warrior & Pit Pot (Europe)|Miscellaneous|69EFD483
Casino Games (USA, Europe)|Miscellaneous|3CFF6E80
Excellent Dizzy Collection, The (USA, Europe) (En,Fr,De,Es,It) (Proto)|Miscellaneous|8813514B
Family Games (Japan)|Miscellaneous|7ABC70E9
Hang-On & Astro Warrior (USA)|Miscellaneous|1C5059F0
Hang-On & Safari Hunt (USA)|Miscellaneous|E167A561
Hang-On & Safari Hunt (USA) (Beta)|Miscellaneous|A120B77F
Mahjong Sengoku Jidai (Japan)|Miscellaneous|BCFBFC67
Mahjong Sengoku Jidai (Japan) (Beta)|Miscellaneous|996B2A07
Marksman Shooting & Trap Shooting & Safari Hunt (Europe)|Miscellaneous|E8215C2E
Monopoly (Europe)|Miscellaneous|026D94A4
Monopoly (USA)|Miscellaneous|69538469
Monopoly (Unknown) (Beta)|Miscellaneous|7E9D87FC
Parlour Games (USA, Europe)|Miscellaneous|E030E66C
Sega Chess (Europe)|Miscellaneous|A8061AEF
Trivial Pursuit - Genus Edition (Europe) (En,Fr,De,Es)|Miscellaneous|E5374022
