Baku Baku Animal (Europe)|Puzzle|10AC9374
Baku Baku Animal (USA)|Puzzle|8D8BFDC4
Baku Baku Animal - Sekai Shiikugakari Senshu-ken (Japan)|Puzzle|7174B802
Bust-A-Move (USA, Europe)|Puzzle|C90F29EF
Chessmaster, The (USA, Europe)|Puzzle|DA811BA6
Columns (Japan) (En)|Puzzle|F3CA6676
Columns (Japan) (En) (Rev 1)|Puzzle|AC37E092
Columns (USA, Europe)|Puzzle|83FA26D9
Crazy Faces (Unknown) (Proto)|Puzzle|46AD6257
Dr. Robotnik's Mean Bean Machine (USA, Europe)|Puzzle|3C2D4F48
Hyokkori Hyoutan-jima - Hyoutan-jima no Daikoukai (Japan)|Puzzle|42389270
Junction (Japan) (En)|Puzzle|A8EF36A7
Junction (USA)|Puzzle|32ABAA02
Kinetic Connection (Japan)|Puzzle|4AF7F2AA
Klax (USA, Europe)|Puzzle|9B40FC8E
Krusty's Fun House (USA, Europe)|Puzzle|D01E784F
Lemmings (World)|Puzzle|0FDE7BAA
Lemmings (World) (Beta)|Puzzle|51548F61
Lemmings 2 - The Tribes (Unknown) (Proto)|Puzzle|FBC807E1
Magical Puzzle Popils (World) (En,Ja)|Puzzle|CF6D7BC5
Marble Madness (USA, Europe)|Puzzle|9559E339
Nazo Puyo (Japan)|Puzzle|BCCE5FD4
Nazo Puyo (Japan) (Rev 1)|Puzzle|D8D11F8D
Nazo Puyo 2 (Japan)|Puzzle|73939DE4
Nazo Puyo Arle no Roux (Japan)|Puzzle|54AB42A4
Nazo Puyo Arle no Roux (Japan) (Development Edition)|Puzzle|4C874466
Ninku Gaiden - Hiroyuki Daikatsugeki (Japan)|Puzzle|9140F239
Pac-Attack (USA, Europe)|Puzzle|9273EE2C
Puyo Puyo (Japan)|Puzzle|D173A06F
Puyo Puyo 2 (Japan)|Puzzle|3AB2393B
Puzzle Bobble (Japan)|Puzzle|8E54EE04
Shanghai II (Japan)|Puzzle|2AE8C75F
Shanghai II (Japan) (Rev 1)|Puzzle|81314249
Shikinjou (Japan)|Puzzle|9C5C7F53
Sonic The Hedgehog Spinball (USA, Europe)|Puzzle|A9210434
Soukoban (Japan)|Puzzle|0F3E3840
Super Columns (Japan)|Puzzle|2A100717
Super Columns (USA, Europe)|Puzzle|8BA43AF3
Tesserae (USA, Europe)|Puzzle|CA0E11CC
Wild Snake (USA) (Proto)|Puzzle|D460CC7F
Zoop (USA)|Puzzle|3247FF8B
Zoop (USA) (Beta)|Puzzle|F397F041
