Bakumatsu Rouman Tokubetsu Hen - Gekka no Kenshi - Tsuki ni Saku Hana, Chiri Yuku Hana (Japan)|Fighting|12AFACB0
Fatal Fury F-Contact - Pocket Fighting Series (World) (En,Ja)|Fighting|A9119B5A
Fatal Fury F-Contact - Pocket Fighting Series (World) (En,Ja) (Demo)|Fighting|E7E5D6E8
King of Fighters R-2 - Pocket Fighting Series (World) (En,Ja)|Fighting|47E490A2
King of Fighters R-2 - Pocket Fighting Series (World) (En,Ja) (Demo)|Fighting|E3AE79C0
King of Fighters R-2 Version 2 - Pocket Fighting Series (World) (En,Ja) (Demo)|Fighting|76544C97
Last Blade, The - Beyond the Destiny (Europe)|Fighting|94FCFD1E
SNK Gals' Fighters (Japan)|Fighting|6A9FFA47
SNK Gals' Fighters (USA, Europe)|Fighting|B02C2BE7
SNK vs. Capcom - The Match of the Millennium (World) (En,Ja)|Fighting|B173030A
Samurai Shodown! 2 - Pocket Fighting Series (World) (En,Ja)|Fighting|4F7FB156
