ActRaiser (Europe)|Adventure|09097B2B
ActRaiser (France)|Adventure|A27E2664
ActRaiser (Germany)|Adventure|29A78AF9
ActRaiser (USA)|Adventure|EAC3358D
ActRaiser (USA) (Arcade)|Adventure|B1640D61
Actraiser (Japan)|Adventure|BEE9B30C
Akagawa Jirou - Majotachi no Nemuri (Japan)|Adventure|167E4C15
Akagawa Jirou - Majotachi no Nemuri (Japan) (Rev 1) (NP)|Adventure|EE62AA7E
Alice no Paint Adventure (Japan)|Adventure|05798DA8
Beavis and Butt-Head (Europe)|Adventure|F77F160B
Beavis and Butt-Head (USA)|Adventure|15CF4BD5
Blue Crystalrod, The (Japan)|Adventure|EFC21F71
Casper (Europe)|Adventure|A7677E65
Casper (Japan)|Adventure|696458B3
Casper (USA)|Adventure|A3B745BC
Clock Tower (Japan)|Adventure|CBCD0DAD
Clock Tower (Japan) (Beta)|Adventure|F29F6651
Doukyuusei 2 (Japan) (NP)|Adventure|CA1EB161
Equinox (Europe)|Adventure|A2B15AC4
Equinox (USA)|Adventure|96A4D1C0
Equinox (USA) (Beta)|Adventure|61D22779
Famicom Bunko - Hajimari no Mori (Japan) (NP)|Adventure|11DD3DA9
Famicom Tantei Club Part II - Ushiro ni Tatsu Shoujo (Japan) (NP)|Adventure|28F450AC
Famicom Tantei Club Part II - Ushiro ni Tatsu Shoujo (Japan) (Rev 1) (NP)|Adventure|2CE70B92
Firemen, The (Europe) (Beta)|Adventure|B9C82442
Firemen, The (Europe) (En,Fr,De)|Adventure|DEF665AF
Firemen, The (Japan)|Adventure|15F2271D
Gakkou de Atta Kowai Hanashi (Japan)|Adventure|94B93B25
Ganbare Goemon - Yuki Hime Kyuushutsu Emaki (Japan)|Adventure|ADDE8D79
Ganbare Goemon - Yuki Hime Kyuushutsu Emaki (Japan) (Rev 2)|Adventure|6CD62399
Getsumen no Anubis (Japan)|Adventure|78432DDC
Gousou Jinrai Densetsu - Musha (Japan)|Adventure|342F1C02
Heisei Shin Onigashima - Kouhen (Japan)|Adventure|0E4C28FE
Heisei Shin Onigashima - Zenpen (Japan)|Adventure|1725E556
Ihatov Monogatari (Japan)|Adventure|C588CD17
Jurassic Park (Europe)|Adventure|7CCB8762
Jurassic Park (Europe) (Beta)|Adventure|B2B1804B
Jurassic Park (France)|Adventure|61011074
Jurassic Park (Germany)|Adventure|8C3F510D
Jurassic Park (Italy)|Adventure|3EE3E840
Jurassic Park (Japan)|Adventure|559C7CF5
Jurassic Park (Spain)|Adventure|3DEE6FD9
Jurassic Park (USA)|Adventure|77540CB9
Jurassic Park (USA) (Rev 1)|Adventure|8BFDE0B7
Kachou Shima Kousaku (Japan)|Adventure|B9DCA26D
Kamaitachi no Yoru (Japan)|Adventure|71C631AA
Legend of Zelda, The - A Link to the Past (Canada)|Adventure|47760381
Legend of Zelda, The - A Link to the Past (Europe)|Adventure|04D55E12
Legend of Zelda, The - A Link to the Past (France)|Adventure|1F8C30E8
Legend of Zelda, The - A Link to the Past (Germany)|Adventure|6A6C2091
Legend of Zelda, The - A Link to the Past (USA)|Adventure|777AAC2F
Legend of the Mystical Ninja, The (Europe)|Adventure|797724C8
Legend of the Mystical Ninja, The (Germany)|Adventure|5796529E
Legend of the Mystical Ninja, The (USA)|Adventure|82479D6A
Marvelous - Mouhitotsu no Takara-jima (Japan)|Adventure|CEDF3BA7
Metal Slader Glory - Director's Cut (Japan) (NP)|Adventure|2CAB2502
Musya - The Classic Japanese Tale of Horror (USA)|Adventure|011907A4
Otogirisou (Japan)|Adventure|8E4BEFD0
Scooby-Doo Mystery (USA)|Adventure|98D7611E
Shin Star Trek - Ooinaru Isan IFD no Nazo o Oe (Japan)|Adventure|34F09544
Shinri Game, The - Akuma no Kokoroji (Japan)|Adventure|4ED29F52
Solstice II (Japan)|Adventure|21D280F8
Solstice II (Japan) (Beta) (1993-03-03)|Adventure|37C2EC0C
SpellCraft - Aspects of Valor (USA) (Proto)|Adventure|47E900BF
Spider-Man (Europe)|Adventure|02C52D37
Spider-Man (USA)|Adventure|C99E174E
Spider-Man (USA) (Beta)|Adventure|DC57FC0B
Star Trek - Deep Space Nine - Crossroads of Time (Europe)|Adventure|75BFF780
Star Trek - Deep Space Nine - Crossroads of Time (USA)|Adventure|9A245FA3
Star Trek - Deep Space Nine - Crossroads of Time (USA) (Beta)|Adventure|7C149CFF
Star Trek - The Next Generation - Future's Past (Europe)|Adventure|D1A1F7E5
Star Trek - The Next Generation - Future's Past (USA)|Adventure|8DE80428
Super Metroid (Europe) (En,Fr,De)|Adventure|AD2CBF9C
Super Metroid (Japan, USA) (En,Ja)|Adventure|D63ED5F8
Tsukikomori (Japan)|Adventure|41ADF18F
Tsukikomori (Japan) (Rev 1) (NP)|Adventure|F37C6726
Yadamon - Wonderland Dreams (Japan)|Adventure|B5292147
Yadamon - Wonderland Dreams (Japan) (Sample)|Adventure|9424BBFA
Yakouchuu (Japan)|Adventure|0CD0E8D8
Young Merlin (Europe)|Adventure|D5E69DC4
Young Merlin (USA)|Adventure|7EA1AFE8
Zakuro no Aji (Japan)|Adventure|6391F9B3
Zelda no Densetsu - Kamigami no Triforce (Japan)|Adventure|3322EFFC
Zelda no Densetsu - Kamigami no Triforce (Japan) (Rev 1)|Adventure|4400D798
Zelda no Densetsu - Kamigami no Triforce (Japan) (Rev 2)|Adventure|B28B2F77
