Araiguma Rascal (Japan)|Puzzle|DE13EC70
Aryol (Japan)|Puzzle|43B1AAD9
Bishoujo Senshi Sailor Moon S - Kondo wa Puzzle de Oshioki yo! (Japan)|Puzzle|10F03E3C
Bishoujo Senshi Sailor Moon S - Kurukkurin (Japan)|Puzzle|E4A271BF
Bishoujo Senshi Sailor Moon SuperS - Fuwafuwa Panic (Japan)|Puzzle|B6B92AE0
Bombuzal (Japan)|Puzzle|5D7B8BCB
Brainies, The (Europe)|Puzzle|DE551746
Brainies, The (USA)|Puzzle|718CB0DF
BreakThru! (USA)|Puzzle|E6C0B5DA
Bust-A-Move (USA)|Puzzle|3266FD23
Cameltry (Japan)|Puzzle|A95C1FFF
Chinhai (Japan)|Puzzle|D7452215
Clockwerx (Japan)|Puzzle|A62B84FF
Columns (Japan) (NP)|Puzzle|005C77F5
Cosmo Gang - The Puzzle (Japan)|Puzzle|61B26167
Cu-On-Pa SFC (Japan)|Puzzle|42D0C418
Dharma Doujou (Japan)|Puzzle|B800A4FB
Dolucky no Puzzle Tour '94 (Japan)|Puzzle|F716C24D
Dossun! Ganseki Battle (Japan)|Puzzle|1AA002D6
Dr. Mario (Japan) (NP)|Puzzle|63CE5132
Game no Tetsujin - The Shanghai (Japan)|Puzzle|E50BBFB7
Great Waldo Search, The (USA)|Puzzle|EB49F246
Harapeko Bakka (Japan)|Puzzle|7ABDB576
Hebereke no Oishii Puzzle wa Irimasenka (Japan)|Puzzle|0B94CCD4
Hebereke no Popoon (Japan)|Puzzle|890D9C9E
Hebereke no Popoon (Japan) (Beta)|Puzzle|13EFB895
Hebereke's Popoitto (Europe)|Puzzle|0CE626BA
Hebereke's Popoon (Europe)|Puzzle|7A313722
Humans, The (Europe)|Puzzle|D2AF01D4
Humans, The (Germany)|Puzzle|E83A092B
Hungry Dinosaurs (Europe)|Puzzle|5C4B2544
Jammes (Japan)|Puzzle|9BB76902
Jigsaw Party (Japan)|Puzzle|78F229DC
Ka-blooey (USA)|Puzzle|B2592EAE
Keeper (Japan)|Puzzle|8676126B
Kirby no Kirakira Kids (Japan)|Puzzle|035265BF
Kirby's Avalanche (USA)|Puzzle|21E658B8
Kirby's Ghost Trap (Europe)|Puzzle|DD0D08BE
Krusty World (Japan)|Puzzle|DEE4BCB3
Krusty's Super Fun House (Europe)|Puzzle|FD44DF1F
Krusty's Super Fun House (Europe) (Rev 1)|Puzzle|F605A5E4
Krusty's Super Fun House (USA)|Puzzle|5FD03CAC
Krusty's Super Fun House (USA) (Rev 1)|Puzzle|AC5116D9
Kunio no Oden (Japan)|Puzzle|D8939A59
Lemmings (Europe)|Puzzle|AEBADCEF
Lemmings (Japan)|Puzzle|13027564
Lemmings (USA)|Puzzle|7F8B51A1
Lemmings (USA) (Rev 1)|Puzzle|51E3D566
Lemmings 2 - The Tribes (Europe)|Puzzle|290107A1
Lemmings 2 - The Tribes (Japan)|Puzzle|1E7A945A
Lemmings 2 - The Tribes (USA)|Puzzle|DF7200C8
Little Magic (Europe) (Proto)|Puzzle|59059D83
Little Magic (Japan)|Puzzle|9654194D
Little Magic (Japan) (Beta)|Puzzle|0E201E8F
Lode Runner Twin - Justy to Liberty no Daibouken (Japan)|Puzzle|ABA0A671
Logos Panic Goaisatsu (Japan)|Puzzle|4808E2B2
Lost Vikings 2 (USA)|Puzzle|3AA01DBD
Lost Vikings II, The - Norse by Norsewest (Europe) (En,Fr,De)|Puzzle|3C49A285
Lost Vikings, The (Europe)|Puzzle|66989491
Lost Vikings, The (France) (En,Fr)|Puzzle|94093298
Lost Vikings, The (Germany)|Puzzle|4EE705AB
Lost Vikings, The (Spain)|Puzzle|6E8A1081
Lost Vikings, The (USA)|Puzzle|6838BE08
Lost Vikings, The (USA) (Beta)|Puzzle|F20E0C69
Magical Drop (Japan)|Puzzle|51177158
Magical Drop 2 (Japan)|Puzzle|2CF5094C
Magical Drop 2 (Japan) (Bunka Housou Special Version)|Puzzle|569A1CEC
Mahou Poi Poi Poitto! (Japan)|Puzzle|BDF35044
Mario no Super Picross (Japan)|Puzzle|F64C5AA0
Mario to Wario (Japan) (En)|Puzzle|C6695E34
Mystery Circle (Japan)|Puzzle|7341CE40
Nontan to Issho - Kurukuru Puzzle (Japan)|Puzzle|DE346477
Oekaki Logic (Japan) (NP)|Puzzle|39A0C010
Oekaki Logic 2 (Japan) (NP)|Puzzle|4B32C8AA
Olivia no Mystery (Japan)|Puzzle|0DFDE2AA
On the Ball (Europe)|Puzzle|B577815D
On the Ball (USA)|Puzzle|50AD3FE8
Otoboke Ninja Colosseum (Japan)|Puzzle|ADE02A40
Ou-chan no Oekaki Logic (Japan)|Puzzle|9A5F2955
Pac-Attack (Europe)|Puzzle|79941300
Pac-Attack (USA)|Puzzle|191B1A19
Panel de Pon (Japan)|Puzzle|14D70786
Picross NP Vol. 1 (Japan) (NP)|Puzzle|73F484A1
Picross NP Vol. 1 (Japan) (Rev 1) (NP)|Puzzle|E6F29429
Picross NP Vol. 2 (Japan) (NP)|Puzzle|CA8BE5E9
Picross NP Vol. 2 (Japan) (Rev 1) (NP)|Puzzle|1DF8A75C
Picross NP Vol. 3 (Japan) (NP)|Puzzle|23FC2BFC
Picross NP Vol. 4 (Japan) (NP)|Puzzle|D2B32081
Picross NP Vol. 4 (Japan) (Rev 1) (NP)|Puzzle|696778FA
Picross NP Vol. 5 (Japan) (NP)|Puzzle|C0FBD6B4
Picross NP Vol. 6 (Japan) (NP)|Puzzle|DA52DBC2
Picross NP Vol. 7 (Japan) (NP)|Puzzle|3FAB702D
Picross NP Vol. 8 (Japan) (NP)|Puzzle|A473148C
Pieces (USA)|Puzzle|BB6C3C54
Pikiinya! (Japan)|Puzzle|9FE1B94A
Pikiinya! (Japan) (Beta)|Puzzle|AF56D062
Pipe Dream (Japan)|Puzzle|AF2A3DFE
Popoitto Hebereke (Japan)|Puzzle|E333354A
Power Lode Runner (Japan) (NP)|Puzzle|DFC1D7DC
Power Soukoban (Japan)|Puzzle|39FBAA1E
Pro Yakyuu Nettou Puzzle Stadium (Japan)|Puzzle|81C8EB4F
Pro Yakyuu Nettou Puzzle Stadium (Japan) (Beta)|Puzzle|5A4D7167
Puzzle Bobble (Japan)|Puzzle|96BD588B
Puzzle Bobble - Bust-A-Move (Europe)|Puzzle|C5D1DDB3
Puzzle Nintama Rantarou - Ninjutsu Gakuen Puzzle Taikai no Dan (Japan)|Puzzle|23670C9E
Puzzle'n Desu! (Japan)|Puzzle|689A7A79
Ranma 1-2 - Ougi Jaanken (Japan)|Puzzle|0A5DFA05
SD Gundam - Power Formation Puzzle (Japan)|Puzzle|87E4476D
Same Game (Japan)|Puzzle|133E1C5B
Sanrio Shanghai (Japan)|Puzzle|4CBB22DF
Shanghai - Banri no Choujou (Japan)|Puzzle|5E21F557
Shanghai - Banri no Choujou (Japan) (Rev 1)|Puzzle|5956E946
Shanghai II - Dragon's Eye (Europe)|Puzzle|45C2F934
Shanghai II - Dragon's Eye (USA)|Puzzle|2FEC70B6
Shin Shougi Club (Japan)|Puzzle|E0273E0E
Soreyuke Ebisumaru Karakuri Meiro - Kieta Goemon no Nazo!! (Japan)|Puzzle|885FB1B9
Supapoon (Japan)|Puzzle|6D971E71
Supapoon DX (Japan)|Puzzle|BE52C486
Super Bomber Man (Japan)|Puzzle|7989891A
Super Bomber Man - Panic Bomber W (Japan)|Puzzle|FC633ECB
Super Bomber Man 2 (Japan)|Puzzle|FB259F4F
Super Bomber Man 2 (Japan) (Caravan You Taikenban)|Puzzle|2AA1DDF8
Super Bomber Man 3 (Japan)|Puzzle|9ECB0FE6
Super Bomber Man 3 (Japan) (Beta)|Puzzle|002FA245
Super Bomber Man 4 (Japan)|Puzzle|3BBAEB19
Super Bomber Man 5 (Japan)|Puzzle|06B1F0F5
Super Bomber Man 5 (Japan) (Caravan Event Ban)|Puzzle|4590AE9D
Super Bomberman (Europe)|Puzzle|678501F2
Super Bomberman (USA)|Puzzle|63A8E2C6
Super Bomberman (USA) (Sample)|Puzzle|ACC4D648
Super Bomberman 2 (Europe)|Puzzle|C60A4191
Super Bomberman 2 (USA)|Puzzle|9C1F11E4
Super Bomberman 3 (Europe)|Puzzle|A096A6E5
Super Bombliss (Japan)|Puzzle|84F95868
Super Gussun Oyoyo (Japan)|Puzzle|BC405DEF
Super Gussun Oyoyo (Japan) (Beta)|Puzzle|AFD0D62F
Super Gussun Oyoyo (Japan) (Sample)|Puzzle|8477C613
Super Gussun Oyoyo 2 (Japan)|Puzzle|244CF4DF
Super Loopz (Europe) (Proto)|Puzzle|323A2A3D
Super Loopz (Japan)|Puzzle|49601821
Super Morph (Europe)|Puzzle|388F6DAA
Super Nazo Puyo - Rulue no Roux (Japan)|Puzzle|BA1DBA22
Super Nazo Puyo Tsuu - Rulue no Tetsuwan Hanjouki (Japan)|Puzzle|D8C0E0BE
Super Puyo Puyo (Japan)|Puzzle|C5A482BD
Super Puyo Puyo (Japan) (Rev 1)|Puzzle|9B386875
Super Puyo Puyo (Japan) (Rev 2)|Puzzle|3ADDBA0B
Super Puyo Puyo Tsuu (Japan)|Puzzle|271E1F3F
Super Puyo Puyo Tsuu Remix (Japan)|Puzzle|61F903F8
Super Shanghai - Dragon's Eye (Japan) (Activision)|Puzzle|C9B16CB2
Super Shanghai - Dragon's Eye (Japan) (HOT B)|Puzzle|6F95D27E
Super Snakey (Japan)|Puzzle|5EC69FAD
Super Soukoban (Japan)|Puzzle|A9F78E92
Super Tetris 3 (Japan)|Puzzle|329024C7
Sutte Hakkun (Japan)|Puzzle|DC173550
Tetris 2 (Europe)|Puzzle|19B69A57
Tetris 2 (USA)|Puzzle|CE3392B1
Tetris 2 (USA) (Rev 1)|Puzzle|3BC7054A
Tetris Attack (Europe) (En,Ja)|Puzzle|7417E83B
Tetris Attack (USA) (En,Ja)|Puzzle|6C128210
Tetris Battle Gaiden (Japan)|Puzzle|B8F5F846
Tetris Flash (Japan)|Puzzle|09E9E3BB
Timon & Pumbaa's Jungle Games (Europe)|Puzzle|5E91C599
Timon & Pumbaa's Jungle Games (USA)|Puzzle|341C6FB0
Toride (Japan)|Puzzle|4CE25297
Tsuyoshi Shikkari Shinasai - Taisen Puzzle Dama (Japan)|Puzzle|EF878419
Undake 30 Same Game Daisakusen - Mario Version (Japan)|Puzzle|83BFE43D
Viking no Daimeiwaku (Japan)|Puzzle|50FEF979
Wally o Sagase! - Ehon no Kuni no Daibouken (Japan)|Puzzle|6C864780
Wario's Woods (Europe)|Puzzle|80B112CA
Wario's Woods (USA)|Puzzle|2D1004F1
Where in Time Is Carmen Sandiego (USA) (En,Fr,De,Es,It)|Puzzle|1712018B
Where in the World Is Carmen Sandiego (Europe) (En,Fr,De,Es,It)|Puzzle|B7A66353
Where in the World Is Carmen Sandiego (USA) (En,Fr,De,Es,It)|Puzzle|9EF83223
Wild Snake (USA)|Puzzle|025ADBF9
Wordtris (USA)|Puzzle|856AB0BB
Wrecking Crew '98 (Japan)|Puzzle|A24F85FF
Yoshi no Cookie (Japan)|Puzzle|1E1AA75F
Yoshi no Cookie - Kuruppon Oven de Cookie (Japan)|Puzzle|0C52E145
Yoshi's Cookie (Europe)|Puzzle|5FB6E4E9
Yoshi's Cookie (USA)|Puzzle|EF15F4C3
Yoshi's Cookie (USA) (Beta)|Puzzle|FBDFCDAB
Zig Zag Cat - Dachou Club mo Oosawagi da (Japan)|Puzzle|53554D5E
Zoop (Europe)|Puzzle|AFD45D27
Zoop (USA)|Puzzle|06F0E94C
Zoop (USA) (Beta)|Puzzle|3758068A
