'96 Zenkoku Koukou Soccer Senshuken (Japan)|Sports|05FBB855
2020 Super Baseball (Japan)|Sports|E95A3DD7
2020 Super Baseball (USA)|Sports|0D77933E
90 Minutes - European Prime Goal (Europe)|Sports|1AD61BD0
90 Minutes - European Prime Goal (Europe) (Beta)|Sports|1BC71881
ABC Monday Night Football (Japan)|Sports|24D4CFE9
ABC Monday Night Football (USA)|Sports|E0DC8AD7
Ace o Nerae! (Japan)|Sports|6C5F1A18
All-American Championship Football (Europe)|Sports|EBEFBDE2
American Gladiators (USA)|Sports|76B151FD
Andre Agassi Tennis (Japan)|Sports|D9879A39
Andre Agassi Tennis (USA)|Sports|D1AE87BE
Aoki Densetsu Shoot! (Japan)|Sports|9EA4AD6F
Aoki Densetsu Shoot! (Japan) (Beta)|Sports|95487DCE
Ashita no Joe (Japan)|Sports|6B54BE97
Barkley Shut Up and Jam! (Europe)|Sports|29FBD13D
Barkley Shut Up and Jam! (USA)|Sports|726B6C5A
Barkley no Power Dunk (Japan)|Sports|8AFF96D0
Bass Masters Classic (Japan)|Sports|925206EA
Bass Masters Classic (USA)|Sports|832A27C2
Bass Masters Classic - Pro Edition (Europe)|Sports|A2D4B003
Bass Masters Classic - Pro Edition (USA)|Sports|C5058634
Bassin's Black Bass (USA)|Sports|7DC5B7B3
Battle Dodge Ball - Toukyuu Daigekitotsu! (Japan)|Sports|99A1F158
Battle Dodge Ball II (Japan)|Sports|43D3F2B2
Battle Jockey (Japan)|Sports|D79C1EC5
Battle Soccer - Field no Hasha (Japan)|Sports|C54AE0F9
Battle Soccer 2 (Japan)|Sports|5316DD26
Best Shot Pro Golf (Japan)|Sports|256D4BC4
Best of the Best - Championship Karate (Europe)|Sports|D63831A5
Best of the Best - Championship Karate (Europe) (Beta)|Sports|20AA9B78
Best of the Best - Championship Karate (USA)|Sports|7F6ED86E
Bill Laimbeer's Combat Basketball (USA)|Sports|468D8CDD
Bill Walsh College Football (USA)|Sports|25391C9F
Boxing Legends of the Ring (Europe)|Sports|00CC468B
Boxing Legends of the Ring (USA)|Sports|C0B632C0
Brett Hull Hockey (Europe)|Sports|77BBF192
Brett Hull Hockey (USA)|Sports|FBE35998
Brett Hull Hockey 95 (USA)|Sports|9EBFE809
Brunswick World Tournament of Champions (USA)|Sports|52E4DC92
Bulls vs Blazers and the NBA Playoffs (Europe)|Sports|F605C0AC
Bulls vs Blazers and the NBA Playoffs (Europe) (Rev 1)|Sports|0C4B876B
Bulls vs Blazers and the NBA Playoffs (USA)|Sports|15484AFD
Bulls vs Blazers and the NBA Playoffs (USA) (Rev 1)|Sports|C2E91694
Cal Ripken Jr. Baseball (Europe)|Sports|C1357473
Cal Ripken Jr. Baseball (USA)|Sports|CE2EAA41
Cal Ripken Jr. Baseball (USA) (Beta)|Sports|F48DC221
California Games II (Europe) (En,Fr,De)|Sports|DB0814C5
California Games II (Japan) (En,Ja)|Sports|5FA9485C
California Games II (USA)|Sports|21392B00
Cannondale Cup (USA)|Sports|B95FE0A0
Capcom's MVP Football (USA)|Sports|BD0A0C0E
Capcom's Soccer Shootout (USA)|Sports|EE314AE5
Capcom's Soccer Shootout (USA) (Beta)|Sports|89178BC0
Captain Tsubasa III - Koutei no Chousen (Japan)|Sports|26B0CEE3
Captain Tsubasa IV - Pro no Rival-tachi (Japan)|Sports|3E04B246
Captain Tsubasa J - The Way to World Youth (Japan)|Sports|16C63D9C
Captain Tsubasa V - Hasha no Shougou Campione (Japan)|Sports|E2B26D99
Champions - World Class Soccer (Europe) (En,Fr,De,Es)|Sports|D89C8156
Champions - World Class Soccer (Japan)|Sports|07CAD002
Champions - World Class Soccer (USA) (En,Fr,De,Es)|Sports|BCD59D08
Championship Pool (Europe)|Sports|2905C3DD
Championship Pool (USA)|Sports|98EF8414
Championship Soccer '94 (USA) (En,Fr,De,It)|Sports|6B953095
Chavez (USA)|Sports|A9D604EA
Chavez (USA) (Beta)|Sports|1F74E668
Chavez II (USA)|Sports|86981887
Classic Road (Japan)|Sports|3AF7C64A
Classic Road II (Japan)|Sports|AE782895
College Football USA 97 (USA)|Sports|A27940C1
College Slam (USA)|Sports|CE842C6D
Computer Nouryoku Kaiseki - Ultra Baken (Japan)|Sports|0937A72F
Date Kimiko no Virtual Tennis (Japan)|Sports|EF77535E
David Crane's Amazing Tennis (Europe)|Sports|42C25AC1
David Crane's Amazing Tennis (Japan)|Sports|72839930
David Crane's Amazing Tennis (USA)|Sports|CAAD18DC
David Crane's Amazing Tennis (USA) (Arcade)|Sports|1719C322
Dear Boys (Japan)|Sports|9ED82C00
Derby Jockey - Kishu Ou e no Michi (Japan)|Sports|7D6C9203
Derby Jockey - Kishu Ou e no Michi (Japan) (Rev 1)|Sports|8516C373
Derby Jockey 2 (Japan)|Sports|32129967
Derby Stallion 96 (Japan)|Sports|19BDCB19
Derby Stallion 98 (Japan) (NP)|Sports|525FFB26
Derby Stallion II (Japan)|Sports|32E29079
Derby Stallion III (Japan)|Sports|75EEEB3F
Derby Stallion III (Japan) (Rev 1)|Sports|7E97AE6A
Derby Stallion III (Japan) (Rev 2)|Sports|5F3E5279
Derby Stallion III (Japan) (Rev 3)|Sports|36768B55
Dig & Spike Volleyball (USA)|Sports|954340F8
Dino Dini's Soccer! (Europe) (En,Fr,De)|Sports|DBF4A8AB
Dolucky no A.League Soccer (Japan)|Sports|0BC19D72
Dolucky no Kusayakiu (Japan)|Sports|C2D2150C
Downtown - Nekketsu Baseball Monogatari - Yakyuu de Shoubu da! Kunio-kun (Japan)|Sports|E71B7C31
Dream Basketball - Dunk & Hoop (Japan)|Sports|CC24110A
Dynamic Stadium (Japan)|Sports|EBCC121C
ESPN Baseball Tonight (Europe)|Sports|A7A4BE9B
ESPN Baseball Tonight (USA)|Sports|8606D69B
ESPN Baseball Tonight (USA) (Beta)|Sports|D0117D67
ESPN National Hockey Night (USA)|Sports|75058EDE
ESPN Sunday Night NFL (USA)|Sports|26849F90
Elite Soccer (USA)|Sports|62ABAEE1
Emmitt Smith Football (USA)|Sports|09C3C0EF
Eric Cantona Football Challenge (France) (En,Fr,De,Es,It,Nl,Sv)|Sports|D190CF58
Euro Football Champ (Europe)|Sports|2C6EB470
Exertainment Mountain Bike Rally (USA)|Sports|E6EDE101
Extra Innings (USA)|Sports|440A4250
FIFA - A Caminho Da Copa 98 (Brazil) (En,Fr,De,Es,It,Sv)|Sports|28C2D764
FIFA - Road to World Cup 98 (Europe) (En,Fr,De,Es,It,Sv)|Sports|5E4F4856
FIFA 97 (Europe) (En,Fr,De,Es,It,Sv)|Sports|470EABE5
FIFA International Soccer (Europe)|Sports|A350821A
FIFA International Soccer (Japan)|Sports|4FA1D452
FIFA International Soccer (USA)|Sports|56296426
FIFA Soccer 96 (Europe) (En,Fr,De,Es,It,Sv)|Sports|8FAF17E5
FIFA Soccer 96 (USA) (En,Fr,De,Es,It,Sv)|Sports|7566347D
FIFA Soccer 97 (USA) (En,Fr,De,Es,It,Sv)|Sports|38916376
Fever Pitch Soccer (Europe) (Beta)|Sports|25C8F98A
Fever Pitch Soccer (Europe) (En,Fr,De,Es,It)|Sports|9B1EA779
Fighting Baseball (Japan)|Sports|7F3C1A95
Final Knockout (Japan)|Sports|CC1DBC9B
Finalset (Japan)|Sports|E06FAE58
Fire Pro Joshi - All Star Dream Slam (Japan)|Sports|EC8E8A05
Fishing Koushien (Japan)|Sports|DCFE0B6B
Football Fury (USA)|Sports|729A5524
Foreman for Real (Europe)|Sports|8C1B9F50
Foreman for Real (Japan)|Sports|D7576775
Foreman for Real (USA)|Sports|5FA4D051
Frank Thomas Big Hurt Baseball (Europe)|Sports|50300F58
Frank Thomas Big Hurt Baseball (Japan)|Sports|1A895B24
Frank Thomas Big Hurt Baseball (USA)|Sports|21239DDA
From TV Animation Slam Dunk - Dream Team - Shuueisha Limited (Japan)|Sports|99276EAA
From TV Animation Slam Dunk - SD Heat Up!! (Japan)|Sports|D05114C0
From TV Animation Slam Dunk - Yonkyou Gekitotsu!! (Japan)|Sports|35B21BBA
From TV Animation Slam Dunk 2 - IH Yosen Kanzen Ban!! (Japan)|Sports|AA2B7692
Funaki Masakatsu Hybrid Wrestler - Tougi Denshou (Japan)|Sports|D1909FFB
Fune Tarou (Japan)|Sports|5D6BA598
Furuta Atsuya no Simulation Pro Yakyuu 2 (Japan)|Sports|566176FA
Gekitou Burning Pro Wres (Japan)|Sports|B2E7FC76
George Foreman's KO Boxing (Europe)|Sports|09FE6EC1
George Foreman's KO Boxing (USA)|Sports|AF571267
George Foreman's KO Boxing (USA) (Doritos Promo)|Sports|71056BF3
George Foreman's KO Boxing (USA) (Rev 1)|Sports|15194FC9
Go! Go! Dodge League (Japan)|Sports|184B07DC
Go! Go! Dodge League (Japan) (Rev 1)|Sports|06E6E66D
Goal! (USA)|Sports|935EA22C
HAL's Hole in One Golf (Europe)|Sports|27C87D04
HAL's Hole in One Golf (USA)|Sports|58752BAF
Hakunetsu Pro Yakyuu '93 - Ganba League (Japan)|Sports|A539CBC8
Hakunetsu Pro Yakyuu '94 - Ganba League 3 (Japan)|Sports|1B33D93C
Hakunetsu Pro Yakyuu '94 - Ganba League 3 (Japan) (Beta)|Sports|A4E9B958
Hakunetsu Pro Yakyuu - Ganba League (Japan)|Sports|C7168FCB
Hakunetsu Pro Yakyuu - Ganba League (Japan) (Rev 1)|Sports|702446B7
Hammer Lock Wrestling (USA)|Sports|3D2352EA
Hanguk Pro Yagu (Korea)|Sports|A21FB1D5
HardBall III (USA)|Sports|F3589B15
Hashire Hebereke (Japan)|Sports|DD792499
Hat Trick Hero (Japan)|Sports|FCE8A74D
Hat Trick Hero 2 (Japan)|Sports|19E67DFF
Hatayama Hatch no Pro Yakyuu News! - Jitsumei Ban (Japan)|Sports|7A585763
Head-On Soccer (USA)|Sports|60DC3634
Heisei Inu Monogatari Bow - Pop'n Smash!! (Japan)|Sports|FE4A2622
Higashio Osamu Kanshuu Super Pro Yakyuu Stadium (Japan)|Sports|4D6B6C80
Hit the Ice - VHL - The Official Video Hockey League (USA)|Sports|EC13477E
Honoo no Toukyuuji - Dodge Danpei (Japan)|Sports|5947A7A4
Honoo no Toukyuuji - Dodge Danpei (Japan) (Sample)|Sports|435EC942
Human Baseball (Japan)|Sports|010E3DAB
Hyper V-Ball (Europe)|Sports|094012EA
Hyper V-Ball (USA)|Sports|7D179E21
Inazuma Serve da! Super Beach Volley (Japan)|Sports|879EDEE8
International Sensible Soccer - World Champions Limited Edition (Europe) (En,Fr,De,It) (Rev 1)|Sports|6FF2D97E
International Superstar Soccer (Europe)|Sports|6CD568A9
International Superstar Soccer (USA)|Sports|49627238
International Superstar Soccer Deluxe (Europe)|Sports|CBA724BA
International Superstar Soccer Deluxe (USA)|Sports|0A20E602
International Tennis Tour (Europe)|Sports|6BBCEA4F
International Tennis Tour (Japan)|Sports|45F2DAB9
International Tennis Tour (USA)|Sports|AD3CD5E6
Ippatsu Gyakuten (Japan)|Sports|05A9FDE8
Irem Skins Game, The (USA)|Sports|B95DDC44
Irem Skins Game, The (USA) (Arcade)|Sports|473DB113
Isozuri - Ritou Hen (Japan)|Sports|3D35D085
Itoi Shigesato no Bass Tsuri No. 1 (Japan)|Sports|B9BA8544
J.League '96 Dream Stadium (Japan)|Sports|93A0A25C
J.League Excite Stage '94 (Japan)|Sports|D96B3936
J.League Excite Stage '94 (Japan) (Rev 1)|Sports|C9E33615
J.League Excite Stage '95 (Japan)|Sports|DD871511
J.League Excite Stage '95 (Japan) (Sample)|Sports|C286EE0C
J.League Excite Stage '96 (Japan)|Sports|E044E0F1
J.League Excite Stage '96 (Japan) (Rev 1)|Sports|857BBFAB
J.League Soccer Prime Goal (Japan)|Sports|B81828EC
J.League Soccer Prime Goal (Japan) (Rev 1)|Sports|7538F598
J.League Soccer Prime Goal 2 (Japan)|Sports|569DB79D
J.League Soccer Prime Goal 3 (Japan)|Sports|1499B746
J.League Super Soccer '95 - Jikkyou Stadium (Japan)|Sports|26664BB4
J.League Super Soccer (Japan)|Sports|1D20CAC2
JB The Super Bass (Japan)|Sports|D85C1C8F
JRA PAT (Japan) (TJAJ)|Sports|355147C2
JRA PAT (Japan) (TJBJ)|Sports|7FC1AA92
JRA PAT - Wide Taiouban (Japan) (TJDJ)|Sports|1FC1915D
JRA PAT - Wide Taiouban (Japan) (TJEJ)|Sports|673468C8
JWP Joshi Pro Wres - Pure Wrestle Queens (Japan)|Sports|69642B00
Jack Nicklaus Golf (Europe)|Sports|A7F0652F
Jack Nicklaus Golf (France)|Sports|4C545A02
Jack Nicklaus Golf (USA)|Sports|9ABC58E2
James Pond's Crazy Sports (Europe)|Sports|66F00725
Jikkyou Power Pro Wrestling '96 - Max Voltage (Japan)|Sports|94C1D85C
Jikkyou Powerful Pro Yakyuu '94 (Japan)|Sports|A4374771
Jikkyou Powerful Pro Yakyuu '96 - Kaimaku Ban (Japan)|Sports|BC9B4391
Jikkyou Powerful Pro Yakyuu '96 - Kaimaku Ban (Japan) (Rev 1)|Sports|FB487712
Jikkyou Powerful Pro Yakyuu - Basic Ban '98 (Japan)|Sports|E17C5C97
Jikkyou Powerful Pro Yakyuu 2 (Japan)|Sports|5D7CD9C8
Jikkyou Powerful Pro Yakyuu 2 (Japan) (Rev 1)|Sports|EE0C54B5
Jikkyou Powerful Pro Yakyuu 2 (Japan) (Rev 2)|Sports|855E3DEB
Jikkyou Powerful Pro Yakyuu 3 (Japan)|Sports|F7C3A222
Jikkyou Powerful Pro Yakyuu 3 - '97 Haru (Japan)|Sports|AD5B0417
Jikkyou Powerful Pro Yakyuu 3 - '97 Haru (Japan) (Rev 1)|Sports|5E75A0E0
Jikkyou World Soccer - Perfect Eleven (Japan)|Sports|37C36FDC
Jikkyou World Soccer - Perfect Eleven (Japan) (Rev 1)|Sports|16D71685
Jikkyou World Soccer 2 - Fighting Eleven (Japan)|Sports|E7559D73
Jikkyou World Soccer 2 - Fighting Eleven (Japan) (Beta)|Sports|261E0EA1
Jikkyou World Soccer 2 - Fighting Eleven (Japan) (Rev 1) (NP)|Sports|D9C47B04
Jimmy Connors Pro Tennis Tour (Europe)|Sports|BBA55BEC
Jimmy Connors Pro Tennis Tour (France)|Sports|BEA289FC
Jimmy Connors Pro Tennis Tour (Germany)|Sports|E2294A8E
Jimmy Connors Pro Tennis Tour (Japan)|Sports|A95BEF02
Jimmy Connors Pro Tennis Tour (USA)|Sports|913F1555
Jimmy Houston's Bass Tournament U.S.A. (USA)|Sports|E7E488D5
Jissen Bass Fishing Hisshouhou in USA (Japan)|Sports|82BA9020
John Madden Football '93 (Europe)|Sports|B07B2A60
John Madden Football '93 (USA)|Sports|60190859
John Madden Football '93 (USA) (Rev 1)|Sports|DC5A250B
John Madden Football (USA)|Sports|796294C6
Jumbo Ozaki no Hole in One (Japan)|Sports|0FD99721
Jumpin' Derby (Japan)|Sports|A473B7E4
K.H. Rummenigge's Player Manager (Germany)|Sports|5E66A52C
K.H. Rummenigge's Player Manager (Germany) (Sample)|Sports|17F946C5
Kachiuma Yosou Soft - Baken Renkinjutsu (Japan)|Sports|BA902CD5
Kashiwagi Shigetaka no Top Water Bassing (Japan)|Sports|21E72036
Kawa no Nushi Tsuri 2 (Japan)|Sports|716D3EFF
Keiba Eight Special (Japan)|Sports|A5FAEFAA
Keiba Eight Special (Japan) (Rev 1)|Sports|5D4E4EE1
Keiba Eight Special 2 (Japan)|Sports|2B88E48D
Ken Griffey Jr. Presents Major League Baseball (USA)|Sports|8BF2B589
Ken Griffey Jr. Presents Major League Baseball (USA) (Rev 1)|Sports|12B592F2
Ken Griffey Jr.'s Winning Run (USA)|Sports|E9B4BD73
Kentou Ou World Champion (Japan)|Sports|E8359CDB
Kevin Keegan's Player Manager (Europe)|Sports|FCE7BADE
Kevin Keegan's Player Manager (Europe) (Sample)|Sports|E3DFF03D
Kick Off (Europe)|Sports|A1306F3B
Kick Off 3 - European Challenge (Europe) (Beta)|Sports|EA93AA27
Kick Off 3 - European Challenge (Europe) (En,Fr,De,Es,It)|Sports|1AC7F523
Kinnikuman - Dirty Challenger (Japan)|Sports|5C869CA5
Kirby Bowl (Japan)|Sports|2A24FC9B
Kirby's Dream Course (Europe)|Sports|995CC0A3
Kirby's Dream Course (USA)|Sports|DF8153D9
Koushien 2 (Japan)|Sports|767164DD
Koushien 3 (Japan)|Sports|3F18D0CC
Koushien 4 (Japan)|Sports|57753105
Kunio-kun no Dodge Ball Da yo Zenin Shuugou! (Japan)|Sports|7BF62174
Kunio-kun no Dodge Ball Da yo Zenin Shuugou! - Tournament Special (Japan)|Sports|B267576D
Larry Nixon's Super Bass Fishing (Japan)|Sports|E190B880
Larry Nixon's Super Bass Fishing (Japan) (Rev 1)|Sports|71E962B6
Leading Jockey (Japan)|Sports|57DB06BF
Leading Jockey 2 (Japan)|Sports|FEEFAEC4
Looney Tunes B-Ball (USA)|Sports|6D3BC96F
Looney Tunes Basketball (Europe)|Sports|FDF2F478
Lothar Matthaeus Super Soccer (Germany)|Sports|96DEC679
MLBPA Baseball (USA)|Sports|62A92E57
MVP Baseball (Japan)|Sports|C7DAA598
Madden NFL '94 (Europe)|Sports|A7D31544
Madden NFL '94 (USA)|Sports|8BED5914
Madden NFL 95 (Europe)|Sports|4B0C7993
Madden NFL 95 (USA)|Sports|021A3F69
Madden NFL 96 (USA)|Sports|51A1FE86
Madden NFL 96 (USA) (Sample)|Sports|4C78D04A
Madden NFL 97 (USA)|Sports|ABCF026E
Madden NFL 98 (USA)|Sports|CF10CC01
Magic Johnson no Super Slam Dunk (Japan)|Sports|3276E449
Major Title (Europe)|Sports|3075CB04
Major Title (Japan)|Sports|0E98F71D
Manchester United Championship Soccer (Europe)|Sports|8D2596A7
Manchester United Championship Soccer (Europe) (Beta)|Sports|8B3FA5D3
Mark Davis' The Fishing Master (USA)|Sports|22A109B9
Masters - Harukanaru Augusta 2 (Japan)|Sports|D6227D35
Masters New - Harukanaru Augusta 3 (Japan)|Sports|E5612567
Masters New - Harukanaru Augusta 3 (Japan) (Rev 1)|Sports|C1281F9B
Matsukata Hiroki no Super Trawling (Japan)|Sports|2D0F0F92
Mecarobot Golf (USA)|Sports|82CEEE3A
Mega Man Soccer (USA)|Sports|FA9EE2CE
Multi Play Volleyball (Japan)|Sports|60844B65
Muscle Bomber - The Body Explosion (Japan)|Sports|A6E028C2
NBA All-Star Challenge (Europe)|Sports|B5693B18
NBA All-Star Challenge (Japan)|Sports|E5014292
NBA All-Star Challenge (USA)|Sports|A905A565
NBA Give 'n Go (Europe)|Sports|E52B9AF6
NBA Give 'n Go (USA)|Sports|68C8B643
NBA Hang Time (Europe)|Sports|F1FE37A4
NBA Hang Time (USA)|Sports|262CE76B
NBA Jam (Europe)|Sports|2B8E81C6
NBA Jam (Europe) (Rev 1)|Sports|FA9A577A
NBA Jam (Japan)|Sports|118B162E
NBA Jam (USA)|Sports|43F1C013
NBA Jam (USA) (Beta)|Sports|0318705B
NBA Jam (USA) (Rev 1)|Sports|8F42CAE7
NBA Jam - Tournament Edition (Europe)|Sports|D48C8041
NBA Jam - Tournament Edition (Japan)|Sports|3C169224
NBA Jam - Tournament Edition (USA)|Sports|1FBC1DDB
NBA Jam - Tournament Edition (USA) (Beta)|Sports|8D7B1828
NBA Jikkyou Basket - Winning Dunk (Japan)|Sports|7ECAA194
NBA Live 95 (Europe)|Sports|56FDBB8C
NBA Live 95 (Japan)|Sports|500F57D3
NBA Live 95 (USA)|Sports|1CD2393D
NBA Live 96 (Europe)|Sports|17689C62
NBA Live 96 (USA)|Sports|042A6495
NBA Live 97 (Europe)|Sports|2C680C99
NBA Live 97 (USA)|Sports|5115B8E5
NBA Live 98 (USA)|Sports|514BFCB5
NBA Pro Basketball '94 - Bulls vs Suns (Japan)|Sports|573C8A65
NBA Pro Basketball - Bulls vs Blazers (Japan)|Sports|C5148840
NBA Showdown (USA)|Sports|65746F02
NBA Showdown (USA) (Beta)|Sports|8F3C36AB
NCAA Basketball (USA)|Sports|8D4C2300
NCAA Basketball (USA) (Arcade)|Sports|20CFC61C
NCAA Basketball (USA) (Beta)|Sports|25C43074
NCAA Basketball (USA) (Rev 1)|Sports|200370A2
NCAA Final Four Basketball (USA)|Sports|B07CFA91
NCAA Football (USA)|Sports|2641C12A
NFL Football (Europe)|Sports|5EE9D7E4
NFL Football (Europe) (Proto)|Sports|126E876F
NFL Football (Japan)|Sports|A4B1DD93
NFL Football (USA)|Sports|ADB7731B
NFL Pro Football '94 (Japan)|Sports|1E4B3858
NFL Quarterback Club '95 (Japan)|Sports|1C036B4F
NFL Quarterback Club (Europe)|Sports|87BC35AF
NFL Quarterback Club (USA)|Sports|79F16421
NFL Quarterback Club (USA) (Beta)|Sports|78D10E07
NFL Quarterback Club 96 (Europe)|Sports|9708ABE3
NFL Quarterback Club 96 (Japan)|Sports|3A4C0DE6
NFL Quarterback Club 96 (USA)|Sports|E557689F
NFL Quarterback Club 96 (USA) (Beta)|Sports|B87ABC7E
NHL '94 (USA)|Sports|42212A77
NHL '94 (USA) (Beta)|Sports|00FF0C74
NHL '97 (USA) (Beta)|Sports|91DA8D5C
NHL 95 (Europe)|Sports|6930B67A
NHL 95 (USA)|Sports|2E9B1463
NHL 96 (Europe)|Sports|148B2734
NHL 96 (USA)|Sports|B6C6E7F3
NHL 97 (Europe)|Sports|313B9622
NHL 97 (Europe) (Rev 1)|Sports|1A53B7A8
NHL 97 (USA)|Sports|06BADB74
NHL 97 (USA) (Rev 1)|Sports|4F72AA8C
NHL 98 (USA)|Sports|03CAD2D2
NHL Hockey '94 (Europe)|Sports|208FBF59
NHL Pro Hockey '94 (Japan)|Sports|BC37D603
NHL Stanley Cup (USA) (En,Fr)|Sports|584CE502
NHLPA Hockey 93 (Europe)|Sports|AD70FAF2
NHLPA Hockey 93 (USA)|Sports|C858EAC4
Nakano Kouichi Kanshuu Keirin Ou (Japan)|Sports|D90D7C95
Namcot Open (Japan)|Sports|0894AE07
Natsume Championship Wrestling (USA)|Sports|D4DC20E1
New 3D Golf Simulation - Devil's Course (Japan)|Sports|640D734F
New 3D Golf Simulation - Devil's Course (Japan) (Sample)|Sports|E983B63A
New 3D Golf Simulation - Harukanaru Augusta (Japan)|Sports|B4FD7AFF
New 3D Golf Simulation - Harukanaru Augusta (Japan) (Rev 1)|Sports|D7E41218
New 3D Golf Simulation - Pebble Beach no Hatou (Japan)|Sports|E8A7D379
New 3D Golf Simulation - Waialae no Kiseki (Japan)|Sports|8BAFCA10
Nice de Shot (Japan)|Sports|47ABB4DF
Nolan Ryan's Baseball (USA)|Sports|1919BAFF
Okamoto Ayako to Match Play Golf - Ko Olina Golf Club in Hawaii (Japan)|Sports|E6C805A7
Olympic Summer Games (Europe)|Sports|3ED21333
Olympic Summer Games (USA)|Sports|6B882D11
Onizuka Katsuya Super Virtual Boxing - Shin Kentou Ou Densetsu (Japan)|Sports|F0C936E5
Oomono Black Bass Fishing - Jinzouko Hen (Japan)|Sports|CD2A1A67
Oonita Atsushi FMW (Japan)|Sports|88B2DA36
Oonita Atsushi FMW (Japan) (Beta)|Sports|55581328
Oozumou Spirits (Japan)|Sports|F78B76E9
PGA European Tour (Europe)|Sports|BE94E60D
PGA European Tour (USA)|Sports|914F2EA3
PGA Tour 96 (Europe)|Sports|C5AC2E72
PGA Tour 96 (USA)|Sports|BC5DF071
PGA Tour 96 (USA) (Rev 1)|Sports|EF94EEC7
PGA Tour Golf (Europe)|Sports|5DAF9DBD
PGA Tour Golf (Japan)|Sports|8A2D377E
PGA Tour Golf (USA)|Sports|B6566944
PGA Tour Golf (USA) (Rev 1)|Sports|0F218230
Pebble Beach no Hatou New - Tournament Edition (Japan)|Sports|0B6FB2F8
PowerFest 94 - Ken Griffey Jr. Presents Major League Baseball (USA)|Sports|C7B5E8C6
Pro Football '93 (Japan)|Sports|44A0DE9C
Pro Football (Japan)|Sports|D07CFDCB
Pro Quarterback (USA)|Sports|6910626D
Pro Soccer (Japan)|Sports|A1981915
Pro Sport Hockey (USA)|Sports|A9CC0A74
Pro Yakyuu Star (Japan)|Sports|C1CBA41C
RHI Roller Hockey '95 (USA) (Proto)|Sports|67405D44
Ramos Ruy no World Wide Soccer (Japan)|Sports|906D505E
Rap Basketball (USA) (Proto)|Sports|3F0343A7
Rap Jam - Volume One (USA) (En,Fr,Es)|Sports|ADF4FFCE
Relief Pitcher (USA)|Sports|2F48FF14
Relief Pitcher (USA) (Beta)|Sports|CFED1EA8
Riddick Bowe Boxing (Japan)|Sports|A9A1836A
Riddick Bowe Boxing (USA)|Sports|A967A041
Ring ni Kakero (Japan) (NP)|Sports|503B5B86
Rockman's Soccer (Japan)|Sports|A3277C10
Roger Clemens' MVP Baseball (USA)|Sports|865DC1CC
Roger Clemens' MVP Baseball (USA) (Beta)|Sports|F0ECDD92
Roger Clemens' MVP Baseball (USA) (Rev 1)|Sports|A012D1AD
Saikyou - Takada Nobuhiko (Japan)|Sports|F9CF0C56
Sanrio World Smash Ball! (Japan)|Sports|0E318416
Sanspo Fishing - Keiryuu Ou (Japan)|Sports|C7EEB640
Saturday Night Slam Masters (Europe)|Sports|A3876F76
Saturday Night Slam Masters (USA)|Sports|54161830
Sensible Soccer - European Champions (Europe) (En,Fr,De,It)|Sports|DCC702D4
Sensible Soccer - European Champions (Europe) (En,Fr,De,It) (Beta)|Sports|4655C894
Serizawa Nobuo no Birdie Try (Japan)|Sports|987A96D0
Shijou Saikyou League Serie A - Ace Striker (Japan)|Sports|1C73B9D1
Shimono Masaki no Fishing to Bassing (Japan)|Sports|42FFD2D5
Shin Nihon Pro Wrestling - Chou Senshi in Tokyo Dome - Fantastic Story (Japan)|Sports|58DA330C
Shin Nihon Pro Wrestling Kounin - '94 Battlefield in Tokyo Dome (Japan)|Sports|6CBBD019
Shin Nihon Pro Wrestling Kounin - '95 Tokyo Dome Battle 7 (Japan)|Sports|A467C220
Shiroi Ring e - Twinkle Little Star (Japan)|Sports|534824F0
Side Pocket (Europe)|Sports|3352A27C
Side Pocket (Japan)|Sports|0E074268
Side Pocket (USA)|Sports|597C2BFE
Simulation Pro Yakyuu (Japan)|Sports|24C9B924
Ski Paradise with Snowboard (Japan)|Sports|DBB603D4
Smash Tennis (Europe)|Sports|6F7D1745
Smash Tennis (Europe) (Beta)|Sports|3CCBA79C
Soccer Shootout (Europe)|Sports|BBCD16F4
Sougou Kakutougi - Astral Bout (Japan)|Sports|E87BD7EC
Sougou Kakutougi - Astral Bout 2 - The Total Fighters (Japan)|Sports|AC212C51
Sougou Kakutougi Rings - Astral Bout 3 (Japan)|Sports|3F09A8D9
Space Football - One on One (USA)|Sports|55DCF09E
Sporting News Baseball, The (USA)|Sports|315AF696
Sports Illustrated Championship Football & Baseball (USA)|Sports|D4874966
Sports Illustrated Championship Football & Baseball (USA) (Beta)|Sports|ED9AA0E1
Sprinter Monogatari - Mezase!! Ikkakusenkin (Japan)|Sports|411F4D0A
St. Andrews - Eikou to Rekishi no Old Course (Japan)|Sports|CEAAADC2
Stable Star - Kyuusha Monogatari (Japan)|Sports|1DC14E8B
Stardust Suplex (Japan)|Sports|ADA27D91
Sterling Sharpe - End 2 End (USA)|Sports|70D9C906
Street Hockey '95 (USA) (Beta)|Sports|29296976
Street Sports - Jammit (USA)|Sports|7BDDD73F
Street Sports - Street Hockey '95 (USA)|Sports|97357A1B
Striker (Europe) (En,Fr,De,Es,It,Nl,Sv)|Sports|60B2D4A8
Striker (Europe) (En,Fr,De,Es,It,Nl,Sv) (Beta)|Sports|89AC1EAA
Super 3D Baseball (Japan)|Sports|304123C2
Super Aquatic Games Starring the Aquabats, The (USA)|Sports|2A5DDAC0
Super Aquatic Games Starring the Aquabats, The (USA) (Beta)|Sports|249DFFD6
Super Baken Ou '95 (Japan)|Sports|E611A4DC
Super Baseball Simulator 1.000 (USA)|Sports|AA760FEC
Super Bases Loaded (USA)|Sports|6B971F1E
Super Bases Loaded 2 (USA)|Sports|E14128CA
Super Bases Loaded 3 - License to Steal (USA)|Sports|F0540D1B
Super Batter Up (USA)|Sports|5896C854
Super Billiard - Championship Pool (Japan)|Sports|F7031D41
Super Birdie Rush (Japan)|Sports|B854DF10
Super Black Bass (Japan)|Sports|89F2712C
Super Black Bass (USA)|Sports|57D9FD61
Super Black Bass 2 (Japan)|Sports|9572E3AD
Super Black Bass 3 (Japan)|Sports|EC9104DB
Super Black Bass 3 (Japan) (Rev 1)|Sports|97AE0DF4
Super Bowling (Japan)|Sports|383BC5D5
Super Bowling (USA)|Sports|94945B50
Super Copa (Brazil) (Es,Pt)|Sports|49E53877
Super Cup Soccer (Japan)|Sports|14A03974
Super Dunk Shot (Japan)|Sports|4674E469
Super Dunk Star (Japan)|Sports|2D391540
Super Family Gelaende (Japan) (NP)|Sports|CA99DFCF
Super Family Tennis (Japan)|Sports|2BCBFF26
Super Famista (Japan)|Sports|72D49E26
Super Famista 2 (Japan)|Sports|C4DFD188
Super Famista 3 (Japan)|Sports|B933D0EE
Super Famista 4 (Japan)|Sports|7C20ACCB
Super Famista 4 (Japan) (Rev 1)|Sports|8EA0DE90
Super Famista 5 (Japan)|Sports|27AA431C
Super Final Match Tennis (Japan)|Sports|4F0B96FA
Super Fire Pro Wrestling (Japan)|Sports|DB71BF4A
Super Fire Pro Wrestling - Queen's Special (Japan)|Sports|3227F1B1
Super Fire Pro Wrestling 2 (Japan)|Sports|8FAC5EFD
Super Fire Pro Wrestling 2 (Japan) (Beta)|Sports|B48513FE
Super Fire Pro Wrestling 3 (Japan) (Sample)|Sports|10D71B45
Super Fire Pro Wrestling III - Easy Type (Japan)|Sports|93F778AF
Super Fire Pro Wrestling III - Final Bout (Japan)|Sports|4DFB9072
Super Fire Pro Wrestling III - Final Bout (Japan) (Rev 1)|Sports|978DC1CA
Super Fire Pro Wrestling Special (Japan)|Sports|E279EBE3
Super Fire Pro Wrestling Special (Japan) (Rev 1)|Sports|1A13435C
Super Fire Pro Wrestling X (Japan)|Sports|959DB484
Super Fire Pro Wrestling X Premium (Japan)|Sports|82DE1380
Super Fishing Big Fight (Japan)|Sports|1AC48969
Super Formation Soccer (Japan)|Sports|265AFE97
Super Formation Soccer 94 - World Cup Edition (Japan)|Sports|D547C5D2
Super Formation Soccer 94 - World Cup Final Data (Japan)|Sports|BF1F2E16
Super Formation Soccer 95 della Serie A (Japan)|Sports|798352BF
Super Formation Soccer 95 della Serie A (Japan) (UCC Xaqua Version)|Sports|1CF83BC2
Super Formation Soccer 96 - World Club Edition (Japan)|Sports|F42272CB
Super Formation Soccer II (Japan)|Sports|74C75074
Super Goal! (Europe)|Sports|BB624450
Super Goal! 2 (USA)|Sports|C5829306
Super High Impact (Japan)|Sports|DA8A5AD5
Super High Impact (USA)|Sports|2EED70FB
Super High Impact (USA) (Beta)|Sports|6C771CBD
Super Hockey '94 (Japan)|Sports|A3890D4F
Super Hockey (Europe)|Sports|781514E4
Super Hockey (France) (En,Fr)|Sports|C9CF2601
Super Honmei - GI Seiha (Japan)|Sports|7CEB9F66
Super Ice Hockey (Europe)|Sports|FB1D16C4
Super International Cricket (Europe)|Sports|89CD72B0
Super International Cricket (Europe) (Beta)|Sports|2E9985BC
Super Keiba (Japan)|Sports|41F92E6F
Super Keiba 2 (Japan)|Sports|48529FB3
Super Keirin (Japan)|Sports|6E20B5F3
Super Kick Boxing - Best of the Best (Japan)|Sports|4EE4DE37
Super Kick Off (Japan)|Sports|70AFD634
Super Koukou Yakyuu - Ikkyuu Nyuukon (Japan)|Sports|C38BB5BF
Super Kyousouba - Kaze no Sylphid (Japan)|Sports|60305047
Super Kyuukyoku Harikiri Stadium (Japan)|Sports|A83AB04D
Super Kyuukyoku Harikiri Stadium 2 (Japan)|Sports|5DA55692
Super Linearball (Japan)|Sports|689AC35C
Super Moero!! Pro Yakyuu (Japan)|Sports|DA5AD200
Super Naxat Open - Golf de Shoubu da Dorabocchan (Japan)|Sports|86AA8A10
Super Oozumou - Nessen Ooichiban (Japan)|Sports|091617BB
Super Oozumou - Nessen Ooichiban (Japan) (Beta)|Sports|7B78B9D6
Super Play Action Football (USA)|Sports|0F359A60
Super Power League (Japan)|Sports|56F3A65A
Super Power League 2 (Japan)|Sports|E5539E76
Super Power League 2 (Japan) (Rev 1)|Sports|9E6A60E9
Super Power League 3 (Japan)|Sports|B90696D0
Super Power League 4 (Japan)|Sports|C07F099D
Super Professional Baseball (Japan)|Sports|EA0BFA66
Super Professional Baseball II (Japan)|Sports|29B6A6F0
Super Punch-Out!! (Europe)|Sports|C6906F5F
Super Punch-Out!! (Japan) (NP)|Sports|B5D92AF4
Super Punch-Out!! (USA)|Sports|E2F92F84
Super R.B.I. Baseball (USA)|Sports|31DB6CFE
Super Rugby (Japan)|Sports|757AD630
Super Slam Dunk (USA)|Sports|3EFFC9E5
Super Slap Shot (Japan)|Sports|403C692D
Super Slap Shot (USA)|Sports|7355C9B9
Super Soccer (Europe)|Sports|442C47CB
Super Soccer (USA)|Sports|4FD164D8
Super Soccer (USA) (Arcade)|Sports|70B7F50E
Super Soccer Champ (USA)|Sports|B31D35A5
Super Stadium (Japan)|Sports|3B018618
Super Tennis (Europe)|Sports|0E31FDEF
Super Tennis (Europe) (Rev 1)|Sports|CDB03BFB
Super Tennis (USA)|Sports|8D383776
Super Tennis (USA) (Arcade)|Sports|B5B147D1
Super Tennis - World Circuit (Japan)|Sports|57BF1D3E
Super Ultra Baseball (Japan)|Sports|90A9EA48
Super Ultra Baseball 2 (Japan)|Sports|FFE37ADF
Super Volley II (Japan)|Sports|4A0C88AD
Super Wrestle Angels (Japan)|Sports|B697F8A0
Super Yakyuudou (Japan)|Sports|24020E16
Sutobasu Yarou Show (Japan)|Sports|A953A1DE
TKO Super Championship Boxing (Europe)|Sports|8871E0FF
TKO Super Championship Boxing (USA)|Sports|FD4AF462
TKO Super Championship Boxing (USA) (Sample)|Sports|5F2AB21D
TNN Bass Tournament of Champions (USA)|Sports|C367B683
Tactical Soccer (Japan)|Sports|74D96359
Take Yutaka GI Memory (Japan)|Sports|21A9925D
Takeda Nobuhiro no Super Cup Soccer (Japan)|Sports|1BB2A0A4
Takeda Nobuhiro no Super League Soccer (Japan)|Sports|383FACE4
Tecmo Super Baseball (Japan)|Sports|2F98DB3E
Tecmo Super Baseball (USA)|Sports|E302D853
Tecmo Super Baseball (USA) (Beta)|Sports|024D4AF5
Tecmo Super Bowl (Japan)|Sports|C7D84893
Tecmo Super Bowl (USA)|Sports|CDE3746B
Tecmo Super Bowl (USA) (Beta)|Sports|F8E691D9
Tecmo Super Bowl II - Special Edition (Japan)|Sports|5ACD46EC
Tecmo Super Bowl II - Special Edition (USA)|Sports|D67D507B
Tecmo Super Bowl III - Final Edition (Japan)|Sports|F06C34E3
Tecmo Super Bowl III - Final Edition (USA)|Sports|8EF1411F
Tecmo Super NBA Basketball (Australia)|Sports|1B1C3DD9
Tecmo Super NBA Basketball (Europe)|Sports|AEA63622
Tecmo Super NBA Basketball (Japan)|Sports|3DFE85B3
Tecmo Super NBA Basketball (Japan) (Rev 1)|Sports|538717B4
Tecmo Super NBA Basketball (USA)|Sports|1B6F0B43
Tecmo Super NBA Basketball (USA) (Beta)|Sports|819F3A66
Tekichuu Keiba Juku (Japan)|Sports|47E09FEC
Tenryuu Genichirou no Pro Wres Revolution (Japan)|Sports|D5FB8C83
Thoroughbred Breeder (Japan)|Sports|FE0B27EF
Thoroughbred Breeder II (Japan)|Sports|9D89BD3A
Thoroughbred Breeder III (Japan)|Sports|5C7FC277
Tiny Toon Adventures - Dotabata Daiundoukai (Japan)|Sports|01344C8E
Tiny Toon Adventures - Wacky Sports Challenge (USA)|Sports|AFE72FF0
Tiny Toon Adventures - Wild & Wacky Sports (Europe)|Sports|AE78B20E
Tiny Toon Adventures - Wild & Wacky Sports (Europe) (Beta)|Sports|F13002C7
Tiny Toon Adventures - Wild & Wacky Sports (Europe) (Rev 1)|Sports|0F3B758D
Tommy Moe's Winter Extreme - Skiing and Snowboarding (USA)|Sports|3D005F22
Tony Meola's Sidekicks Soccer (USA)|Sports|32B658C1
Tony Meola's Sidekicks Soccer (USA) (Beta)|Sports|7A021E12
Troy Aikman NFL Football (Europe)|Sports|5147B442
Troy Aikman NFL Football (USA)|Sports|0B26446B
True Golf Classics - Pebble Beach Golf Links (Europe)|Sports|EEEDE683
True Golf Classics - Pebble Beach Golf Links (USA)|Sports|18C5AD58
True Golf Classics - Waialae Country Club (USA)|Sports|E9D6C61E
True Golf Classics - Wicked 18 (USA)|Sports|26177842
Tsuppari Oozumou - Risshinshusse Hen (Japan)|Sports|ECDA1F8B
Tsuri Tarou (Japan)|Sports|BBBFF8D8
Turf Hero (Japan)|Sports|0A5370DD
Turf Memories (Japan)|Sports|60BECEED
USA Ice Hockey (Japan)|Sports|E5A1ADB8
USA Ice Hockey (Japan) (Rev 1)|Sports|F0E155DA
Ultimate Football (Japan)|Sports|4C9A5E89
Ultra Baseball Jitsumei Ban (Japan)|Sports|69AB65C5
Ultra Baseball Jitsumei Ban 2 (Japan)|Sports|0B108549
Ultra Baseball Jitsumei Ban 3 (Japan)|Sports|F03C710B
Ultra League - Moero! Soccer Daikessen!! (Japan)|Sports|845790EF
Umi no Nushi Tsuri (Japan)|Sports|0689EE4A
Umi no Nushi Tsuri (Japan) (Rev 1)|Sports|C985F568
Umizuri Meijin - Suzuki Hen (Japan)|Sports|BA2A817C
Umizuri Meijin - Suzuki Hen (Japan) (Beta)|Sports|C7939DBF
Val d'Isere Championship (Europe)|Sports|DE31D87A
Val d'Isere Championship (France)|Sports|01B3114A
Val d'Isere Championship (France) (Beta) (1993-10-27)|Sports|66623EE2
Virtual Soccer (Europe)|Sports|ECB8A53A
Virtual Soccer (USA) (Proto)|Sports|6383D9A5
Volleyball Twin (Japan)|Sports|A3F4AF43
WCW Super Brawl Wrestling (USA)|Sports|8B477300
WWF Raw (Europe)|Sports|A5A3BFBC
WWF Raw (USA)|Sports|3E0038BF
WWF Royal Rumble (Europe)|Sports|6C6407B9
WWF Royal Rumble (Europe) (Rev 1)|Sports|F9206A29
WWF Royal Rumble (Japan)|Sports|E85352D2
WWF Royal Rumble (USA)|Sports|2101D515
WWF Super WrestleMania (Europe)|Sports|17C027C4
WWF Super WrestleMania (Japan)|Sports|D35543C2
WWF Super WrestleMania (USA)|Sports|676CB638
WWF WrestleMania - The Arcade Game (Europe)|Sports|6B8C5603
WWF WrestleMania - The Arcade Game (Japan)|Sports|AFBEE7B1
WWF WrestleMania - The Arcade Game (USA)|Sports|1BA08495
Wakataka Oozumou - Yume no Kyoudai Taiketsu (Japan)|Sports|05EAFA58
Wakuwaku Ski Wonder Spur (Japan)|Sports|FCDAB211
Wayne Gretzky and the NHLPA All-Stars (USA)|Sports|0B7D22B2
Wayne Gretzky and the NHLPA All-Stars (USA) (Beta)|Sports|9C1E576A
Winning Post (Japan)|Sports|E0AF8150
Winning Post (Japan) (Rev 1)|Sports|5B30EDD9
Winning Post 2 (Japan)|Sports|20670C86
Winning Post 2 - Program '96 (Japan)|Sports|92954723
Winning Post 2 - Program '96 (Japan) (Rev 1)|Sports|F1F43896
Winter Gold (Europe)|Sports|0F8378A6
Winter Olympic Games - Lillehammer '94 (Europe) (En,Fr,De,Es,It,Pt,Sv,No)|Sports|FCB1C794
Winter Olympic Games - Lillehammer '94 (USA) (En,Fr,De,Es,It,Pt,Sv,No)|Sports|0704ABE4
World Class Rugby (Europe)|Sports|D73D6C80
World Class Rugby (France)|Sports|8EFFC2D4
World Class Rugby (Japan)|Sports|3BB679D9
World Class Rugby 2 - Kokunai Gekitou Hen '93 (Japan)|Sports|762EA6E9
World Cup Striker (Europe) (En,Fr,De)|Sports|6D16F5E7
World Cup Striker (Europe) (En,Fr,De) (Beta)|Sports|6928D52A
World Cup Striker (Japan)|Sports|CAB690A1
World Cup USA 94 (Europe) (En,Fr,De,Es,It,Nl,Pt,Sv)|Sports|5EB18063
World Cup USA 94 (Japan) (En,Fr,De,Es,It,Nl,Pt,Sv)|Sports|24F92540
World Cup USA 94 (USA) (En,Fr,De,Es,It,Nl,Pt,Sv)|Sports|FB1C9082
World League Basketball (Europe)|Sports|2642234D
World League Soccer (USA)|Sports|591CBB2D
World Masters Golf (Europe)|Sports|E0EE681F
World Soccer (Europe)|Sports|AB7D2076
World Soccer (Japan)|Sports|A3096A8E
World Soccer 94 - Road to Glory (USA)|Sports|0AAE0A10
Yokozuna Monogatari (Japan)|Sports|DDA56921
Yokozuna Monogatari (Japan) (Rev 1)|Sports|B5084D76
Zaitaku Touhyou System - SPAT4-Wide (Japan)|Sports|798A252F
Zen-Nihon Pro Wres (Japan)|Sports|E00FDC09
Zen-Nihon Pro Wres 2 - 3-4 Budoukan (Japan)|Sports|9B040C00
Zen-Nihon Pro Wres' - Sekai Saikyou Tag (Japan)|Sports|A5F59477
Zenkoku Koukou Soccer (Japan)|Sports|D575FDFC
Zenkoku Koukou Soccer 2 (Japan)|Sports|6AF63041
Zico Soccer (Japan)|Sports|FE66FEF2
