AIII S.V. - A Ressha de Ikou 3 - Super Version (Japan)|Strategy|F953B79A
Aerobiz (USA)|Strategy|54302A46
Aerobiz Supersonic (USA)|Strategy|EFAFAB12
Air Management - Oozora ni Kakeru (Japan)|Strategy|F6643226
Air Management - Oozora ni Kakeru (Japan) (Rev 1)|Strategy|A533BC97
Air Management II - Koukuu Ou o Mezase (Japan)|Strategy|8D0B3C85
Angelique (Japan)|Strategy|EC3EDB9E
Angelique (Japan) (Premium Box)|Strategy|3DA108C4
Angelique - Voice Fantasy (Japan)|Strategy|EA6AE8A9
Atlas, The - Renaissance Voyager (Japan)|Strategy|19E09C6B
Bahamut Lagoon (Japan)|Strategy|1B83C440
Ball Bullet Gun (Japan)|Strategy|C1E2BB56
Barbarossa (Japan)|Strategy|5283E505
Battle Commander - Hachibushuu, Shura no Heihou (Japan)|Strategy|AD80E50E
Battle Robot Retsuden (Japan)|Strategy|B72BF1F2
Battle Submarine (Japan)|Strategy|DA2AD2FE
Bishoujo Wrestler Retsuden - Blizzard Yuki Rannyuu!! (Japan)|Strategy|F4D20413
Bokujou Monogatari (Japan)|Strategy|D10C3CFA
Bokujou Monogatari (Japan) (Rev 1)|Strategy|9485EC0F
Bounty Sword (Japan)|Strategy|F3DDF35F
Bounty Sword (Japan) (Beta)|Strategy|247680B9
Carrier Aces (Europe)|Strategy|4DA4A34F
Carrier Aces (Japan)|Strategy|89B31066
Carrier Aces (USA)|Strategy|8BC5B8DE
Chaos Seed - Fuusui Kairouki (Japan)|Strategy|76E01CCB
Civilization - Sekai Shichi Daibunmei (Japan)|Strategy|9D5CE088
Conveni Wars Barcode Battler Senki - Super Senshi Shutsugeki seyo! (Japan)|Strategy|115233DB
Dai-3-ji Super Robot Taisen (Japan)|Strategy|DFE9CC90
Dai-3-ji Super Robot Taisen (Japan) (Rev 1)|Strategy|8813029C
Dai-3-ji Super Robot Taisen (Japan) (Rev 2)|Strategy|C577D666
Dai-4-ji Super Robot Taisen (Japan)|Strategy|BE764D4C
Dai-4-ji Super Robot Taisen (Japan) (Rev 1)|Strategy|63883E1E
Daisenryaku Expert (Japan)|Strategy|164771B5
Daisenryaku Expert WWII - War in Europe (Japan)|Strategy|4CD45939
Dekitate High School (Japan)|Strategy|5A2B7DAC
Densetsu no Ogre Battle - The March of the Black Queen (Japan)|Strategy|65CD17E3
Densetsu no Ogre Battle - The March of the Black Queen (Japan) (NP)|Strategy|3E50C7C2
Dokuritsu Sensou - Liberty or Death (Japan)|Strategy|37AB70E5
Dragon's Earth (Japan)|Strategy|81BF8718
Earth Light (Japan)|Strategy|727F1593
Earth Light - Luna Strike (Japan)|Strategy|0EAFD03C
Energy Breaker (Japan)|Strategy|74D89D96
Europe Sensen (Japan)|Strategy|AE066C31
Farland Story (Japan)|Strategy|0ED3DCF2
Farland Story 2 (Japan)|Strategy|1CF58DE9
Feda - The Emblem of Justice (Japan)|Strategy|EDA70F8A
Feda - The Emblem of Justice (Japan) (Beta)|Strategy|086013CF
Fire Emblem - Monshou no Nazo (Japan)|Strategy|25D214F4
Fire Emblem - Monshou no Nazo (Japan) (Rev 1)|Strategy|A427B7E6
Fire Emblem - Seisen no Keifu (Japan)|Strategy|DC0D8CF9
Fire Emblem - Thracia 776 (Japan)|Strategy|FC519952
Fire Emblem - Thracia 776 (Japan) (NP)|Strategy|BC6162AE
Fire Emblem - Thracia 776 (Japan) (Rev 1) (NP)|Strategy|EAAA2C53
First Queen - Ornic Senki (Japan)|Strategy|BE3DE834
Front Mission (Japan)|Strategy|FE27E061
Front Mission (Japan) (Rev 1)|Strategy|50278B21
Galaxy Robo (Japan)|Strategy|BEE62812
Gamera - Gyaos Gekimetsu Sakusen (Japan)|Strategy|BDB4DD84
Gemfire (USA)|Strategy|EE801A54
Genghis Khan II - Clan of the Gray Wolf (USA)|Strategy|D7875512
Genjuu Ryodan (Japan) (NP)|Strategy|8D9BFFC8
Ginga Eiyuu Densetsu (Japan)|Strategy|2E480EEF
Ginga Sengoku Gunyuuden Rai (Japan)|Strategy|98F76260
Harvest Moon (Europe)|Strategy|D54E1452
Harvest Moon (Germany)|Strategy|3C1037C1
Harvest Moon (USA)|Strategy|F829129E
Havoc (USA) (Beta)|Strategy|E76979CE
Heian Fuuunden (Japan)|Strategy|4640D1A2
Houkago in Beppin Jogakuin (Japan)|Strategy|D3871866
Illvanian no Shiro (Japan)|Strategy|F568579F
Jutei Senki (Japan)|Strategy|1D151D45
Kidou Senshi Gundam - Cross Dimension 0079 (Japan)|Strategy|9AB3EB18
Kidou Senshi Gundam F91 - Formula Senki 0122 (Japan)|Strategy|CEAF5365
Kidou Senshi Z Gundam - Away to the Newtype (Japan)|Strategy|61ABD015
King Arthur's World (Europe)|Strategy|A0972C36
King Arthur's World (USA)|Strategy|99BD1FE1
King Arthur's World (USA) (Beta)|Strategy|CF00D401
Konpeki no Kantai (Japan)|Strategy|E57583EF
Kouryuuki (Japan)|Strategy|23D61C64
Koutetsu no Kishi (Japan)|Strategy|D66B9AE5
Koutetsu no Kishi 2 - Sabaku no Rommel Gundan (Japan)|Strategy|9D5EA7F5
Koutetsu no Kishi 3 - Gekitotsu Europe Sensen (Japan)|Strategy|D889DBDF
Langrisser, Der (Japan)|Strategy|7AEDD703
Langrisser, Der (Japan) (Rev 1)|Strategy|35F9EECC
Leading Company (Japan)|Strategy|A931C7C9
Liberty or Death (USA)|Strategy|75E362A6
Little Master - Nijiiro no Maseki (Japan)|Strategy|B916334C
Lord Monarch (Japan)|Strategy|41736E7E
Lord Monarch (Japan) (Rev 1) (NP)|Strategy|2B4ECC38
Lord of Darkness (USA)|Strategy|4D7B39CD
Majin Tensei (Japan)|Strategy|C1B5D46A
Majin Tensei (Japan) (Rev 1)|Strategy|9743E190
Majin Tensei (Japan) (Rev 2)|Strategy|5415B5E9
Majin Tensei II - Spiral Nemesis (Japan)|Strategy|31B2B1B4
Marmalade Boy (Japan)|Strategy|5299B3A6
Marmalade Boy (Japan) (Sample)|Strategy|A02C0E1E
Mega lo Mania (Europe) (En,Fr,De) (Beta)|Strategy|44A9DB5C
Mega lo Mania - Jikuu Daisenryaku (Japan)|Strategy|F23BC69E
Mega-Lo-Mania (Europe) (En,Fr,De)|Strategy|E8042EDF
Metal Marines (Europe)|Strategy|1979CF23
Metal Marines (USA)|Strategy|66787DF6
Mighty Morphin Power Rangers (Japan)|Strategy|812329C2
Mighty Morphin Power Rangers (USA)|Strategy|A56EB77A
Militia (Japan)|Strategy|96717F64
Mujintou Monogatari (Japan)|Strategy|0E984752
Nage Libre - Seijaku no Suishin (Japan)|Strategy|A98F24E1
Nobunaga no Yabou - Haouden (Japan)|Strategy|928504A7
Nobunaga no Yabou - Haouden (Japan) (Rev 1)|Strategy|7E91D654
Nobunaga no Yabou - Tenshouki (Japan)|Strategy|B190D1EA
Nobunaga's Ambition (USA)|Strategy|49DA3583
Oda Nobunaga - Haou no Gundan (Japan)|Strategy|F7D2FBC6
Ogre Battle - The March of the Black Queen (USA)|Strategy|ACFDB7B8
Operation Europe - Path to Victory 1939-45 (USA)|Strategy|F84C2BB6
P.T.O. - Pacific Theater of Operations (USA)|Strategy|E51BBAC8
P.T.O. II - Pacific Theater of Operations (USA)|Strategy|A614D268
Populous (Europe)|Strategy|FE88A713
Populous (Japan)|Strategy|191E1CE3
Populous (USA)|Strategy|2DF4AA0F
Populous II - Trials of the Olympian Gods (Europe)|Strategy|6C28CC39
Populous II - Trials of the Olympian Gods (Germany)|Strategy|C5DAE9B9
Populous II - Trials of the Olympian Gods (Japan)|Strategy|0A0235C0
Power Rangers (Europe)|Strategy|1DF7233C
Power of the Hired (Japan)|Strategy|CF276C80
PowerMonger (Europe)|Strategy|BC06F982
PowerMonger - Mashou no Bouryaku (Japan)|Strategy|3E14376B
Princess Maker - Legend of Another World (Japan)|Strategy|67187BC9
Rise of the Phoenix (USA)|Strategy|908B90B1
Romance of the Three Kingdoms II (USA)|Strategy|8033574A
Romance of the Three Kingdoms III - Dragon of Destiny (USA)|Strategy|523B0D02
Romance of the Three Kingdoms IV - Wall of Fire (USA)|Strategy|82AF5B69
Royal Conquest (Japan)|Strategy|F60E933E
SD Gundam G Next (Japan)|Strategy|845E420D
SD Gundam GX (Japan)|Strategy|4DC3D903
Sangokushi Eiketsuden (Japan)|Strategy|4C78D5EE
Sangokushi III (Hong Kong)|Strategy|30D3A7F4
Sangokushi III (Japan)|Strategy|C70F20BE
Sangokushi III (Japan) (Rev 1)|Strategy|B4C69EDA
Sangokushi IV (Japan)|Strategy|3A92DB1A
Sangokushi IV (Japan) (Rev 1)|Strategy|57674647
Sangokushi Seishi - Tenbu Spirits (Japan)|Strategy|D09762FB
Seijuu Maden Beasts & Blades (Japan)|Strategy|D0AEA27C
Sgt. Saunders' Combat! (Japan)|Strategy|DA5888C7
Shin SD Sengokuden - Daishougun Retsuden (Japan)|Strategy|EC2CCAF6
Shinchou Kouki (Japan)|Strategy|5E1B435A
Shuushoku Game (Japan)|Strategy|E006D06E
Sid Meier's Civilization (USA)|Strategy|41FDBA82
Sid Meier's Civilization (USA) (Beta)|Strategy|5855F7EA
SimAnt (Japan)|Strategy|34B99A85
SimAnt (USA) (Beta)|Strategy|9D5FEB20
SimAnt - The Electronic Ant Colony (USA)|Strategy|D08C05DF
SimCity (Europe)|Strategy|81D85180
SimCity (France)|Strategy|5D026339
SimCity (Germany)|Strategy|451E4708
SimCity (Japan)|Strategy|A39FD8D8
SimCity (USA)|Strategy|8AEDD3A1
SimCity 2000 (Japan)|Strategy|B0E89CC6
SimCity 2000 - The Ultimate City Simulator (Europe)|Strategy|A1C28940
SimCity 2000 - The Ultimate City Simulator (USA)|Strategy|2D5DC011
SimCity Jr. (Japan)|Strategy|03503A0B
SimEarth - The Living Planet (Japan)|Strategy|E4B45FA6
SimEarth - The Living Planet (Japan) (Rev 1)|Strategy|DF2C57AE
SimEarth - The Living Planet (USA)|Strategy|7FA5B218
Stealth (Japan)|Strategy|E0B197EF
Super Aoki Ookami to Shiroki Mejika - Genchou Hishi (Japan)|Strategy|D1DFF807
Super Battleship (Europe)|Strategy|9C365CAE
Super Battleship (USA)|Strategy|6FCEA1A1
Super Castles (Japan)|Strategy|FF1C41C1
Super Conflict (Europe)|Strategy|0A699604
Super Conflict (USA)|Strategy|F254D5CF
Super Famicom Wars (Japan) (NP)|Strategy|D6EACBEA
Super Gachapon World - SD Gundam X (Japan)|Strategy|8BFCB5A3
Super Nobunaga no Yabou - Bushou Fuuunroku (Japan)|Strategy|686F5A90
Super Nobunaga no Yabou - Bushou Fuuunroku (Japan) (Rev 1)|Strategy|E42CA25A
Super Nobunaga no Yabou - Zenkoku Ban (Japan)|Strategy|A644416F
Super Robot Taisen EX (Japan)|Strategy|239621A0
Super Robot Taisen Gaiden - Masou Kishin - The Lord of Elemental (Japan)|Strategy|EBADC924
Super Royal Blood (Japan)|Strategy|12340705
Super Sangokushi (Japan)|Strategy|B3788AD7
Super Sangokushi II (Japan)|Strategy|0EEA5DC1
Super Sangokushi II (Japan) (Rev 1)|Strategy|B8A87909
Syndicate (Europe) (En,Fr,De)|Strategy|FD851819
Syndicate (Europe) (En,Fr,De) (Beta)|Strategy|181CAE99
Syndicate (Japan)|Strategy|63C52DC4
Syndicate (USA)|Strategy|D74570D3
Tactics Ogre - Let Us Cling Together (Japan)|Strategy|DAF285A5
Tactics Ogre - Let Us Cling Together (Japan) (Rev 1)|Strategy|271E1D07
Tactics Ogre - Let Us Cling Together (Japan) (Rev 2)|Strategy|12F0A699
Tamagotch Town (Japan) (NP)|Strategy|2C877794
Teitoku no Ketsudan (Japan)|Strategy|AA507855
Teitoku no Ketsudan (Japan) (Rev 1)|Strategy|73AEDE7E
Teitoku no Ketsudan II (Japan)|Strategy|D71810E7
Teitoku no Ketsudan II (Japan) (Rev 1)|Strategy|DAFED69C
Tenchi Muyou! - Game Hen (Japan)|Strategy|69D9CAA9
Tenchi Muyou! - Game Hen (Japan) (Sample)|Strategy|F0E82B14
Tenchi o Kurau - Sangokushi Gunyuuden (Japan)|Strategy|4740C9E4
Theme Park (Europe) (En,Fr,De)|Strategy|CA0E041C
Theme Park (Japan)|Strategy|6797884A
Top Management II (Japan)|Strategy|F1270406
Utopia (Germany)|Strategy|C3A6CE79
Utopia (Japan)|Strategy|268C1181
Utopia - The Creation of a Nation (Europe)|Strategy|6F702486
Utopia - The Creation of a Nation (USA)|Strategy|252A96C7
Utopia - The Creation of a Nation (USA) (Beta)|Strategy|403DB46B
War 2410 (USA)|Strategy|AD2DC53A
War 3010 - The Revolution (USA)|Strategy|98C974BE
Worms (Europe)|Strategy|90D0FAC0
Yokoyama Mitsuteru Sangokushi (Japan)|Strategy|E386D2BE
Yokoyama Mitsuteru Sangokushi (Japan) (Rev 1)|Strategy|D7105424
Yokoyama Mitsuteru Sangokushi 2 (Japan)|Strategy|9932FA99
Zan II Spirits (Japan)|Strategy|39942E05
Zan III Spirits (Japan)|Strategy|9826771B
