3x3 Eyes - Juuma Houkan (Japan)|Action|AD4AD163
46 Okunen Monogatari - Harukanaru Eden e (Japan)|Action|B090235A
Accele Brid (Japan)|Action|4A736C38
Adventures of Batman & Robin, The (Europe)|Action|96B0C568
Adventures of Batman & Robin, The (USA)|Action|B3EF81F5
Adventures of the Rocketeer, The (Japan)|Action|CBC4868E
Air Cavalry (Europe)|Action|B3F57CC6
Air Cavalry (USA)|Action|6B452801
Alien vs Predator (Europe)|Action|A31D1F58
Alien vs Predator (USA)|Action|1803CF20
Aliens vs. Predator (Japan)|Action|2D5876FF
Amazing Spider-Man, The - Lethal Foes (Japan)|Action|82F7F710
American Battle Dome (Japan)|Action|61753981
Arkanoid - Doh It Again (Europe)|Action|D436489B
Arkanoid - Doh It Again (Japan)|Action|7A8BBAFA
Arkanoid - Doh It Again (USA)|Action|B50503A0
Bakutou Dochers - Bumps-jima wa Oosawagi (Japan)|Action|94BFCC92
Batman (USA) (Proto) [b]|Action|9BAE4220
Batman Forever (Europe)|Action|6288D8ED
Batman Forever (Japan)|Action|903348F5
Batman Forever (USA)|Action|D9B5E9CF
Batman Returns (Europe)|Action|42F98E71
Batman Returns (Japan)|Action|5BED3661
Batman Returns (Japan) (Sample)|Action|9CE7D5BA
Batman Returns (USA)|Action|E87DFDF6
Battle Cars (USA)|Action|46043454
Battle Pinball (Japan)|Action|54901522
Battle Zeque Den (Japan)|Action|8CAC063C
Battletoads in Battlemaniacs (Europe)|Action|BBF1CF8D
Battletoads in Battlemaniacs (Japan)|Action|48F15B03
Battletoads in Battlemaniacs (USA)|Action|617AC925
Battletoads in Battlemaniacs (USA) (Beta)|Action|1783E3A2
Battletoads-Double Dragon (Europe)|Action|043F3773
Battletoads-Double Dragon (USA)|Action|8B18AC01
Bebe's Kids (USA)|Action|BDA2E412
Big Sky Trooper (Europe)|Action|1B565BE7
Big Sky Trooper (USA)|Action|25C69316
Big Sky Trooper (USA) (Beta)|Action|7955EBFE
Bishin Densetsu Zoku (Japan)|Action|F02DCB37
Bishoujo Senshi Sailor Moon (Japan)|Action|A56323C1
Bishoujo Senshi Sailor Moon R (Japan)|Action|4AEE5ABB
Block Kuzushi (Japan)|Action|5CCE2E55
Brawl Brothers (USA)|Action|E822065C
Brawl Brothers - Rival Turf! 2 (Europe)|Action|410CEE18
CB Chara Wars - Ushinawareta Gag (Japan)|Action|85AC87D5
Cacoma Knight (Japan)|Action|6B3B7B52
Cacoma Knight in Bizyland (USA)|Action|BA921443
Cannon Fodder (Europe)|Action|F3B5CBB1
Captain America and the Avengers (Europe)|Action|ACB31F2A
Captain America and the Avengers (USA)|Action|456AB5C8
Captain Commando (Europe)|Action|5B9AA73A
Captain Commando (Japan)|Action|E5423EB6
Captain Commando (USA)|Action|81DB73C7
Chibi Maruko-chan - Mezase! Minami no Island!! (Japan)|Action|F4DEFCAE
Chibi Maruko-chan - Mezase! Minami no Island!! (Japan) (Sample)|Action|178D0201
Chou Gojira - Super Godzilla (Japan)|Action|56D63328
Chou Gojira - Super Godzilla (Japan) (Rev 1)|Action|47EC317E
Cliffhanger (Europe)|Action|A9E67214
Cliffhanger (USA)|Action|12F8A26C
Combatribes, The (Japan)|Action|5E2C24F6
Combatribes, The (USA)|Action|9304044A
Congo - The Movie - Secret of Zinj (USA) (Proto)|Action|2A075F4B
Cool World (Spain)|Action|BC2E1304
Cool World (USA)|Action|0730C37C
Corn Buster (Europe) (Proto)|Action|B5FBAD04
Coron Land (Japan)|Action|236932E0
Cosmo Police Galivan II - Arrow of Justice (Japan)|Action|582EED3D
Cutthroat Island (Europe)|Action|B5799F9C
Cutthroat Island (USA)|Action|19EA457B
Deae Tonosama - Appare Ichiban (Japan)|Action|6E42D71B
Death and Return of Superman, The (Europe)|Action|65792D05
Death and Return of Superman, The (USA)|Action|A567957C
Death and Return of Superman, The (USA) (Rev 1)|Action|012EF33D
Desert Strike - Return to the Gulf (Europe)|Action|8EED024A
Desert Strike - Return to the Gulf (USA)|Action|4CE26787
Desert Strike - Wangan Sakusen (Japan)|Action|FCDF43CA
Doom Troopers - Mutant Chronicles (USA)|Action|1889FEEF
Doraemon - Nobita to Yousei no Kuni (Japan)|Action|51BC2909
Doraemon - Nobita to Yousei no Kuni (Japan) (Rev 1)|Action|55E44983
Doraemon 2 - Nobita no Toys Land Daibouken (Japan)|Action|D343B398
Doraemon 3 - Nobita to Toki no Hougyoku (Japan)|Action|560C5EAB
Doraemon 4 - Nobita to Tsuki no Oukoku (Japan)|Action|4097BC01
Dream T.V. (USA)|Action|AB5A9E40
Dream TV (USA) (Beta 1)|Action|C62F138E
Dream TV (USA) (Beta 2)|Action|78AEA085
E.V.O. - Search for Eden (USA)|Action|DD49911E
Edono Kiba (Japan)|Action|EEC5A5B1
Esparks - Ijikuu kara no Raihousha (Japan)|Action|634344A0
Final Fight (Europe)|Action|A4437629
Final Fight (Japan)|Action|A425A202
Final Fight (USA)|Action|4CAB21DB
Final Fight 2 (Europe)|Action|7B94CA96
Final Fight 2 (Japan)|Action|F41E1A5A
Final Fight 2 (USA)|Action|8C37FF55
Final Fight 3 (Europe)|Action|AA58A166
Final Fight 3 (USA)|Action|A916E708
Final Fight 3 (USA) (Beta)|Action|FB764D87
Final Fight Guy (Japan)|Action|DE144411
Final Fight Guy (USA)|Action|BC1AE3C2
Final Fight Tough (Japan)|Action|0E3EE9B3
Fire Fighting (Japan)|Action|554FC152
FireStriker (USA)|Action|E500C7BA
FireStriker (USA) (Beta)|Action|BBBBABB6
Frantic Flea (Europe)|Action|CE5C3AF9
Frantic Flea (Europe) (Beta)|Action|4DA05714
Frantic Flea (USA)|Action|FFA8D1FF
Frogger (USA)|Action|2488B8F2
Ganbare Goemon 3 - Shishi Juurokubee no Karakuri Manjigatame (Japan)|Action|7E5929E8
Ganbare Goemon 3 - Shishi Juurokubee no Karakuri Manjigatame (Japan) (Rev 2)|Action|AF984BC1
Ganbare Goemon 3 - Shishi Juurokubee no Karakuri Manjigatame (Japan) (Sample)|Action|9A1AEA39
Gangan Gan-chan (Japan)|Action|A220C6D5
Gegege no Kitarou - Fukkatsu! Tenma Daiou (Japan)|Action|E51FB6F8
Gekitotsu Dangan Jidousha Kessen - Battle Mobile (Japan)|Action|3E88E883
Genocide 2 (Japan)|Action|DE40AA12
Genocide 2 (Japan) (Beta)|Action|F8876331
Gerry Anderson's Thunderbirds - Kokusai Kyuujotai Shutsudou Seyo!! (Japan)|Action|623F2197
Ghost Chaser Densei (Japan)|Action|DFD6385D
Ghoul Patrol (Europe)|Action|2C6CEFE7
Ghoul Patrol (Japan)|Action|5519AF34
Ghoul Patrol (USA)|Action|EA16B5A2
Gon (Japan)|Action|426881A3
Goof Troop (Europe)|Action|61E8F56A
Goof Troop (France)|Action|4FE6077A
Goof Troop (Germany)|Action|AA69EF05
Goof Troop (USA)|Action|4AAFA462
Goofy to Max - Kaizoku-jima no Daibouken (Japan)|Action|D3279AAC
Gourmet Sentai Barayarou (Japan)|Action|9F717D76
Great Battle Gaiden 2, The - Matsuri da Wasshoi (Japan)|Action|83806E38
Great Battle II, The - Last Fighter Twin (Japan)|Action|8254A32E
Great Battle III, The (Japan)|Action|B311DF48
Great Battle IV, The (Japan)|Action|FB165A32
Great Battle IV, The (Japan) (Sample)|Action|615C4AA7
Great Battle V, The (Japan)|Action|BF3C9314
Holy Striker (Japan)|Action|46ACFC84
Home Alone (Europe)|Action|3EEEA766
Home Alone (Japan)|Action|6278BCA1
Home Alone (USA)|Action|07C494B1
Hyper Iria (Japan)|Action|AE7F2B0D
Hyper Iria (Japan) (Sample)|Action|DC48EBC3
Ignition Factor, The (USA)|Action|EE441564
Iron Commando (Europe) (Proto)|Action|D967299D
Iron Commando - Koutetsu no Senshi (Japan)|Action|828B5F07
Jim Lee's WildC.A.T.S - Covert-Action-Teams (USA)|Action|10C6F5AD
Kidou Senshi V Gundam (Japan)|Action|6797D8DC
Kikou Keisatsu Metal Jack (Japan)|Action|5577DE70
King Arthur & The Knights of Justice (USA)|Action|615A183B
King of Dragons (Europe)|Action|78F0820B
King of Dragons (USA)|Action|DD505DF7
King of Dragons, The (Japan)|Action|68B09B12
King of the Monsters 2 (USA)|Action|0B677A37
King of the Monsters 2 - The Next Thing (Japan)|Action|B41AECCC
Kingyo Chuuihou! - Tobidase! Game Gakuen (Japan)|Action|C819109C
Kishin Douji Zenki - Battle Raiden (Japan)|Action|0BECFC92
Kishin Douji Zenki - Denei Raibu (Japan)|Action|068CC21B
Knights of the Round (Europe)|Action|9B40082D
Knights of the Round (Japan)|Action|F27C9C29
Knights of the Round (USA)|Action|AAA82126
Kouryuu no Mimi (Japan)|Action|89276C88
Last Action Hero (Europe)|Action|91633D95
Last Action Hero (USA)|Action|88017DF9
Lawnmower Man, The (Europe)|Action|1A97C479
Lawnmower Man, The (USA)|Action|2736B607
Lawnmower Man, The (USA) (Beta)|Action|750F8068
Legend (Europe)|Action|0CAC572F
Legend (USA)|Action|0A6DD870
Legend (USA) (Beta)|Action|42E3774E
Libble Rabble (Japan)|Action|6160829B
Lobo (USA) (Proto)|Action|890DC31C
Lupin Sansei - Densetsu no Hihou o Oe! (Japan)|Action|74ADC6E2
Majuu Ou (Japan)|Action|4737370B
Melfand Stories (Japan)|Action|0928FC15
Metal Jack (USA) (Proto)|Action|BF5A26FB
Metal Morph (USA)|Action|0ADAA9DA
Metal Warriors (USA)|Action|F2AB92D4
Mickey no Tokyo Disneyland Daibouken (Japan)|Action|E235F0C6
Mickey's Ultimate Challenge (USA)|Action|D6C60A84
Mighty Morphin Power Rangers - The Movie (Europe)|Action|E722E2A7
Mighty Morphin Power Rangers - The Movie (USA)|Action|E3EF6201
Miracle Girls (Japan)|Action|AB82EBBE
Mr. Do! (Europe)|Action|CCEBB6E8
Mr. Do! (Japan)|Action|3847CF64
Mr. Do! (USA)|Action|1C1025E2
Ms. Pac-Man (Europe)|Action|37C89424
Ms. Pac-Man (USA)|Action|74D210D3
Nangoku Shounen Papuwa-kun (Japan)|Action|8BDA9255
Naxat Super Pinball - Jaki Crush (Japan)|Action|F696D5A9
New Yatterman - Nandai Kandai Yajirobee (Japan)|Action|FACC2423
Nichibutsu Arcade Classics 2 - Heiankyou Alien (Japan)|Action|65717023
Nickelodeon GUTS (USA)|Action|233FEC8C
Ninjawarriors (USA)|Action|7537D8D7
Ninjawarriors - The New Generation (Europe)|Action|733764D7
Ninjawarriors Again, The (Japan)|Action|3BC037B6
Nintama Rantarou (Japan)|Action|359F02AF
Nintama Rantarou 2 (Japan)|Action|78A066F1
Nintama Rantarou 3 (Japan)|Action|9ED8F6B3
Nintama Rantarou Special (Japan)|Action|70A6029A
No Escape (USA)|Action|C1082880
Oraga Land Shusai - Best Farmer Shuukakusai (Japan)|Action|32A4612F
Oraga Land Shusai - Best Farmer Shuukakusai (Japan) (Sample)|Action|27CED447
Outlander (Europe)|Action|5822A4E1
Outlander (USA)|Action|A978B36F
Panic in Nakayoshi World (Japan)|Action|7AC3C0C6
Paperboy 2 (Europe)|Action|282611CD
Paperboy 2 (USA)|Action|C85AA66A
Peace Keepers, The (USA)|Action|8071E5DB
Pinball Dreams (Europe)|Action|4C922F36
Pinball Dreams (Europe) (Beta)|Action|C8CCA577
Pinball Dreams (USA)|Action|81107CE2
Pinball Fantasies (Europe)|Action|2A8F0E3B
Pinball Fantasies (USA)|Action|822AD378
Pinball Pinball (Japan)|Action|9BF79A7D
Pirates of Dark Water, The (Europe)|Action|4C4782B5
Pirates of Dark Water, The (USA)|Action|7CA0CA4D
Pirates of Dark Water, The (USA) (Beta)|Action|2BB26C4A
Prime (USA) (Proto)|Action|62ABCC5C
Push-Over (Europe) (En,Fr,De,Es)|Action|6A4347FF
Push-Over (USA)|Action|FA06D5F5
Push-Over (USA) (En,Fr,De,Es) (Beta)|Action|C34465A3
Q-bert 3 (Japan)|Action|EA3BC44E
Q-bert 3 (USA)|Action|694CBFE4
Rampart (USA)|Action|AED8892A
Ren & Stimpy Show, The - Buckeroo$! (USA)|Action|672EBF39
Ren & Stimpy Show, The - Fire Dogs (USA)|Action|0B472197
Ren & Stimpy Show, The - Time Warp (Europe)|Action|5CBF87B5
Ren & Stimpy Show, The - Time Warp (USA)|Action|DE8FE3E8
Return of Double Dragon (Japan)|Action|10470B58
Rival Turf (Europe)|Action|E8A6B3D1
Rival Turf! (USA)|Action|CA988F59
Rocketeer, The (USA)|Action|4C68A3C7
Rushing Beat (Japan)|Action|A6F0693D
Rushing Beat Ran - Fukusei Toshi (Japan)|Action|8F35EBE0
Rushing Beat Shura (Japan)|Action|0A2E4C2F
SD Kidou Senshi Gundam 2 (Japan)|Action|3DDC7489
SD The Great Battle - Aratanaru Chousen (Japan)|Action|38726EC1
SOS (USA)|Action|09AE53F5
Sailormoon (France)|Action|CD89020D
SeaQuest DSV (Europe)|Action|DCA75893
SeaQuest DSV (USA)|Action|A6579E03
Sengoku Denshou (Japan)|Action|C9D97B3E
Sengoku no Hasha - Tenkafubu e no Michi (Japan)|Action|4B955941
Septentrion (Japan)|Action|6D8D580D
Shadow, The (USA) (Proto 1)|Action|13380511
Shadow, The (USA) (Proto 2)|Action|36894CC3
Shien - The Blade Chaser (Japan)|Action|17DB8D06
Shien's Revenge (USA)|Action|5BB2E6C3
Shien's Revenge (USA) (Beta)|Action|C56D245F
Shin Nekketsu Kouha - Kunio-tachi no Banka (Japan)|Action|31BE696C
Shounen Ashibe - Goma-chan no Yuuenchi Daibouken (Japan)|Action|D01AB6A8
Shounen Ninja Sasuke (Japan)|Action|C2D10E95
Shounen Ninja Sasuke (Japan) (Sample)|Action|B8A87C29
Silva Saga II - The Legend of Light and Darkness (Japan)|Action|67E1756B
Simpsons, The - Bart no Fushigi na Yume no Daibouken (Japan)|Action|6598790A
Simpsons, The - Bart's Nightmare (Europe)|Action|87328A40
Simpsons, The - Bart's Nightmare (USA)|Action|ED1C03C2
Snoopy Concert (Japan)|Action|3836A202
Sonic Blast Man (Europe)|Action|5441F25B
Sonic Blast Man (Japan)|Action|BE523800
Sonic Blast Man (USA)|Action|8886396E
Sonic Blast Man II (Japan)|Action|E7DF3216
Sonic Blast Man II (USA)|Action|24229A34
Soukou Kihei Votoms - The Battling Road (Japan)|Action|C00F0BC9
Space Ace (Europe)|Action|CE74EC97
Space Ace (Japan)|Action|62904E35
Space Ace (USA)|Action|F4BB0888
Space Ace (USA) (Beta)|Action|B5A55546
Spark World (Japan)|Action|4CC4F40C
Spectre (Europe)|Action|00C029C0
Spectre (USA)|Action|25DC31B1
Spider-Man - Venom - Maximum Carnage (Europe)|Action|D2B0D5FE
Spider-Man - Venom - Maximum Carnage (USA)|Action|7EF2BB0C
Spindizzy Worlds (Europe)|Action|4FFDC221
Spindizzy Worlds (Japan)|Action|8F5B2404
Spindizzy Worlds (USA)|Action|52B68163
Steel Talons (USA)|Action|4EA9F93F
Steven Seagal Is The Final Option (USA) (Proto)|Action|59E83AAF
Stone Protectors (Japan)|Action|FF47C49E
Stone Protectors (USA)|Action|A7E58592
Sufami Turbo (Japan)|Action|9B4CA911
Super Double Dragon (Europe)|Action|B3F6009B
Super Double Dragon (Europe) (Beta)|Action|1064E0E0
Super Double Dragon (USA)|Action|09ED12A5
Super Godzilla (USA)|Action|6A187C70
Super Ninja-kun (Japan)|Action|0A94FCCA
Super Pinball - Behind the Mask (Europe)|Action|3BCB5D70
Super Pinball - Behind the Mask (Japan)|Action|4F92F83C
Super Pinball - Behind the Mask (Japan) (Beta)|Action|352EEB38
Super Pinball - Behind the Mask (USA)|Action|A183192E
Super Pinball - Behind the Mask (USA) (Rev 1)|Action|008463A0
Super Pinball II - The Amazing Odyssey (Japan)|Action|B5117ECF
Super Tekkyuu Fight! (Japan)|Action|5BE4A7E3
Super Wagyan Land (Japan)|Action|612B9B65
Super Wagyan Land 2 (Japan)|Action|D5063AE0
Teenage Mutant Hero Turtles IV - Turtles in Time (Europe)|Action|B0A3441E
Teenage Mutant Ninja Turtles - Turtles in Time (Japan)|Action|BDBA1B55
Teenage Mutant Ninja Turtles IV - Turtles in Time (Australia)|Action|B28F1B9D
Teenage Mutant Ninja Turtles IV - Turtles in Time (USA)|Action|5940BD99
Teenage Mutant Ninja Turtles IV - Turtles in Time (USA) (Beta 1)|Action|0598C5F4
Teenage Mutant Ninja Turtles IV - Turtles in Time (USA) (Beta 2)|Action|A9FB97E9
Terminator 2 - Judgment Day (Europe)|Action|6EE8F433
Terminator 2 - Judgment Day (Europe) (Beta)|Action|AC933465
Terminator 2 - Judgment Day (USA)|Action|F729B19E
Tick, The (USA)|Action|12AB22A7
Time Slip (Europe)|Action|ADAC8EFF
Time Slip (Europe) (Beta)|Action|DE12F893
Time Slip (USA)|Action|838D0304
Timecop (Europe)|Action|BC0C9B71
Timecop (Japan)|Action|4D56B5C3
Timecop (USA)|Action|130B0933
Todd McFarlane's Spawn - The Video Game (Europe)|Action|0CA0B84F
Todd McFarlane's Spawn - The Video Game (Japan) (En) (Putative Proto)|Action|5C104DBF
Todd McFarlane's Spawn - The Video Game (USA)|Action|4E1DAFD0
Toys - Let the Toy Wars begin! (Europe)|Action|2A8A0B71
Toys - Let the Toy Wars begin! (USA)|Action|EFEBF501
Troddlers (Europe)|Action|DBA677EB
Troddlers (Europe) (Beta)|Action|5A80C4CB
Troddlers (USA)|Action|6A7FF02D
True Lies (Europe)|Action|D7099BC2
True Lies (Germany)|Action|CA7342CD
True Lies (Japan)|Action|6150D3F9
True Lies (USA)|Action|40CA49AE
True Lies (USA) (Beta)|Action|6BB6A72F
U.F.O. Kamen Yakisoban - Kettler no Kuroi Inbou (Japan)|Action|272DFC4B
U.F.O. Kamen Yakisoban - Kettler no Kuroi Inbou (Japan) (Keihin Ban)|Action|DA73211F
Undercover Cops (Japan)|Action|B574C939
Untouchables, The (USA)|Action|C70F2374
Urban Strike (Europe)|Action|DE6E4FA7
Urban Strike (USA)|Action|B9BF7990
Ushio to Tora (Japan)|Action|6EB78AE8
Venom - Spider-Man - Separation Anxiety (Europe)|Action|CD274974
Venom - Spider-Man - Separation Anxiety (USA)|Action|919C509D
Virtual Bart (Europe)|Action|7801AD97
Virtual Bart (Japan)|Action|B5A561BB
Virtual Bart (USA)|Action|5D0ADDDA
Virtual Bart (USA) (Beta)|Action|14ECC04E
Virtual Wars (Japan)|Action|FF3A1DFE
Wagyan Paradise (Japan)|Action|C06E6621
Warlock (Europe)|Action|D90530AC
Warlock (Japan)|Action|DCADBD80
Warlock (USA)|Action|A47884D0
Warlock (USA) (Beta 1)|Action|EC9450D1
Warlock (USA) (Beta 2)|Action|AF7C1A95
WarpSpeed (Europe)|Action|6E7F189F
WarpSpeed (USA)|Action|1E10A1D1
Waterworld (Europe)|Action|7ACF2AC6
Wolverine (Japan)|Action|D9119D9B
Wolverine - Adamantium Rage (Europe)|Action|78FC0D86
Wolverine - Adamantium Rage (USA)|Action|4E62D6BF
Wolverine - Adamantium Rage (USA) (Beta 1)|Action|7AC71F65
Wolverine - Adamantium Rage (USA) (Beta 2)|Action|98455315
Yam Yam (Japan)|Action|4620C386
Yu Yu Hakusho (Japan)|Action|EC96D517
Yu Yu Hakusho - Tokubetsu Hen (Japan)|Action|535CCCAC
Zombies (Europe)|Action|FABFF8BD
Zombies (Europe) (Beta)|Action|399669F2
Zombies Ate My Neighbors (USA)|Action|7CFC0C7C
