Beavis and Butt-Head (Europe)|Adventure|C7B6435E
Beavis and Butt-Head (USA)|Adventure|F5D7B948
Beavis and Butt-Head (USA) (Beta)|Adventure|81ED5335
Cosmic Spacehead (USA, Europe) (En,Fr,De,Es)|Adventure|C593D31C
Fantastic Dizzy (USA, Europe) (En,Fr,De,Es,It)|Adventure|46447E7A
Fushigi no Umi no Nadia (Japan)|Adventure|4762062A
Immortal, The (USA, Europe)|Adventure|F653C508
It Came from the Desert (USA) (Proto)|Adventure|25AFB4F7
Jurassic Park (Europe)|Adventure|448341F6
Jurassic Park (Japan)|Adventure|EC8E5783
Jurassic Park (USA)|Adventure|7B31DEEF
Jurassic Park (USA) (Beta)|Adventure|CF890EED
Kidou Keisatsu Patlabor - 98-Shiki Kidou Seyo! (Japan)|Adventure|21A0E749
Pirates! Gold (USA)|Adventure|ED50E75C
Pirates! Gold (USA) (Beta)|Adventure|0A525641
Psy-O-Blade (Japan)|Adventure|8BA7E6C5
Scooby-Doo Mystery (USA)|Adventure|7BB9DD9B
Spider-Man (USA) (Acclaim) (Beta)|Adventure|B88A710D
Spider-Man (USA) (Acclaim) (Beta) (Earlier)|Adventure|83E1FE76
Spider-Man (USA, Europe) (Acclaim)|Adventure|11B5B590
Spider-Man (World) (Sega)|Adventure|70AB775F
Star Cruiser (Japan)|Adventure|2B75B52F
Star Trek - Deep Space Nine - Crossroads of Time (Europe)|Adventure|D4B122F9
Star Trek - Deep Space Nine - Crossroads of Time (USA)|Adventure|A771E1A4
Star Trek - The Next Generation - Echoes from the Past (USA)|Adventure|272153FB
Star Trek - The Next Generation - Echoes from the Past (USA) (v1.1)|Adventure|EF840EF2
Wizard of the Immortal (Japan)|Adventure|C99FAD92
